interaction_id,timestamp,query_type,handled_by,response_time_min,resolution_status,customer_sentiment,customer_satisfaction,interaction_cost_usd,customer_id,region,device_type,follow_up_required
ba69ef7b-9af5-41b0-9212-03d490ff492a,2024-04-20,Billing Question,Human Agent,6.24,Resolved,0.53,5,6.17,ce423304-e41b-4dcf-a2f4-cd15c37dee96,Kansas,Desktop,False
551ccbb2-d357-4cfd-93b5-d477a94f5d47,2024-04-29,Password Reset,AI Chatbot,1.68,Resolved,0.49,4,3.54,7cb73353-e50f-4e2c-8028-ff754b2bd990,Michigan,Desktop,False
58be735e-fb23-4f5f-86ca-97de5e7d54cd,2024-05-12,Technical Support,AI Chatbot,1.49,Resolved,0.47,4,3.6,f957576f-2bfd-422f-b8aa-23d61cfa5842,Indiana,Mobile,False
07fc08ca-dda6-4ea4-857b-cf86c2958860,2024-05-24,Billing Question,AI Chatbot,0.94,Resolved,-0.06,4,2.97,03fce315-ab4d-44f2-a6f7-81ec9a17d582,Connecticut,Tablet,True
2f51355f-4891-4ba8-874b-d637deb78e80,2024-05-01,Shipping Inquiry,Human Agent,5.29,Pending,0.09,2,5.63,56e5f1d5-5e5f-48ba-8f57-60a02735ab41,Massachusetts,Mobile,False
4ac07173-8a8c-48d2-afef-96f0896dd466,2024-01-17,Product Information,Human Agent,10.79,Resolved,-0.04,3,5.38,2e66d0cf-03e5-43ba-a22f-937b834ba027,New Hampshire,Mobile,False
b7e644e2-d7df-467b-b596-0581b03d83ae,2024-02-10,Shipping Inquiry,Human Agent,5.62,Resolved,0.43,3,8.72,03a37890-0354-4979-adb4-1856c41b8d9b,California,Mobile,False
4294be6e-aa90-4aeb-b760-bda8c019e734,2024-01-18,Technical Support,AI Chatbot,0.2,Resolved,0.29,5,3.83,0c82b197-9968-48e4-82d0-8951ea8590eb,Montana,Desktop,True
f61d1f78-e37a-4047-898b-c185fe0808ea,2024-06-06,Product Information,AI Chatbot,0.34,Resolved,0.56,5,3.2,3bcdbb58-9ce2-4078-bfad-78f0d64aa416,Georgia,Desktop,False
a09014b9-27f1-44b1-9325-d2661e1ef931,2024-05-07,Billing Question,AI Chatbot,1.61,Pending,0.47,3,-0.69,d720ba81-564c-4833-9e84-5bb00ed992ee,Wyoming,Desktop,False
aa48d4f9-649e-4638-9a86-4adbf01b5dbc,2024-05-07,Billing Question,AI Chatbot,1.0,Resolved,-0.04,3,1.32,e5ffe588-64ba-4b06-bf9a-5c08d9fa0960,Texas,Mobile,False
b218ab10-42f9-41d2-88e5-10b6109343d0,2024-05-27,Billing Question,AI Chatbot,1.54,Resolved,-0.24,4,1.91,ee0fea4c-950c-4572-9e17-589c0a12e34e,Maryland,Mobile,True
dd200fbd-36af-405b-86c8-2d6ce8073573,2024-01-02,Account Update,AI Chatbot,1.17,Resolved,0.62,4,3.83,582c0747-7c92-4ac0-883c-a9babaa5b530,Michigan,Desktop,True
c5f20ac2-3580-485c-82b1-5bb9a72772de,2024-05-27,Technical Support,AI Chatbot,1.34,Escalated,0.01,4,0.09,14919beb-53c8-40ad-b0af-649ba88d408e,Kansas,Tablet,False
8cb90589-b7ed-4db5-9e6a-aff27a525e51,2024-01-22,Product Information,Human Agent,11.46,Resolved,-0.04,3,4.95,380836da-36f0-468e-8581-4bef6ab59dd9,Nebraska,Mobile,False
a80dd974-408a-4c26-87ba-98ee1334e480,2024-05-04,Shipping Inquiry,Human Agent,9.15,Resolved,0.49,3,8.09,7784e2e9-2a2c-4a11-b197-fcf896b7b85c,New Jersey,Tablet,True
a90318e1-df60-4196-bd64-2bfdd776272a,2024-04-16,Account Update,AI Chatbot,1.79,Resolved,0.46,5,1.83,e61b2316-df81-4ce4-892c-ad654e8e1b2d,Hawaii,Mobile,True
6125d480-feec-46d3-9b2d-5962d34d084a,2024-02-10,Account Update,Human Agent,4.39,Resolved,0.31,3,8.18,fca45799-c923-4ec8-a28d-0025a1a6e799,Alaska,Mobile,True
fad724a2-aa82-4c05-9b3b-1d81351b5e23,2024-02-13,Account Update,AI Chatbot,0.67,Resolved,0.19,3,4.21,b91a66cd-c38e-4f2f-8bb7-ce5bdaa56cab,Illinois,Mobile,False
891fc178-4596-40ec-b125-95018e439f12,2024-03-16,Billing Question,AI Chatbot,1.4,Resolved,0.26,5,4.88,e0c99139-5aca-4a5e-ad30-eea3610b551a,Tennessee,Desktop,False
083876de-10de-4ca1-8336-e057dbbc02bf,2024-03-15,Billing Question,Human Agent,3.53,Resolved,0.84,5,6.25,ba41ceb4-0cff-46a3-b099-7975be5e1c6b,Montana,Mobile,False
c7268332-913c-4ea8-89bc-0bd66a7c363a,2024-04-05,Password Reset,Human Agent,0.5,Resolved,0.19,3,7.7,2773b739-7a6e-4eca-8761-a2be80fea543,Nebraska,Desktop,False
55516c0c-d314-4ba1-82eb-6bfcd9fe0c69,2024-01-02,Product Information,AI Chatbot,1.23,Escalated,0.31,3,2.58,50fb482d-1e0a-487a-96d4-7ee088486419,Maryland,Mobile,True
cc1aeff5-4261-45ee-b06a-1056e8223fd2,2024-06-23,Account Update,AI Chatbot,0.71,Resolved,0.35,3,2.87,d7bea177-41b9-4151-8ef0-11324837d4be,South Dakota,Tablet,True
a00b20ad-8005-4eb8-a705-8339d12ed815,2024-02-09,Billing Question,Human Agent,8.33,Resolved,0.41,5,7.4,ea8149c4-f9b3-4312-ac4b-8bc922682023,Alabama,Desktop,True
648e9e03-a4ec-4cd6-a0a0-5fd384551407,2024-03-03,Account Update,AI Chatbot,0.34,Resolved,-0.01,5,1.44,0f947fdb-4926-4ad0-a9bd-3ca04da4d7ee,Indiana,Tablet,False
ad35cc9c-3975-4432-9730-f8306ca75ed2,2024-01-21,Password Reset,Human Agent,5.07,Resolved,0.58,4,6.98,07033e67-cd51-47c4-a727-c001dd878df7,Pennsylvania,Mobile,False
92fab165-d8c4-4d60-a8a3-7c080e3d0b26,2024-04-28,Product Information,AI Chatbot,2.88,Pending,0.24,2,4.32,d7798767-a1ee-44cd-88c4-e89dfdab20da,Wisconsin,Tablet,True
4e4c533c-283b-48da-9b6b-03b902ca7450,2024-02-25,Billing Question,AI Chatbot,2.15,Resolved,0.27,3,2.21,c181c421-805e-47b5-87b6-bc6fcf66780c,Alabama,Desktop,False
92f98aef-5d2c-467d-b3aa-74cbe60e146a,2024-01-20,Account Update,AI Chatbot,1.19,Resolved,0.13,3,2.0,1c922ac0-f1b3-402c-8e98-bae6c285e0c9,South Carolina,Desktop,False
5163fa3c-5988-485d-8ee6-13de9578a8d0,2024-02-27,Shipping Inquiry,Human Agent,4.26,Resolved,0.61,3,5.67,6b21080b-d255-433d-a1db-b9ce5f4444b1,Florida,Mobile,False
3c07e6e8-5d41-4969-ad63-8699995fe50a,2024-05-24,Account Update,Human Agent,9.12,Resolved,0.27,4,3.5,0173f91f-fe17-423f-9593-abf3c5443739,Utah,Desktop,False
97bc1cac-b51f-45fa-9689-c841014ed235,2024-05-02,Password Reset,Human Agent,4.82,Resolved,0.41,3,7.09,658cbe94-69cb-4794-8078-e64abeae2038,Nebraska,Tablet,False
5403c90f-e96f-4cd0-9410-acbb9448d169,2024-03-25,Shipping Inquiry,AI Chatbot,2.1,Resolved,0.26,2,2.64,b9e9c9c8-aab0-431f-b92b-504ee932760f,Colorado,Desktop,False
dae5cb2c-8742-42b2-90f4-bb0d2c3e22ea,2024-06-03,Product Information,AI Chatbot,1.7,Resolved,0.1,4,4.42,5f8645de-3bfa-4b7f-9f8a-1d4b0f468262,New Jersey,Tablet,False
16bace4c-856e-4b0d-ad97-8a200459aed0,2024-03-10,Technical Support,Human Agent,7.81,Resolved,0.6,4,5.54,d2502809-dbd1-45d1-b8cd-be6dc67ea97c,Pennsylvania,Mobile,False
5341a159-3931-40e7-bbae-015699211331,2024-01-23,Password Reset,AI Chatbot,1.54,Pending,0.14,3,1.15,7beb726e-73c6-47ac-aaa6-9ee66ac8731b,Colorado,Desktop,False
06eefab3-fc71-4fa6-9637-f55831e93d37,2024-05-24,Product Information,AI Chatbot,1.76,Resolved,0.41,4,4.7,761dac9a-6297-4c62-b4f0-81745d9333c2,Tennessee,Mobile,False
b03b814a-5241-402d-8209-459cf4d8472b,2024-06-09,Billing Question,AI Chatbot,3.71,Escalated,0.45,2,1.87,e8fd7347-8ae7-46ab-b5e7-3ff665aed215,Montana,Desktop,False
049f7ed9-2fb6-46db-8f2c-582744994a99,2024-03-07,Account Update,AI Chatbot,0.55,Resolved,0.75,4,2.12,152dd5b9-00d2-4ff5-85c8-741a5b8a19d9,Tennessee,Mobile,False
6808119c-2520-483f-9c8d-eab33b2a8f9d,2024-03-13,Product Information,AI Chatbot,0.87,Resolved,0.11,5,2.62,1bf2b553-1b72-4979-b671-7cc37f0e4072,Wyoming,Desktop,False
8d565ab6-0966-4bae-ade6-a68ce4eb90a2,2024-01-06,Shipping Inquiry,AI Chatbot,1.71,Resolved,0.28,4,3.78,084ccb2d-af52-4d9c-b337-159154ae2d52,Tennessee,Tablet,True
24a5848a-9607-492e-9080-6b215e893e5f,2024-05-06,Product Information,AI Chatbot,1.33,Resolved,0.34,4,2.78,20160dcc-1f70-497c-840e-7e8f14fc7520,Mississippi,Tablet,False
402101d6-1fd2-4221-88ab-98de37d9fc9f,2024-02-26,Account Update,AI Chatbot,1.58,Escalated,0.28,2,3.3,7bcac04c-c1db-4ebe-bb85-c74693360a25,South Dakota,Mobile,True
d959c568-92ad-4f32-80e1-dc96ff99b42f,2024-01-27,Shipping Inquiry,AI Chatbot,1.13,Resolved,0.04,5,4.56,94624f18-6bad-4076-b534-139471d4bea8,Delaware,Tablet,False
084a979a-b19e-4bc2-a55b-b775ce227b7d,2024-02-27,Product Information,Human Agent,0.5,Resolved,1.0,2,6.42,716e0db2-5aba-4ea5-83cb-77020497df38,West Virginia,Mobile,False
96f9a06a-2ea2-40fb-a695-b13bfb5df510,2024-06-19,Password Reset,Human Agent,9.7,Resolved,0.38,5,5.95,d0197de1-68f3-4303-b09b-bd11a7ee0a5f,Arizona,Mobile,False
5a4b5df7-8279-4b57-afd5-fc914b71a576,2024-02-22,Password Reset,Human Agent,2.42,Resolved,0.06,3,5.51,ddd56569-ac3e-4300-8bb2-496dc0f9b141,Georgia,Mobile,False
4100c177-f342-485c-bd1a-3c35f7d781f4,2024-03-03,Billing Question,AI Chatbot,0.8,Resolved,0.55,3,1.95,cd8fe747-2328-4564-87d6-b139599348d8,Virginia,Tablet,False
2bcdee30-3745-435b-a1de-a595d5ca810c,2024-05-27,Technical Support,Human Agent,7.3,Escalated,0.39,3,7.4,282e7645-5af0-4453-8dec-218eb600feff,Alabama,Desktop,False
8770a0be-eaf8-4904-988e-fba81ded8403,2024-06-20,Account Update,AI Chatbot,1.56,Resolved,0.46,2,7.03,88502bc6-3023-4963-a155-d399cd7460e7,New Hampshire,Mobile,False
a6f845af-2198-499a-b617-badd316479fc,2024-02-21,Product Information,AI Chatbot,2.07,Resolved,0.99,3,1.56,9778f843-c528-4aba-af35-bcf3d20220a0,North Carolina,Tablet,False
cb42dbd6-63af-404e-94ac-ee32d04ae8e4,2024-03-05,Shipping Inquiry,AI Chatbot,0.2,Escalated,0.22,2,3.88,707fca6f-6cf7-4a7d-8958-afc392871c15,Minnesota,Desktop,False
962fe871-d26b-4849-8072-2f6b307735f1,2024-03-14,Product Information,AI Chatbot,1.15,Resolved,0.08,3,2.13,e6dc8dc2-e4b1-4d74-af5e-aaeea20c58c3,Virginia,Mobile,True
320dbd09-9951-4adc-b5ea-252c07d2ce43,2024-02-11,Account Update,AI Chatbot,2.06,Resolved,0.15,3,0.21,ad39e4d5-34a6-4ef4-b56a-6e1d444121b9,Pennsylvania,Tablet,True
14a9e389-f71a-403f-b0a6-ead190da3d01,2024-02-05,Billing Question,AI Chatbot,1.34,Resolved,0.35,4,3.16,366dc5fc-ea91-493f-9844-bacef0877412,Virginia,Desktop,False
fabeaf44-e04e-4e17-96c8-8f3ab2b3a184,2024-06-11,Technical Support,Human Agent,7.57,Pending,0.35,1,4.31,aad32389-1a23-44bd-b9d6-21301e642840,Maine,Tablet,False
5764f96f-ea43-4c81-ab81-39d5adcde0b4,2024-01-29,Password Reset,Human Agent,0.5,Resolved,0.6,4,8.64,b7dc9bdf-fac0-49e8-9cea-e89bc29c1dce,Wyoming,Mobile,False
d5b6a868-7859-4923-9871-6e05828a7096,2024-05-25,Billing Question,Human Agent,4.83,Resolved,0.4,3,7.06,3338a4dd-78b7-4903-a22d-ced612199ce0,Arkansas,Desktop,False
9beb4491-f49c-43a9-9109-184b641650cf,2024-03-10,Billing Question,AI Chatbot,1.9,Resolved,0.52,3,2.78,cee64e66-6737-4509-b0d8-f96c499c955a,Tennessee,Mobile,False
6dd52988-894a-4101-baf3-44f2928f349c,2024-05-23,Technical Support,AI Chatbot,0.88,Resolved,0.14,5,5.05,c00a5939-a756-4eb3-a0e4-7a31f9bf6f13,Missouri,Tablet,False
c7ece44c-cfb8-42d4-95b0-a599ca403ac0,2024-04-21,Product Information,AI Chatbot,2.66,Escalated,-0.01,4,0.36,b9f367e0-632c-417c-9337-395b69553a8c,Virginia,Desktop,True
25a4e772-3cb9-48bd-8dfe-786e09c9a318,2024-02-12,Billing Question,Human Agent,2.37,Resolved,0.55,4,3.87,f5b297f6-bca0-4f7e-a3fe-d69151e52c87,Montana,Tablet,True
0e8f8b19-b322-4aa4-9abe-3932525aadb4,2024-04-18,Password Reset,AI Chatbot,1.83,Resolved,0.45,4,6.13,04dc23f9-fe94-44c6-b5fd-1bf76d2ab14c,Utah,Desktop,False
926f6d4c-b000-4236-9189-988e28177144,2024-01-25,Billing Question,Human Agent,12.03,Resolved,0.34,4,6.42,ed7abf66-81f5-451c-a2ee-962c8268e38e,North Carolina,Mobile,False
60d8352b-b2da-437d-8cfb-6fb7fc639b4c,2024-01-18,Shipping Inquiry,Human Agent,6.43,Pending,0.12,1,9.94,9803c4a9-59a6-4e18-a7de-907374deb8bf,South Carolina,Tablet,True
ee8d28c3-4ec3-4bb3-9963-8cf541b0540b,2024-06-10,Technical Support,Human Agent,11.06,Resolved,1.0,3,7.0,36576398-62ca-4376-af08-4720fd91b980,South Carolina,Desktop,False
ba94bd5b-56a1-4e1c-b7fe-2f6b7c480ea6,2024-02-14,Account Update,Human Agent,4.31,Resolved,0.01,4,7.08,60c96802-8a28-41bc-9d54-95b5fbfeee97,Indiana,Desktop,False
f2838bba-8755-4f3b-809d-d06a41baad0f,2024-01-29,Shipping Inquiry,AI Chatbot,1.73,Pending,0.08,2,3.57,80beff08-af4f-4154-a739-159d74f4ffa8,Kansas,Tablet,False
a46d25bf-c03a-44fa-912f-7e541dedcf53,2024-04-14,Shipping Inquiry,AI Chatbot,1.68,Resolved,0.67,3,1.36,86e40d73-639f-433b-b3b2-db19c403aed6,Massachusetts,Tablet,False
c42398ff-137d-4d96-95af-e02d5d1a6aef,2024-03-29,Technical Support,AI Chatbot,1.22,Resolved,0.42,5,2.73,2f2c4d13-2003-45bd-b4ae-efc3f8ee4679,California,Tablet,False
ead16fab-a8e0-4b07-8967-6c50ea09090b,2024-02-02,Shipping Inquiry,AI Chatbot,1.9,Resolved,0.26,4,4.69,0926e92b-5aca-42c8-886f-ab04c60bf60b,Vermont,Tablet,False
34bc49eb-1d75-4187-8cb1-f558f6280f72,2024-04-27,Shipping Inquiry,AI Chatbot,1.64,Escalated,0.18,3,1.43,b0907b07-3494-4b21-a6a2-848e505cd86c,Delaware,Tablet,True
31974567-6618-4769-b445-836d894fd134,2024-03-25,Product Information,Human Agent,11.37,Pending,-0.06,2,9.17,db4de532-7b1b-42e4-a0c4-0b81ac4945ba,New Mexico,Mobile,True
a28e3a18-19d9-42f7-ba1c-819e2e68ad84,2024-04-30,Account Update,AI Chatbot,2.35,Resolved,0.91,4,6.03,08f612de-d8dc-4adf-ac97-e7707cde22af,Wisconsin,Mobile,False
76903325-e63f-4771-94ee-37afeadb6d5a,2024-03-20,Account Update,Human Agent,4.5,Escalated,0.43,3,10.08,65e3e6a5-5e94-445c-a2ee-0977d2f6f379,Oklahoma,Tablet,True
5e0d5714-653b-4743-93c7-75ae729c45d9,2024-04-26,Password Reset,AI Chatbot,1.31,Resolved,0.33,4,1.87,103b2e82-f2d4-4b90-9ff5-caebe638a494,Oregon,Desktop,False
4de02330-ce57-45b6-a4f6-6507fd05fd29,2024-05-21,Shipping Inquiry,Human Agent,11.06,Resolved,0.65,1,6.67,50029936-c88a-4fc1-8aa7-74fca53f3bcd,Maryland,Tablet,True
5ece3213-899c-4de4-a5ae-91841dd53356,2024-01-04,Technical Support,Human Agent,7.48,Resolved,0.7,3,4.69,dc2c82c6-152e-4f9c-aff1-108a9dee2aa8,Alaska,Tablet,False
dee389ac-1fb5-471e-ab2f-d8d1b3cf0344,2024-03-10,Technical Support,Human Agent,8.59,Resolved,1.0,3,7.9,b77dbbfa-4c16-4c2d-bfef-4c3eced89b69,Arizona,Desktop,False
4c7efcc4-8991-4dad-a774-ac5b7ac9d0cd,2024-04-11,Password Reset,AI Chatbot,1.11,Resolved,0.39,4,3.79,ccf0125a-06f1-4b35-b8f8-4eb8a0a81fbc,New Mexico,Mobile,True
8a174505-f78b-4f42-a4bc-5fec932ab074,2024-02-13,Product Information,Human Agent,4.69,Escalated,0.56,3,3.95,bf49b4e3-4f6e-4332-8fa8-1e255dad9b94,New York,Tablet,False
9d0cfe3b-168d-45b7-bb16-389d8b42d1d9,2024-02-11,Account Update,AI Chatbot,1.11,Escalated,0.06,5,0.7,be4e1ffb-269c-4993-b770-fe958a3db070,Oklahoma,Desktop,False
eb89e8f1-6870-473f-bc14-df8b93aec282,2024-01-29,Product Information,AI Chatbot,0.89,Resolved,0.1,3,4.57,ea81c04e-04bc-40f5-b0b7-b97335d6d75a,Colorado,Tablet,False
da604207-02f1-4155-a4cc-f9d6097f9839,2024-03-12,Product Information,Human Agent,8.05,Resolved,0.25,4,6.87,a62a99cd-02f2-47a9-8ace-dd98f595191e,Arizona,Tablet,False
4ec7a418-7e30-46ff-83ba-1386b702ca51,2024-05-31,Account Update,Human Agent,4.2,Resolved,0.14,2,7.17,1787b5fe-76ea-4c7c-894b-bb554ef8860b,Washington,Desktop,False
211cc6fb-aaec-43dd-a349-52e109038d8b,2024-04-10,Account Update,AI Chatbot,0.77,Resolved,0.34,3,4.46,b5f79d85-4202-425c-9481-8a2c1daa8480,Kansas,Mobile,False
a0c0ce94-8432-48ed-94d1-a064ebd5a9bb,2024-06-07,Account Update,AI Chatbot,1.56,Resolved,0.25,4,3.49,e980bf90-38f9-4cca-8ecc-15f84861632a,New Mexico,Tablet,False
5eb47d64-c3f5-4ad6-98dd-a7a19e98aa7c,2024-01-22,Account Update,Human Agent,8.53,Escalated,0.41,4,6.08,31c11914-d527-4522-bc3a-82f597b7e180,Maryland,Desktop,False
56b18f97-b84b-4f75-b5d3-a30fbb0a530f,2024-05-13,Password Reset,Human Agent,13.11,Resolved,0.33,4,8.45,f733cd90-e18c-4eb6-bd9c-49de1fb89282,Louisiana,Desktop,False
0aa12796-185c-42d6-9cf2-084ba574f59b,2024-03-18,Billing Question,Human Agent,2.29,Resolved,0.8,4,6.33,50a74d76-325b-49a3-b774-e1c92ada7855,Colorado,Tablet,False
7dd79d47-d923-4838-ae06-a55c8528e114,2024-05-25,Billing Question,AI Chatbot,0.37,Escalated,0.87,2,4.96,e7375dde-c0c5-400d-9f23-d0598f26160e,Wisconsin,Mobile,True
4b07c2f1-84c7-49f4-8a2a-3ada390a15f1,2024-04-18,Product Information,AI Chatbot,2.75,Resolved,0.26,4,-0.8,f68333b1-b0a0-4a01-87c5-9604f61b418e,Oregon,Desktop,False
9dcd84c8-5a5b-4ef7-94aa-fb9b15e25034,2024-04-17,Account Update,AI Chatbot,0.2,Resolved,0.31,4,1.69,ad17dd77-fa10-4b83-8202-2a327dabfcef,Hawaii,Mobile,True
9d97436f-3328-42eb-9e39-5c3e3adbf250,2024-05-24,Shipping Inquiry,Human Agent,11.37,Escalated,0.06,2,6.09,4d0401ff-3ec8-4b79-86fa-68095daf0603,Massachusetts,Desktop,False
dcd04ed0-5457-4989-9a9a-ac4087029acc,2024-01-02,Password Reset,AI Chatbot,2.38,Resolved,0.28,5,2.21,07fa3858-b3ac-436a-9007-8cd2c3fbea49,Colorado,Desktop,False
5c378799-4ba6-4205-8a67-b3000f186217,2024-01-13,Shipping Inquiry,Human Agent,10.23,Pending,0.29,2,7.46,60a6c4bb-bdd1-4325-bd90-e1aef52f478a,New York,Desktop,False
76ec5c60-dcdc-4ab0-8dc1-09dcab28215b,2024-03-21,Account Update,AI Chatbot,1.85,Pending,0.31,5,2.51,be0a341f-36b1-4cc8-b0b2-e1c4adcc466a,Iowa,Desktop,False
4c2c85bc-5655-478b-b7eb-29abb889f5fd,2024-06-03,Account Update,Human Agent,5.51,Resolved,0.75,3,5.53,3c27a883-8f89-4210-9325-0d3ff6de816c,Washington,Desktop,True
b03cede8-439d-4897-b191-7839c6a9d2ed,2024-05-19,Password Reset,Human Agent,8.25,Resolved,0.24,4,6.9,f71cff07-7522-456d-8f95-1488ccbc835c,Alabama,Mobile,False
af0391f7-df01-4f30-97ac-4bc79c3fc2f4,2024-05-22,Technical Support,Human Agent,6.51,Resolved,0.52,3,9.14,1674a986-2057-416b-b234-b6416a1fd007,Maine,Tablet,True
f5438bcc-667f-40e2-8052-1306e5e9268b,2024-01-27,Shipping Inquiry,AI Chatbot,1.45,Resolved,0.66,3,-2.11,8af8376d-d586-4b8f-8c73-d3e8ccf2ef35,Delaware,Tablet,False
b97fd745-4c2a-4cfd-8cc8-94056016b985,2024-01-26,Product Information,Human Agent,9.16,Resolved,0.86,3,9.94,34384cc9-9886-4208-9e7d-057c5804da21,Montana,Desktop,False
bbc7dc61-bf61-4d31-b33a-9637751813fe,2024-04-12,Shipping Inquiry,AI Chatbot,2.35,Resolved,0.27,3,4.14,da9d5a8c-fa3c-4bbc-a5ba-741bd815c3af,Connecticut,Desktop,False
bd24539c-bbff-44b0-9481-246c7ab95561,2024-06-16,Product Information,Human Agent,4.86,Resolved,0.06,4,8.02,d021f06e-f947-416e-96f4-06f02729169d,Delaware,Tablet,True
fa697f7c-685b-4763-b80c-7969293565f0,2024-04-10,Shipping Inquiry,AI Chatbot,2.3,Resolved,0.39,3,3.3,7001f3db-60f3-4e30-946a-46f0b050f69f,Nebraska,Desktop,False
3455172d-58a2-48fa-9460-1f98baf9fdb7,2024-04-29,Billing Question,AI Chatbot,0.32,Resolved,0.09,4,4.28,73f91f7f-bc94-4e51-b895-9a49d4f589ab,Kentucky,Mobile,False
c29fb643-ffa7-4cea-b5e2-b782ce495c92,2024-02-29,Shipping Inquiry,AI Chatbot,1.27,Resolved,0.51,3,5.08,6201e25c-65e6-47f0-8e27-ecf0f3142b9e,Missouri,Tablet,False
3a78377f-ee11-4412-8f1f-46174971b618,2024-03-31,Account Update,Human Agent,6.27,Resolved,0.03,4,8.92,857b4aec-db08-4c58-83f4-cb1b9df1b27c,Wyoming,Mobile,False
be77b23c-23f6-4608-9a43-e2a10a4f24b1,2024-05-27,Billing Question,Human Agent,12.0,Escalated,0.47,3,6.73,d80ebaa7-e28e-47cb-b838-1142d8016f97,New Jersey,Mobile,False
31ca18d7-8532-4bc8-b915-1b99fd2d485e,2024-01-01,Password Reset,AI Chatbot,1.58,Resolved,0.79,4,4.72,02145ce4-e3eb-45b8-9530-15a8b8a24365,Hawaii,Mobile,False
5e4e94e5-f8ea-4a2b-a7e7-084b066a6658,2024-02-09,Password Reset,AI Chatbot,0.42,Escalated,-0.29,3,3.79,94fea257-7ca9-434c-965f-c8e6cd2f876c,New Hampshire,Tablet,False
a86937de-d6ec-440c-889e-cf82bee49da2,2024-04-28,Password Reset,Human Agent,5.84,Resolved,-0.22,4,6.57,04d9d215-87bd-4860-a248-af3625625f34,Montana,Mobile,False
1d08e7cd-7cfb-48d5-a735-3577e5dec662,2024-02-14,Password Reset,Human Agent,5.67,Escalated,0.5,4,5.4,cc2b494c-a752-4aee-9d26-03e6b3ab5873,Delaware,Desktop,False
36e8202e-3398-436b-844c-1e58c1b2f9c6,2024-05-14,Shipping Inquiry,AI Chatbot,2.13,Resolved,0.77,4,4.89,cd2b1731-2280-4f58-a761-49308ebdc4b5,Maryland,Tablet,False
7f9c56ff-ee79-468c-a853-13cb73451f86,2024-01-10,Product Information,AI Chatbot,2.66,Resolved,0.23,4,2.61,de47ef2b-30f1-4af9-83fd-adca366fa431,Connecticut,Mobile,False
67aa9bb0-84a4-4a7b-a3e1-a5774465bcd7,2024-03-09,Shipping Inquiry,AI Chatbot,1.3,Resolved,0.58,5,3.98,37477a15-f45e-44b8-b175-afc5ca26951e,New York,Tablet,True
8ed98eb8-f655-4719-bb7d-03238287d409,2024-04-14,Technical Support,AI Chatbot,2.16,Escalated,0.22,2,2.54,7e4786a6-90e9-4493-b812-1b8659e485ea,Rhode Island,Desktop,False
335de650-dabf-4af2-b49b-6adfad00c1ed,2024-02-23,Account Update,Human Agent,8.27,Resolved,0.33,3,6.87,4a1f8d61-39da-4ff4-9169-2a7729b91818,New Jersey,Desktop,False
107807a5-0e63-45cf-94c8-a81b305f81b3,2024-01-16,Billing Question,Human Agent,4.52,Resolved,0.05,4,6.15,c9baa083-06a3-472a-b330-f564497b2eb5,New Mexico,Desktop,False
f772f907-9301-41cf-b2bc-21433efabaf2,2024-03-12,Product Information,AI Chatbot,2.71,Resolved,0.13,3,4.74,5f3ebc5a-0f0e-4740-b179-f5159f577ef7,North Carolina,Mobile,False
4557aeec-9da4-4bd3-8ed6-39f4b03c6098,2024-02-20,Technical Support,AI Chatbot,2.97,Pending,-0.12,3,3.11,7af6a2d3-08ac-4a29-835b-37aaa6c844c6,Wisconsin,Desktop,True
4e652ae4-fc0b-46a6-a979-b0e385870d02,2024-05-23,Account Update,AI Chatbot,0.2,Resolved,0.46,4,2.0,a22bd768-a071-4e1f-8354-c5d79fc253df,Hawaii,Desktop,False
6a3ea3d4-7d40-446c-9b22-ffa3d2f0221d,2024-01-05,Product Information,Human Agent,4.41,Resolved,0.59,3,5.55,f8740df3-5cc4-4c04-a708-f7a16267b6c7,Virginia,Mobile,False
773394c0-13bb-442d-83e9-64b523115b19,2024-06-18,Billing Question,AI Chatbot,2.62,Resolved,0.74,4,1.89,3d2dd78b-63d6-427a-a067-12147349d2c8,North Carolina,Tablet,False
d3ccb847-74d5-4e39-a08e-1e0902cc7592,2024-02-17,Product Information,AI Chatbot,2.15,Resolved,0.89,3,3.94,e56106d3-3e4d-41ee-9554-9102fbbb1cd6,Hawaii,Mobile,False
1660786c-ccb2-4823-80e5-c609902fe596,2024-02-07,Billing Question,Human Agent,9.3,Resolved,-0.01,4,7.2,4a70623e-7815-4d15-9114-b7296869ae9e,Minnesota,Desktop,False
7ca5eea1-1882-44ee-a3c7-4ccef5246d83,2024-05-29,Billing Question,Human Agent,5.42,Escalated,0.51,3,8.44,6edf642f-3eb1-440d-a533-756dbb2b326d,New Mexico,Desktop,True
837b28bc-cb2d-48ac-950d-f1846191d20c,2024-02-06,Billing Question,AI Chatbot,1.08,Resolved,0.17,3,3.07,77da05d7-c22b-44d8-a604-66f6faddc3d5,Massachusetts,Mobile,False
000941ef-6cd1-46f0-a34c-b9c6ce177ab0,2024-01-23,Password Reset,Human Agent,0.5,Resolved,-0.11,4,6.23,89cbdf8f-7720-4fad-bf36-a8026a67d83d,New Jersey,Tablet,False
146ed93e-3514-423e-94fa-a74cbd2ab13e,2024-01-10,Product Information,Human Agent,6.62,Escalated,0.16,3,6.38,8dbbb121-9b6c-47d1-9441-67cffafc0551,New Mexico,Mobile,True
2524d951-820f-4a9f-b1b1-2d6eea740b22,2024-06-03,Product Information,AI Chatbot,1.0,Pending,0.0,3,1.23,6967c55c-0e9a-41ec-97cf-09b37ccb8343,Alaska,Mobile,True
118e5308-9fa9-4a2d-895b-32065913103f,2024-01-03,Account Update,AI Chatbot,1.12,Resolved,0.52,5,5.74,bd917a9e-d4c5-4acc-8f44-711e44a6deee,South Dakota,Desktop,False
8d93260c-33b3-44b2-8773-46ed44dff78e,2024-05-03,Technical Support,AI Chatbot,1.58,Resolved,0.13,4,3.24,02b7f66c-216c-4651-ab1b-1304768138a1,California,Tablet,False
56101e20-e1d7-4dae-b2b4-4491cda3f5e6,2024-05-25,Account Update,Human Agent,11.74,Resolved,0.39,4,5.05,cfb045ee-bc4b-4291-955b-c1d706c62f6d,South Dakota,Tablet,True
b50477de-e933-43f6-9dba-e5a420d0214d,2024-05-08,Password Reset,AI Chatbot,2.1,Resolved,0.38,3,1.82,6024da01-4fed-4b03-857c-a181052e8018,Illinois,Tablet,False
a2d55a77-fbb4-40c8-b4c8-e0a8880883bc,2024-02-14,Product Information,Human Agent,6.57,Resolved,-0.52,3,7.85,06a5de64-155b-4fd5-a76f-298c5de1406f,Kansas,Tablet,False
5f6fc242-b157-482b-a18b-1f3e4fb55ef9,2024-05-09,Shipping Inquiry,AI Chatbot,2.88,Resolved,0.28,4,4.49,afd2e08f-ebbe-4db8-b6e7-615e2d273dfb,Virginia,Desktop,True
14addf52-8638-4e1f-9bac-281b9e77a719,2024-01-23,Product Information,Human Agent,12.2,Resolved,0.11,3,7.76,f3e7fcce-ef1a-4e3c-aa2e-9d0f50eef095,Florida,Mobile,False
678f53be-00f5-405e-869e-791860320df6,2024-04-29,Account Update,AI Chatbot,1.21,Resolved,0.14,4,1.29,c0c77b87-8d98-408e-858a-6df3d7c3293d,North Dakota,Desktop,False
f1e5e1d2-804c-4ae6-9a16-3ede800ee329,2024-04-19,Product Information,Human Agent,7.4,Resolved,0.24,2,6.99,078faa9e-0616-4783-9ebb-45d3ccd40b7c,Kentucky,Desktop,False
7ed59b81-50a4-4319-8b39-5adefb1250a3,2024-01-17,Shipping Inquiry,AI Chatbot,1.59,Resolved,0.69,2,2.74,279f8a88-f6c3-4755-8b8d-f085a7336d94,Mississippi,Tablet,False
6ba434b9-3e6e-4d9e-b3f4-a640e727abb5,2024-01-02,Password Reset,AI Chatbot,1.33,Escalated,0.33,1,3.54,e5489b31-d7d4-49a1-bce7-34161815b55a,Nebraska,Mobile,True
7c50ea63-4c64-4846-9a96-91aa2dfed91a,2024-04-20,Product Information,AI Chatbot,1.0,Resolved,0.38,3,4.05,9c9d8d59-26b0-4215-8d41-64aee34c9fd0,North Dakota,Desktop,True
33839c87-bff1-438d-9a33-e76e4c8b60ed,2024-03-06,Account Update,Human Agent,8.46,Resolved,0.72,4,5.69,85dca20e-ab83-40cb-b6fb-660a86e4c8e5,Wisconsin,Tablet,False
c507b75e-d93d-46bc-8202-5a5f2958050b,2024-02-07,Billing Question,AI Chatbot,1.89,Resolved,-0.09,4,4.61,3597fd4a-b005-4692-a210-fdcd69f514a8,South Carolina,Tablet,False
ba1ea390-24cc-411a-9a8a-063a744b9068,2024-05-12,Shipping Inquiry,AI Chatbot,1.43,Resolved,0.62,4,4.54,0d0a7cc9-25f7-4f05-883d-fada82bee80c,Utah,Tablet,False
647ddc41-103e-4ab5-bf8e-98d7356f3e95,2024-05-03,Technical Support,Human Agent,10.24,Escalated,0.13,3,10.11,be60cc52-2ad8-41ea-9a3c-0ff3baa1721d,Kentucky,Desktop,True
cefe898f-17b5-48ba-a295-23b9d1095071,2024-01-06,Technical Support,AI Chatbot,2.01,Resolved,0.19,4,2.2,68de34bf-24fa-4e1d-a90d-aa59142bf033,Arkansas,Desktop,False
eb5c78ca-7eba-4472-9128-c17e9e6b5971,2024-01-03,Account Update,Human Agent,6.05,Resolved,0.51,3,6.37,5dd9a266-7a71-4758-a88a-893944b09127,Tennessee,Tablet,False
3e33f623-907b-4a09-8ac8-54d36509a698,2024-06-23,Technical Support,AI Chatbot,1.88,Escalated,0.58,1,4.36,0f38f139-26b9-4b0b-89d3-d0d6b53a5f83,Vermont,Desktop,False
aea9a320-4072-412e-8da3-c6824e8e309b,2024-01-06,Shipping Inquiry,AI Chatbot,2.02,Escalated,0.61,3,1.43,3d9786ff-0465-4373-ad75-5caef0e4e15d,Nevada,Mobile,False
a77871d3-c330-4846-b208-12db1c6443b6,2024-02-28,Password Reset,Human Agent,10.66,Resolved,0.55,5,6.79,b59ffe0b-852d-432d-bbad-b04177479ebc,California,Desktop,False
82b12de4-9e67-48ff-b05a-a309b058e2d2,2024-05-02,Password Reset,Human Agent,9.87,Resolved,0.5,5,7.66,0fd55767-8bf8-4896-a541-b1d1b11a0a02,Louisiana,Desktop,False
e8ffa664-9aa7-45bd-969a-59691c542bbd,2024-01-17,Shipping Inquiry,Human Agent,4.83,Escalated,0.96,2,6.12,a9e7f756-342b-4edf-bf33-5ceb3d271098,Delaware,Tablet,False
772e8e55-93ac-49cd-9ff0-f36b5068870f,2024-04-14,Product Information,AI Chatbot,1.77,Escalated,0.63,5,3.67,2b99b51d-f290-4905-89a8-d88181b23baf,South Carolina,Desktop,False
40ba45de-1db6-48c5-9967-a4593dc5e8e8,2024-05-09,Billing Question,AI Chatbot,1.91,Resolved,0.59,4,2.68,1b7243aa-6c9b-4d63-a487-71f736f4e91c,Nevada,Desktop,True
90e80a18-8da5-418f-aec4-75baf7fda767,2024-05-19,Password Reset,AI Chatbot,2.82,Resolved,0.27,4,4.03,4694975e-0b25-4f7f-a263-a6575cc262d4,California,Desktop,True
e918d64b-1d4f-4839-835c-c48453ab7d34,2024-06-18,Shipping Inquiry,Human Agent,5.28,Resolved,0.5,3,9.66,960b4de5-9fac-485b-b8f9-ea0334df0768,Wyoming,Desktop,False
fbac5213-6d2c-4844-8e8d-efdaa45c1ee2,2024-03-30,Shipping Inquiry,AI Chatbot,1.76,Resolved,0.75,3,3.2,871c36ef-79ce-472d-abe2-3988aaca235b,Nevada,Tablet,True
0d040b47-da7c-4499-b2a3-c430544d1aa6,2024-04-30,Password Reset,AI Chatbot,1.45,Pending,-0.03,2,1.31,a9775bcd-fedc-4653-80ed-d1ea123ed453,Virginia,Tablet,False
4f9d2120-6084-4578-8bf1-4eb9850a34af,2024-03-30,Billing Question,Human Agent,9.26,Resolved,0.96,1,9.31,0a9d4de4-2462-4d2e-a0ac-1f2ff774e005,Wyoming,Tablet,False
45647d7f-4ab2-4f40-912f-46ff26f5e301,2024-03-09,Billing Question,AI Chatbot,1.3,Pending,0.33,2,1.51,fc2726e9-863b-4797-90d4-73f7e088b0ef,Iowa,Desktop,False
aede7ffd-81dd-416a-bf12-18b4218f7bfb,2024-04-04,Password Reset,Human Agent,8.77,Resolved,0.35,3,9.14,5c25dc1b-10c6-431f-81de-7b1b5dee76c0,Alaska,Desktop,False
bfd744e8-908f-4cae-b9c0-93bf322a2ed9,2024-03-06,Password Reset,AI Chatbot,0.88,Resolved,0.7,5,2.89,0916197b-7181-4f98-a95d-9a8173de2d6b,South Dakota,Tablet,True
02e10bfb-8218-4741-b85d-d2656b55153e,2024-05-24,Account Update,AI Chatbot,1.64,Escalated,0.43,3,1.03,835a6998-14e6-43b8-82cc-42770c2bb84c,Arizona,Desktop,False
709e75d3-0bbb-4243-9d6e-5a204eeccf65,2024-06-07,Account Update,AI Chatbot,2.63,Escalated,0.25,2,0.75,f6edf77c-0974-4d0c-8a0a-a5f9bdaa6d8b,New York,Mobile,False
52c75492-ca6d-427e-b936-3c81bd1b4959,2024-01-30,Product Information,AI Chatbot,1.0,Resolved,0.36,3,2.41,d679b40f-1d78-4157-bb1d-49f10f2dbb94,Wisconsin,Desktop,False
5155ea7e-36e4-48d0-bfe6-8fda62f28db0,2024-04-08,Shipping Inquiry,Human Agent,6.53,Resolved,0.51,3,7.0,1fd434c0-a799-435e-b748-3832e57e5f8b,Virginia,Mobile,False
436e55e4-daf9-4bba-a51e-6177e0fe6abb,2024-06-04,Password Reset,AI Chatbot,0.45,Resolved,0.32,4,3.13,818be697-e877-41c4-92c0-3532ba5abbc3,Idaho,Tablet,False
8b6998b9-99bd-4645-b3b7-5705a50cee71,2024-02-27,Product Information,Human Agent,6.66,Escalated,0.03,4,7.16,bfac8a49-fd0b-4f83-bc47-468b38c0927c,Oregon,Desktop,False
6a44c885-b506-41f8-80af-91fee26f89f9,2024-05-04,Billing Question,AI Chatbot,1.72,Resolved,0.75,5,1.63,d6754596-492f-4e35-8c68-9b5ea129dce4,Maine,Mobile,False
253f6687-36bd-424b-bfd4-78c58b7f110c,2024-04-18,Shipping Inquiry,Human Agent,12.21,Resolved,0.48,5,8.25,5968689c-2568-4b18-867d-f39b087a0714,Kansas,Tablet,False
0931afd0-f352-4a30-a755-abb08fa0ad8e,2024-05-23,Shipping Inquiry,AI Chatbot,0.54,Resolved,0.01,2,2.29,40e81cc4-b26b-48e2-8427-13d6c7575188,Michigan,Mobile,False
d9dbbc6f-15bf-4e52-95b6-05ba334f1c39,2024-03-08,Technical Support,AI Chatbot,0.68,Resolved,0.76,4,3.63,c7f13e6f-6abc-4d88-bcf5-5710f759f828,New York,Tablet,False
b187e81d-efd6-4250-9629-0cf74d39f122,2024-04-25,Product Information,AI Chatbot,0.2,Resolved,0.62,2,3.56,a82ecd77-39bd-4164-a78e-f6b18a12d61e,Oklahoma,Mobile,True
395666b4-fd1f-49ae-b43d-ea856e4168cc,2024-05-27,Technical Support,Human Agent,9.8,Escalated,0.68,2,6.33,b8dcb506-1543-4ca9-9f39-6fcb30e94572,South Dakota,Tablet,True
51f1c40a-334f-43db-909f-7ed8517729a4,2024-04-30,Shipping Inquiry,Human Agent,5.51,Resolved,0.62,3,7.71,359d04bc-08ca-4d89-991d-d4b234a72161,Virginia,Desktop,True
5dbd6681-2f1b-4d20-9e66-ca492d4934e8,2024-03-22,Billing Question,Human Agent,3.47,Resolved,0.28,3,6.43,169ff467-5e8e-45c6-a999-0a8fb1fad9a1,Missouri,Desktop,False
9dbc1b81-e4cc-42b4-a496-659a77c50180,2024-06-11,Technical Support,Human Agent,3.24,Resolved,0.11,3,8.15,8002a136-5f58-478a-a16d-2ee59a34c641,Kansas,Desktop,False
a15eb78e-cd22-4a5e-aa65-2d909ab77c44,2024-01-19,Account Update,AI Chatbot,1.75,Resolved,0.2,3,3.51,ae7a1774-d375-4eba-8346-aea4ff27bdf2,Montana,Mobile,False
3f5d1a9b-beae-46a5-9fe1-4c71784d4ac2,2024-03-04,Account Update,Human Agent,3.27,Resolved,0.05,2,7.58,0522c236-7a92-4c1e-8c2e-3b30bd1e57a8,North Carolina,Mobile,False
54022581-a2c2-4136-a189-8dd7e1707501,2024-06-09,Technical Support,AI Chatbot,1.47,Escalated,0.19,3,3.62,19128a11-ae7e-4b43-b729-e5fb61fc5356,Alaska,Tablet,False
36340cb9-115c-437d-8825-01f6ae6a3537,2024-05-31,Billing Question,AI Chatbot,1.83,Resolved,0.6,5,3.82,cfba1daf-e665-4863-bc96-d761d9dbfcaf,Mississippi,Desktop,False
c3c0f477-7f6e-47c7-944d-ee344137946c,2024-03-27,Billing Question,AI Chatbot,2.04,Resolved,0.26,2,3.17,f43e493c-7d72-4f5b-aa0e-bc20e9172259,Nevada,Tablet,False
c12c2579-1a86-4aa0-bd16-8b2f56ff298f,2024-02-01,Product Information,Human Agent,11.85,Resolved,0.5,3,4.27,228c247f-2bae-436e-b12f-88b9d7c876ad,Delaware,Desktop,False
c5daa4ab-dbc9-4a42-a3da-de060dfb1f5c,2024-04-12,Shipping Inquiry,Human Agent,6.0,Escalated,-0.2,1,6.27,1e6e20da-0eab-463b-9780-5bef20586076,Georgia,Tablet,False
560a94e7-7054-40a2-87be-1142344c2e0c,2024-01-22,Password Reset,AI Chatbot,1.15,Resolved,0.26,4,2.76,08630360-2201-46ca-ba11-924ba24e401d,Virginia,Mobile,False
824b9483-8fe9-4095-a7a1-851c75050552,2024-03-11,Password Reset,Human Agent,7.53,Resolved,0.07,4,6.64,47176366-94f4-4e62-aea5-4776a0d4f01f,Tennessee,Mobile,False
eb871b54-af7a-4fcc-adc1-5142f13ba139,2024-05-31,Technical Support,Human Agent,5.71,Resolved,0.66,3,8.08,d90af870-795e-428a-b82d-1d032fdf4ef4,Arizona,Tablet,False
60ec7d21-8d4f-4238-bb39-bb8a48c0ce6b,2024-05-06,Billing Question,AI Chatbot,0.61,Escalated,0.09,1,1.81,0dc47a55-320d-41df-b04f-a8a7ec0be844,Oregon,Tablet,False
48a1be57-ffcc-4038-b760-c3728d4c0941,2024-06-09,Account Update,AI Chatbot,0.95,Escalated,0.3,1,3.06,56b819e9-6f8e-4a28-98c5-823de3b85897,West Virginia,Mobile,True
15dd7f46-63f6-4f88-8e88-4377c425a519,2024-01-19,Billing Question,AI Chatbot,2.11,Resolved,0.6,4,3.24,838f43c6-ae91-48e0-b51c-0a20886f1779,Nebraska,Tablet,True
d32a1ef7-14d5-44be-920c-3d9ff08fd212,2024-05-28,Account Update,Human Agent,5.95,Resolved,0.46,3,10.4,1e4027db-331b-4cce-8233-e8f97bc3d86f,Montana,Mobile,True
57ef816a-f235-4040-9e30-f8485053de95,2024-04-21,Account Update,AI Chatbot,1.59,Resolved,0.34,5,4.57,1999f959-81bf-49cc-9a9d-bdca21e716a5,South Carolina,Mobile,True
d5f27433-4334-47ca-9de0-fc10e75935b4,2024-01-21,Product Information,Human Agent,7.95,Resolved,-0.03,4,8.1,46f6f3b8-fb1c-4a85-b909-f686d2784835,West Virginia,Tablet,False
82204d61-a3bf-40ab-98e3-0b78ae172359,2024-04-09,Shipping Inquiry,AI Chatbot,1.51,Resolved,-0.49,3,0.9,7dd6e698-1d53-4f62-83b0-7d891adbffea,Arizona,Desktop,False
6f8a9b98-e427-4e03-b141-8df97c9bab9e,2024-03-20,Technical Support,Human Agent,8.1,Resolved,0.12,4,6.56,1a7157d5-ec98-47af-9628-eb87cb2eabbd,Hawaii,Desktop,False
03d5c128-2de2-4b39-9f1e-5c1d9c16f869,2024-01-14,Product Information,AI Chatbot,1.06,Escalated,-0.36,3,3.47,e60ddc57-4073-4e2e-9d8d-efce0d7786a6,Michigan,Mobile,False
3aa6594a-a27c-4abc-9570-e6c46bb20445,2024-01-01,Billing Question,Human Agent,2.06,Resolved,0.56,4,6.18,78d9a53a-f606-4f17-82bd-42718698e1e1,Wisconsin,Mobile,False
2d13ef86-73a1-4e83-a6bc-b31a517537a0,2024-04-01,Shipping Inquiry,AI Chatbot,0.85,Resolved,-0.19,3,2.26,6017ec14-470f-4ac1-802e-57421b4f642e,Minnesota,Tablet,False
0e0ac6d0-f07c-4e58-be22-c15d8d0ca441,2024-01-27,Product Information,Human Agent,4.48,Resolved,0.32,4,8.11,5412aed6-18cc-4246-855a-2847247ad638,Indiana,Tablet,False
599b78d4-9649-4eb1-9ad9-7e99184d11c0,2024-04-25,Billing Question,AI Chatbot,0.81,Escalated,0.13,4,0.17,cacef070-83d8-454c-b283-f459c529508a,Arkansas,Tablet,True
bb92dad0-02fa-43fd-bb35-f5241de4247e,2024-04-09,Account Update,Human Agent,9.86,Resolved,0.14,3,6.67,52780cfa-5610-4867-842c-ae033bafd298,Kentucky,Desktop,False
1e5ca721-714f-4f6e-ac2a-6351fa74dc73,2024-03-28,Account Update,Human Agent,10.12,Resolved,0.75,3,8.97,aceb1788-0052-4c19-8f16-5f5045186a9b,Illinois,Desktop,False
ee2eca1f-5774-43b4-ac1d-bce452436936,2024-05-13,Shipping Inquiry,AI Chatbot,1.53,Resolved,0.09,3,4.53,ffa641c6-7eb5-4f18-8180-ea1836323901,Florida,Mobile,False
aa96dc0d-2b59-45e7-a945-6b20e82f19c0,2024-06-01,Account Update,Human Agent,4.67,Resolved,0.13,4,6.71,c639cf73-c71a-4bd2-b56c-f3179cb5d47e,Kansas,Tablet,False
d86a6f22-feb5-454f-865e-b48f5aafbe90,2024-01-19,Password Reset,Human Agent,9.53,Resolved,0.34,3,4.72,fd76fab5-c152-4c18-9156-b381cd0deae5,Idaho,Mobile,False
a48ca66d-6da3-4bb1-896d-1ba667a14a31,2024-06-16,Product Information,Human Agent,3.63,Resolved,0.17,4,6.1,3a5dadec-bf9d-4c33-85d2-0d92273617fe,Michigan,Mobile,False
e4af784c-0413-41ec-927f-1f00fbf5e83c,2024-01-22,Technical Support,Human Agent,0.5,Resolved,0.7,4,8.23,c43b0a32-d460-436e-b874-1378c1c7cc43,Iowa,Desktop,False
e6c1bfd6-1000-4ea8-914d-b5ef0ff6f65e,2024-03-03,Shipping Inquiry,AI Chatbot,1.51,Pending,-0.02,3,5.27,5ccc455b-e83a-4a2b-9cdb-2fe1091d0f6c,Washington,Mobile,False
8d17a7ed-ad47-478c-9a9a-8e6012c74a46,2024-04-28,Product Information,Human Agent,4.38,Resolved,0.54,3,5.19,49c5b34a-bf0e-434a-be05-389c376caa49,Maryland,Mobile,True
88627fd4-c26e-48af-b604-423474999e52,2024-02-20,Product Information,Human Agent,8.85,Resolved,0.75,3,6.83,3b101d2c-1c7b-4634-aff7-f5cf2b4b359b,Louisiana,Desktop,False
dc30b282-f418-40af-b3ec-f0714b6754db,2024-03-19,Billing Question,AI Chatbot,1.44,Resolved,-0.0,3,5.47,d1579da7-1e63-4eda-a186-d8f106bd6907,New Jersey,Mobile,False
09e02851-a92e-4c8c-a22e-15ca1aa5cf2a,2024-03-08,Product Information,Human Agent,2.55,Resolved,0.17,4,6.92,85eaefe8-580b-41de-bf12-b0ee4e2103fc,Missouri,Mobile,False
9000c21e-8ed3-4a21-8927-06cba10e29a7,2024-03-16,Billing Question,Human Agent,7.53,Resolved,0.66,4,6.93,f8ec0ecc-242c-41a9-b307-15889fe75b28,Florida,Tablet,False
d777708c-b452-442d-959b-f7b6abbec4c7,2024-02-01,Shipping Inquiry,AI Chatbot,1.45,Resolved,-0.13,4,1.63,1733ff25-0566-4052-b7b8-8fd86790a41e,Ohio,Mobile,False
ba407bf6-88f6-4dfe-a8b7-540601376a57,2024-02-08,Password Reset,Human Agent,11.34,Resolved,0.46,4,7.42,8a00fd04-7c86-49bf-b785-e68d992b4ea0,Vermont,Desktop,False
b2246163-b0d7-4f26-8106-d91d1016dffb,2024-01-01,Product Information,Human Agent,7.06,Resolved,0.39,5,8.61,1637b76f-6e62-4d23-8baf-131e726b3b92,North Dakota,Tablet,False
500e6534-c7ec-47c9-8a2f-97526f1b012e,2024-04-22,Shipping Inquiry,Human Agent,15.2,Escalated,0.27,4,7.8,967f5a97-d2c7-42c0-82b5-7af15f83598e,Texas,Tablet,False
803190c4-c09f-4bcc-ac9d-aae9f5dee441,2024-06-12,Product Information,Human Agent,6.06,Resolved,-0.38,3,6.66,e77af97e-24fb-43a2-872d-9d1a1a0bc5f0,Ohio,Desktop,False
2d388bb6-f842-4065-8b18-cb4058aee8db,2024-04-21,Product Information,AI Chatbot,1.29,Resolved,-0.27,4,5.86,b91c1196-4998-48b7-a2f3-4a262964bfcd,Kansas,Desktop,False
09658b58-4ce2-41f1-80cd-e32e76a03301,2024-02-23,Product Information,Human Agent,9.07,Resolved,0.56,5,7.35,0447ee2b-b58e-43a2-be5f-b782fa202297,South Dakota,Mobile,True
a72f203d-7068-4251-a38e-12fb942be7ec,2024-06-04,Shipping Inquiry,Human Agent,6.43,Resolved,0.11,4,7.49,51a48f1c-c891-487a-a1ca-87871ac5aeaf,Oklahoma,Desktop,False
70100357-6616-4f5f-a2db-69585c239ad0,2024-01-18,Shipping Inquiry,AI Chatbot,1.56,Escalated,-0.02,2,3.01,0195bb1d-be52-477a-bc93-3ab88370851b,Maine,Tablet,False
3499e5cb-a7c7-41a2-b9b7-2d756e64791d,2024-04-30,Password Reset,Human Agent,3.13,Resolved,0.68,4,5.13,bb3a350b-c50d-4873-9204-473929c3fdca,Nevada,Desktop,False
958c6744-f124-4a3a-b06a-896a13adf8d8,2024-06-02,Product Information,AI Chatbot,1.4,Escalated,-0.04,2,0.92,32855b81-f158-4310-a91f-20dcd95926b0,West Virginia,Tablet,False
72b1f712-33b1-4276-9f0a-36a36778f0d1,2024-02-28,Product Information,AI Chatbot,1.4,Escalated,0.4,3,1.92,1277a241-19a2-477f-ad65-e518a6cc497d,Massachusetts,Mobile,False
c01f1faa-0fe0-48ca-afc4-aee88b7cb409,2024-05-23,Technical Support,Human Agent,7.77,Resolved,-0.17,4,3.34,a1772ee6-e6d4-4f10-bbd6-9d3cf8c73852,Texas,Tablet,True
18d9c088-1093-4df1-a59c-05a58966eea7,2024-01-30,Technical Support,Human Agent,10.15,Resolved,0.57,4,6.0,d7b31f34-6c84-4ade-a598-a9c3e564a9ad,New Mexico,Mobile,False
fec2a7c0-1363-49ac-9e2a-e30818839dc2,2024-01-30,Technical Support,AI Chatbot,2.85,Resolved,0.66,3,3.99,2f500c28-0219-4e2e-ab25-aa120668cb5a,Utah,Tablet,False
afebfede-4155-4b85-86c8-7a7df8ca016a,2024-06-22,Technical Support,Human Agent,11.66,Escalated,0.66,2,11.59,324930d6-ec56-47a0-b58f-8d295b997185,Mississippi,Tablet,False
b57e8b22-93f7-44fa-a559-b35af3705de7,2024-01-26,Password Reset,Human Agent,9.24,Resolved,0.03,4,6.81,59c1a66b-f843-47ea-8ced-38d57feb93ac,Mississippi,Mobile,False
6df63056-129d-4869-8f4f-8813270b8dd3,2024-03-13,Account Update,AI Chatbot,0.88,Resolved,0.54,3,4.75,61281287-be29-4702-9469-587c89dd1f3f,Michigan,Mobile,True
c5c46fa7-6d37-4b8f-8334-0ced0289182b,2024-06-19,Technical Support,Human Agent,0.8,Resolved,0.34,4,6.21,82cff052-3fec-4393-8524-4050b4bd4cfc,New York,Desktop,False
71adb1bf-692e-41df-b2bb-af15841788c9,2024-05-21,Password Reset,Human Agent,5.19,Resolved,0.82,3,7.41,81286c25-bfb2-4043-a685-3cbe8386bf0e,Idaho,Tablet,False
6f503a0e-6b1e-4f78-b205-0c4cd67b8e43,2024-05-09,Product Information,AI Chatbot,2.74,Resolved,0.18,4,-0.23,7b25f51c-6b0a-4fd1-886f-149306a99f6b,Washington,Mobile,False
4365a710-e42b-4d8e-8899-a3d3b9b2531c,2024-03-03,Account Update,AI Chatbot,1.25,Escalated,-0.16,2,1.89,18fbb791-e50e-4082-99b4-7dd55c4e4b1b,Rhode Island,Tablet,False
c064aa60-65fc-4698-bc48-388076c6ca95,2024-05-06,Password Reset,Human Agent,4.06,Resolved,0.63,3,6.04,8da5c184-8425-4a88-8bcb-1a926a66fa45,Michigan,Desktop,False
1aec83ca-2ab7-4d05-84cb-70c4b5fc1f16,2024-01-06,Password Reset,Human Agent,8.33,Resolved,-0.09,5,4.28,a998b77d-e240-41bb-95af-45ca756eee27,Virginia,Mobile,False
e0afb658-7fa3-4fd9-ad6e-5d356ad873bc,2024-04-04,Account Update,AI Chatbot,2.35,Pending,0.52,2,3.7,b1cf78d0-4045-4dbc-995b-bfb1634781a6,California,Mobile,False
6726f84e-cdac-4d81-bf2a-4e1cc109f91a,2024-05-04,Product Information,Human Agent,7.56,Resolved,0.73,3,3.44,7f80f638-0762-4c30-82e3-9f42202e798b,North Carolina,Tablet,True
bd52f2ea-eb7b-448b-a66d-3f61973de62f,2024-06-08,Password Reset,AI Chatbot,2.2,Resolved,0.54,4,4.37,7ac21fba-8050-4596-a557-41d8e20e3b69,North Dakota,Mobile,False
abbc58dc-426b-484a-924b-ab601c6f8b87,2024-06-04,Password Reset,AI Chatbot,0.96,Resolved,-0.16,4,6.62,34b2264f-7d1f-408b-9213-5609677b821b,Oregon,Desktop,False
6cd90fa7-d987-4bb6-981c-31d0016f18e3,2024-04-28,Billing Question,AI Chatbot,1.66,Pending,0.06,1,3.36,22cf149f-b584-42a5-a97e-10a84254a169,Montana,Desktop,True
9a602b78-a055-42f4-882a-6b37ed3ba73e,2024-01-09,Shipping Inquiry,AI Chatbot,0.93,Resolved,0.54,5,2.18,08f71b5d-09c0-4bd0-93d5-d7de5d31f847,Alaska,Desktop,False
235903b6-661a-4118-b9e4-32b1201aacd8,2024-03-15,Product Information,Human Agent,10.9,Pending,0.6,3,6.01,c0e183be-3cd0-48a7-a164-ecc3bbdfe2b4,Alabama,Desktop,False
5cdd5f1f-4588-4012-8e55-6b23f2290958,2024-04-22,Billing Question,Human Agent,10.48,Resolved,0.77,3,5.85,1fd1e83b-7fb4-4a91-ac3c-fd797e3c9a31,Mississippi,Tablet,True
617160d8-22b1-4f32-8bd7-30dd723caaf7,2024-02-27,Billing Question,AI Chatbot,1.81,Pending,0.07,1,-1.19,16871b29-62c6-4495-8a57-5ac100bd1501,Kansas,Mobile,False
94567efa-0e48-4f13-9357-055b49da36f1,2024-02-17,Account Update,AI Chatbot,0.87,Resolved,0.75,5,0.52,63ea8d5e-611a-424a-bc87-221f252132d3,Idaho,Mobile,False
a4dc936c-4d0d-475b-ab44-4dc4af4700e9,2024-04-03,Technical Support,AI Chatbot,1.37,Resolved,-0.19,3,0.75,0014f2c4-fa69-4e0c-a1b8-cf193cbb2a7f,Missouri,Mobile,True
49493f41-e9fd-48b0-b071-948b8e8cb23d,2024-01-27,Product Information,Human Agent,5.78,Resolved,0.32,4,7.26,59cba245-01a3-4660-bcad-4433484fb84e,South Dakota,Mobile,False
38e6c3a8-c872-44a1-b2b0-eb3286cad1aa,2024-03-23,Password Reset,Human Agent,11.55,Resolved,0.23,4,7.46,5e5b217f-0ded-4181-bbfe-2fd4335b398c,South Dakota,Desktop,False
de45904d-2dae-406a-978d-0cd7cdbec71f,2024-02-04,Shipping Inquiry,Human Agent,7.35,Resolved,0.09,3,6.11,96c57a6b-141f-4290-8e41-71e77935a3f6,Wyoming,Mobile,False
212bffec-faa3-4bd7-999a-4d7ea9ec55b0,2024-05-03,Product Information,Human Agent,4.36,Resolved,0.06,4,6.88,fd5bf590-5d7b-4116-930e-d0e1226d114e,Alaska,Mobile,True
3d735122-fa95-45a6-9357-f81c2cf72587,2024-05-06,Password Reset,Human Agent,9.2,Resolved,0.51,3,6.26,5406abe8-a0a8-435a-ac83-a5ba95407a25,Alaska,Desktop,False
39460e6c-904d-4fdd-913a-53d96eec1ae4,2024-06-26,Shipping Inquiry,AI Chatbot,2.51,Resolved,0.07,4,4.15,e18d0df2-79d7-4522-a924-14696d513226,Michigan,Mobile,True
941ab10f-6083-437c-a911-5039e56553b0,2024-04-22,Shipping Inquiry,AI Chatbot,1.69,Resolved,0.84,5,1.63,699bef32-1157-49b7-b139-8da9a94bb12f,Texas,Desktop,False
1650250a-cebb-49b2-aa44-a18d75732bbc,2024-04-01,Product Information,AI Chatbot,1.2,Pending,0.44,1,3.72,3118365f-d78f-4e1a-889a-6b894052a979,Washington,Tablet,False
9a3fbc43-868f-4a19-b89d-643b1c8b3ef1,2024-05-08,Billing Question,Human Agent,6.98,Resolved,0.51,5,6.82,8f7cadc4-a00d-4469-890a-b99739b46eb8,West Virginia,Tablet,True
b2f326e6-29e5-49f8-980b-952fc8ac8e5c,2024-01-28,Account Update,AI Chatbot,1.84,Resolved,0.02,3,-0.13,1a3803ed-10b2-4ec0-8e9c-5cbadeff6e8c,Connecticut,Desktop,True
6205f709-e6f0-4b1d-ba01-40b417a3394a,2024-03-11,Account Update,Human Agent,8.27,Resolved,0.13,3,6.66,7cc5be3c-dc79-411e-8d39-f84d54367fb8,California,Desktop,False
a954b64a-ed0c-49a8-b780-0e4e72f5cf35,2024-06-24,Product Information,Human Agent,3.28,Resolved,0.66,3,3.97,fbdc7f65-2476-4d93-9261-6ebc41235109,Illinois,Tablet,False
f83178cc-a2e1-4335-9868-d3fe606ecfea,2024-04-15,Billing Question,AI Chatbot,2.03,Resolved,0.15,4,4.65,64572e69-a642-4962-926b-d0303112274f,North Carolina,Tablet,False
b9d577f1-d231-44cb-aa6d-7f2a50605e0a,2024-01-07,Shipping Inquiry,AI Chatbot,1.73,Pending,-0.21,1,2.28,5ecbe022-493d-4239-a8d8-94f29a51b23f,Tennessee,Mobile,False
03ed5464-69cf-46cf-8a56-51b632026d2d,2024-02-05,Shipping Inquiry,Human Agent,9.5,Resolved,0.55,4,6.76,703236ba-706b-43d8-aea8-d534b1db09d0,Florida,Mobile,False
8d7d060a-e054-4d31-a668-67c77c991e4e,2024-01-08,Account Update,AI Chatbot,1.15,Resolved,0.11,4,1.39,5eb5c6b1-b560-418d-972d-ee09e983c2bf,North Carolina,Desktop,False
3768e2a8-8162-4767-b2dc-3eb331a91dc7,2024-06-12,Billing Question,AI Chatbot,1.45,Escalated,0.31,3,4.02,66c269e4-ec00-42de-8f02-4b42b7b461a6,Minnesota,Tablet,True
ff1aa95f-1e0a-4be4-af3b-416c98b86691,2024-03-10,Shipping Inquiry,Human Agent,5.47,Resolved,0.27,3,6.66,c5d7d1a5-2fe1-4c95-8474-95d64b2282fb,Delaware,Mobile,False
e8e46332-4e12-48bc-bc9e-252693a96184,2024-05-20,Account Update,AI Chatbot,1.24,Resolved,0.1,4,3.91,95e41c2e-4cf0-4fcd-9e21-46da8baae36c,New Jersey,Tablet,False
b3e33758-999a-41a6-83bb-2610827a1cf7,2024-05-30,Product Information,AI Chatbot,1.84,Resolved,-0.0,4,1.59,139dee02-900d-4c9d-b6b0-a8c1364e85f3,Ohio,Tablet,False
32e462d5-f77f-4cfc-9c95-0eebe1504c34,2024-04-20,Account Update,AI Chatbot,2.0,Resolved,0.63,3,1.92,48b1f809-7490-4da7-b27a-6bac7402e462,Kentucky,Desktop,False
41d6becc-a2ab-453c-a91b-c8bf669fc599,2024-02-14,Product Information,Human Agent,2.74,Resolved,0.04,5,7.03,5adecb34-dea8-4d59-ae2e-b9b679b6594d,Kansas,Mobile,False
32ee9209-50c0-4cef-8d11-f87cfb14c8b5,2024-06-21,Technical Support,AI Chatbot,0.84,Resolved,0.27,4,4.39,7533fe3c-7a2b-4f71-92bf-9db1a961e94b,Kentucky,Mobile,False
8cb84f0a-dcbd-4789-93b0-3054203e1ac4,2024-06-28,Billing Question,AI Chatbot,1.38,Escalated,0.36,2,2.48,945b1f62-8680-4bee-85c9-957ed2e83c63,Nebraska,Mobile,False
1ff5dc3b-9c93-4021-8a18-a4549d3287a3,2024-02-18,Password Reset,AI Chatbot,0.2,Resolved,0.23,3,3.81,a9678001-33c4-4aba-b24b-c0439b03e8aa,Arkansas,Desktop,True
08bc3cc1-aab4-4073-9925-5562318120e0,2024-05-15,Shipping Inquiry,Human Agent,11.05,Resolved,0.54,2,4.8,2ff778c3-13a8-44c8-85af-cb0f4a3a9e1f,Minnesota,Mobile,False
51cfc511-5ec5-4fa3-ba54-8e6c0d04f7ff,2024-06-21,Shipping Inquiry,AI Chatbot,0.74,Resolved,0.69,3,3.91,306e9f1a-ab8e-4342-850a-b6b81d39b80a,Iowa,Mobile,False
4d8335cd-0d77-4077-a4bb-59695636de7d,2024-06-11,Billing Question,Human Agent,11.28,Resolved,0.54,3,9.65,75e3c12f-5004-4714-925d-9961c66a5e27,Idaho,Desktop,False
cf777415-4abb-48b6-b6a5-521cad1b3f0a,2024-03-20,Technical Support,AI Chatbot,1.3,Resolved,-0.01,5,3.79,7dc9d4ce-f11d-478c-ab6b-eacb0da5b8e7,Hawaii,Desktop,False
3e161679-f3a5-489c-8af5-7983c8b5f556,2024-04-09,Shipping Inquiry,Human Agent,5.72,Resolved,0.67,4,4.7,2fd6b0d9-6caf-48e5-a747-23a9ec472ddd,North Dakota,Desktop,False
d4d4ec64-c9fb-41b8-8a9b-c0ae2a4a6ede,2024-05-09,Account Update,Human Agent,11.69,Resolved,0.29,3,5.77,9dc4a71a-1a5d-4ffc-bec5-dc68e961f402,Georgia,Tablet,False
0d6f0e55-67ae-4f36-b646-256b36cbd78d,2024-02-07,Password Reset,Human Agent,12.1,Resolved,0.52,3,8.97,17c51be5-222f-4a7e-8b19-c487489dcf8e,West Virginia,Tablet,False
70084557-9b90-493c-8cbc-58ea9e02f486,2024-06-01,Technical Support,AI Chatbot,1.63,Resolved,0.7,3,3.22,975f6102-3199-4509-9162-a7f388445601,Pennsylvania,Mobile,False
e5598174-35d3-4e4d-98f1-2a724519b598,2024-01-14,Product Information,AI Chatbot,2.28,Resolved,0.2,4,1.02,6400f9e9-7959-4531-8fb9-6d8c310ff10e,Hawaii,Mobile,False
2c8d8e2d-97ac-447b-97d6-72e9f06c1b3f,2024-02-13,Shipping Inquiry,AI Chatbot,2.43,Escalated,0.69,3,6.06,a8205c17-909e-47da-b9d2-47627432d962,Utah,Desktop,False
8724a6cf-c998-490e-a84b-c116215fc823,2024-01-19,Technical Support,AI Chatbot,0.77,Resolved,0.14,5,1.31,8a1db1b2-0e34-4c8d-b512-a3c714658c3a,West Virginia,Desktop,False
07b931f4-d63c-4164-9f9d-f2de608a6d2e,2024-02-12,Billing Question,Human Agent,7.64,Resolved,0.95,3,6.0,827c1406-01e5-44a4-bfa6-83c432851bc4,Florida,Mobile,False
541501ec-a4e3-4983-888b-a18a87c65e67,2024-06-05,Billing Question,Human Agent,2.74,Resolved,0.69,4,4.62,fed7ce01-5b84-4adc-bfa6-0b7ba761d155,Alabama,Desktop,False
799747d6-3220-408e-a828-45dfaf668e24,2024-04-13,Technical Support,AI Chatbot,1.39,Resolved,0.3,4,1.19,4c6fb2b6-9c5b-4036-9d50-89dfa2e1c5aa,Maine,Mobile,False
60bfe58a-3c63-4159-9d8e-240fa38dbdba,2024-03-21,Billing Question,AI Chatbot,1.89,Pending,0.31,1,2.96,507343d6-db84-43ab-9587-469d61fbad99,Massachusetts,Mobile,False
e4fb3b17-8821-4d40-9c1f-89e5415cb5a9,2024-05-01,Account Update,AI Chatbot,0.66,Resolved,0.0,4,2.08,8373bd46-cb86-4b7f-ba35-f59ea65d805a,Florida,Desktop,False
fae338fa-d298-47d0-bcc1-72ce808ecf5d,2024-01-08,Product Information,AI Chatbot,1.16,Resolved,-0.07,4,5.32,6d9ac82f-3b76-4374-8ac8-598183772222,Vermont,Tablet,False
81a2394e-1388-4a3e-8479-00494411a92f,2024-04-19,Technical Support,AI Chatbot,1.45,Resolved,0.57,4,0.82,f14cc713-c76e-43ae-ab11-b8378acd1680,Delaware,Desktop,True
04c2cb19-aa6b-415e-aaf4-c114816afbb5,2024-02-02,Account Update,AI Chatbot,0.2,Resolved,0.73,2,2.76,0a93cf64-0e29-44f1-b887-aa889c5a049d,Nebraska,Tablet,False
d5f58798-3f18-454d-bf64-c420d55e15ca,2024-01-05,Shipping Inquiry,AI Chatbot,1.71,Resolved,0.11,3,3.22,f1e6cd67-1ffb-4d78-a84d-5b6159976b81,New Mexico,Tablet,True
45c9c281-eac2-495c-9735-46dded1b02c9,2024-04-17,Password Reset,AI Chatbot,1.23,Resolved,0.34,3,3.07,24f63d19-0dc9-4f60-87e8-598ec7df1837,Ohio,Desktop,True
dcfdffaf-b8e4-43a2-a99d-b8f2ab34d441,2024-03-15,Technical Support,Human Agent,2.93,Resolved,0.27,2,7.4,f555c20f-f10b-4978-9498-399e0af22243,Louisiana,Tablet,False
e59e8c50-3780-4a33-966a-4d7e637f2793,2024-02-19,Account Update,Human Agent,5.14,Resolved,0.26,4,8.98,097d3d4c-4b02-4aee-84ee-063387b02bbe,Illinois,Desktop,False
025a2cbb-aba8-4af9-9be5-eeee1bbcfa1a,2024-01-28,Password Reset,Human Agent,6.56,Resolved,0.3,3,5.44,d10a799e-8ed7-44a4-8300-32d836446372,Arkansas,Desktop,False
bb47bcc3-1a3f-4485-a1ef-487686cd3969,2024-05-20,Product Information,AI Chatbot,1.8,Escalated,-0.49,3,6.5,4af17023-498f-4e77-a713-6ce3597d2aca,Alabama,Desktop,False
54c4f6d9-d60d-47f8-a3ea-4e01df9a5b45,2024-01-20,Password Reset,Human Agent,6.45,Resolved,0.84,2,5.77,03bf18f8-323b-4a41-88fe-335647d5ef13,Hawaii,Tablet,True
681ae00e-83d0-4871-b3e2-c10fead53769,2024-03-04,Product Information,AI Chatbot,2.55,Resolved,0.31,4,3.58,3a2adb1a-fb6a-4313-90da-a2271f7b261c,Oregon,Mobile,False
4caf0254-720a-411f-9bbe-7cb9ef7f169e,2024-03-18,Account Update,AI Chatbot,1.42,Resolved,0.03,5,2.13,aa9c5705-2a8b-4547-9da2-9fec735916e4,Nebraska,Mobile,False
24d6a1b2-8f08-40be-a7ed-febc7d30ab6e,2024-05-10,Product Information,Human Agent,12.27,Resolved,0.08,3,5.99,6975ca88-ff1e-4bc7-a86d-8d9203d69064,Massachusetts,Mobile,True
df66a06c-cdfb-45e7-9fba-dcf6f72e4dc2,2024-01-16,Billing Question,AI Chatbot,1.48,Resolved,0.97,4,1.49,99b197b4-cc8e-40eb-ab2a-5b8cc4a559f9,Wisconsin,Desktop,False
011910ce-9941-413d-a55e-dfd10f7871e9,2024-04-06,Billing Question,Human Agent,2.39,Resolved,-0.07,4,10.75,f8e53cdd-cf9e-423f-9a27-90464d499520,Massachusetts,Tablet,False
9e23b1fe-8260-4d99-904f-6c45f310934a,2024-04-05,Account Update,AI Chatbot,1.6,Escalated,0.28,2,3.13,ae92a56e-a638-49dd-97b8-02bb1fbcf464,Georgia,Tablet,False
0df984d4-a052-4978-9365-b2dc9f222824,2024-05-22,Product Information,Human Agent,8.24,Escalated,0.1,1,6.51,24900ba3-1cfa-4c62-b3e4-39328d6f0bf5,Louisiana,Desktop,False
46a0c7d7-703a-4f3c-900a-f5ec4acdbe66,2024-05-15,Technical Support,AI Chatbot,0.87,Resolved,0.15,3,1.69,a0092a07-ac74-4c62-ae7b-b310c6fc6cbf,Mississippi,Tablet,False
bf3190f7-b765-4ab4-9e4b-261c31ec7507,2024-01-11,Password Reset,Human Agent,6.31,Resolved,0.05,4,7.44,e0d5fe84-a839-4175-847c-52a0f23f093c,Oklahoma,Desktop,False
89e3b518-88c7-4c3d-8595-29581232cdd1,2024-02-24,Technical Support,Human Agent,2.25,Resolved,0.82,4,6.05,a56955d5-54ed-41a6-975d-9df6ba52d033,New York,Mobile,False
d3053ddd-7ea3-447d-9c52-2d2e14ff40fe,2024-04-12,Billing Question,AI Chatbot,1.88,Resolved,0.12,3,2.81,06f211ac-4d8e-4a98-988c-be2d96c45b2f,Delaware,Mobile,False
5a26d4a8-ae08-4336-9257-ec7af6143eb7,2024-06-12,Technical Support,AI Chatbot,1.26,Pending,0.28,2,4.96,ad28e431-85f5-4561-8665-c7b6b1153ccc,Alaska,Mobile,False
82e23b75-b650-4b41-8b04-212224347bbf,2024-04-20,Password Reset,Human Agent,5.02,Resolved,0.67,4,5.97,38665d99-a2fd-4b57-8a9f-f0af8a921176,New York,Desktop,False
37b00e1e-457b-4e50-8fa2-d41b32535703,2024-04-10,Password Reset,Human Agent,10.04,Resolved,-0.03,3,8.42,b58a7adf-7fac-4cc7-8760-e0e2ef5d0f02,Nevada,Desktop,False
c907af14-89cd-4696-906e-7851a7be3613,2024-03-06,Account Update,Human Agent,7.54,Resolved,1.0,4,8.56,be0b563e-cefd-4ce1-b19f-bb6a15c183b1,Kansas,Desktop,False
24847516-0d12-4bbf-b0e9-7d18c5336992,2024-01-31,Technical Support,AI Chatbot,1.65,Resolved,0.92,4,5.04,9e8e8dcc-5004-4336-9e0f-b45411f95b57,Alabama,Tablet,False
4f830cf1-e2a2-4fa8-8cef-4517a5d800af,2024-03-13,Shipping Inquiry,Human Agent,2.11,Escalated,0.28,3,8.7,0d5bc995-bf24-4178-a266-bb4a6627caea,Minnesota,Desktop,False
2fec5498-ebf0-4b60-bc90-d8c903ae8ee8,2024-01-31,Product Information,Human Agent,7.44,Resolved,0.2,2,4.54,1f348600-1469-4074-afc0-1611e4869b18,Utah,Tablet,False
c54148de-1408-4139-bf79-ccf19e75f8f4,2024-05-09,Password Reset,Human Agent,6.29,Resolved,0.3,3,7.61,e74890cc-1fe6-4ec9-a5c7-97ff33c06b4e,Tennessee,Desktop,False
21b6cc55-d0d3-4b6e-b67e-cdcef099b8ab,2024-03-14,Technical Support,AI Chatbot,2.43,Resolved,0.68,5,3.79,6ff2b5f5-bbac-46ed-99ae-3d5e811ce4da,Tennessee,Tablet,False
5d0dba24-0bd8-454e-a39c-5be8e9997937,2024-03-25,Technical Support,Human Agent,12.38,Resolved,0.55,3,6.64,663b8cbf-3504-4d2b-a419-e991a0851d12,Kentucky,Tablet,False
7908cc66-3cb5-47e5-be72-ae26b4901366,2024-06-28,Account Update,AI Chatbot,1.73,Resolved,0.04,4,3.77,0081dc7f-b0c4-4991-b281-86698062b531,Maine,Desktop,False
0967ae25-bf0c-492d-a4fd-e9db0d2d129a,2024-03-25,Billing Question,Human Agent,12.2,Resolved,0.7,4,4.67,fce85c21-61f5-4644-8edc-a177c4bd2b07,Virginia,Mobile,False
5b40cfd6-20f5-49a5-9627-10418dee7473,2024-05-17,Password Reset,Human Agent,7.8,Resolved,0.6,4,5.98,1455109a-8c94-4bcd-90aa-62eb0f3f8535,North Dakota,Desktop,False
8b879886-7a8e-4c67-887e-9ea3d33472c9,2024-06-14,Password Reset,AI Chatbot,1.55,Resolved,0.55,3,5.12,756a526a-6ba7-4a44-8592-889fc2837b81,Nevada,Tablet,True
897d956e-512f-4ef5-9818-f9be1af60ae6,2024-02-02,Account Update,AI Chatbot,2.72,Pending,-0.01,4,3.22,3c578693-3567-4780-9207-de3e5e47d55a,Alaska,Mobile,False
1c995811-e06c-4f5e-ab7f-95132e92f512,2024-02-23,Shipping Inquiry,Human Agent,3.27,Escalated,0.31,2,9.4,eaba96f0-a4dc-40ba-bffb-f894d4b7ba4b,Maine,Tablet,False
97bc056c-47fb-4b43-beb9-8343c95e5433,2024-03-25,Shipping Inquiry,AI Chatbot,1.44,Resolved,0.34,4,3.36,064a37c7-b914-4637-a218-e5550cedc193,Pennsylvania,Desktop,False
48e41c01-7e80-4474-a732-4d99ec598bdb,2024-03-29,Billing Question,AI Chatbot,1.52,Resolved,0.45,3,2.42,71b2c4fe-2ca7-4371-8a8f-17beb4b35a84,Florida,Tablet,False
52ab3d53-05ef-428a-ae6f-05943000e4f2,2024-04-01,Billing Question,Human Agent,6.57,Resolved,0.49,4,6.22,dc6d0b59-b60b-45cc-8010-df935337cf81,Tennessee,Desktop,False
b931ca1b-6620-4deb-afbf-08863506d209,2024-02-08,Shipping Inquiry,AI Chatbot,2.83,Escalated,0.03,3,2.47,bbd64355-2be9-45eb-95f1-2e755ad66f9c,Nevada,Mobile,False
9e5b0aa7-692e-4610-b37d-6be89e2f01ff,2024-06-21,Billing Question,Human Agent,6.52,Resolved,0.19,3,6.86,72e19682-b0e7-4a76-9316-3e140c585b0b,Arizona,Mobile,False
6adc0d09-f332-4876-9e98-a0ba2b76001f,2024-06-20,Billing Question,AI Chatbot,1.79,Resolved,0.24,3,3.97,628b4e85-b7c4-43f6-ba6a-d918e799b735,Kansas,Desktop,False
4cf431b3-98a8-41da-90d7-b0d3c53652f1,2024-04-18,Technical Support,Human Agent,5.86,Escalated,0.06,3,6.49,63fa240a-c649-46dd-8f34-a579e2f64779,Indiana,Tablet,False
ee886887-0f7c-4b62-907c-1005dae30fc1,2024-05-16,Account Update,Human Agent,7.23,Escalated,0.55,3,6.8,2d725ed4-e71f-4742-81b5-a1d13321cb14,Georgia,Tablet,False
fb78fc4e-9700-4f26-af6b-9c6036d70f1d,2024-01-01,Technical Support,AI Chatbot,2.55,Resolved,0.7,3,3.14,de99cc82-a7ca-4523-b3e1-c542e8fc5fab,Georgia,Tablet,False
3f39062f-4766-4366-8d85-6ab03a6fa331,2024-03-11,Shipping Inquiry,AI Chatbot,1.57,Resolved,-0.04,2,2.28,6eed4931-09f4-404e-9d95-fa3dd98d7f69,Ohio,Desktop,False
c8af88c1-8405-49d7-8531-0ad4537b0c5d,2024-03-26,Billing Question,Human Agent,6.8,Resolved,0.32,3,6.38,bac08569-d232-4c74-9b6a-985ddb9bbf84,Iowa,Tablet,False
b76f256c-d371-437f-ac9f-26128356c1fe,2024-05-14,Product Information,AI Chatbot,0.29,Pending,0.07,2,3.84,f4f307d4-3689-4dc1-89ad-a3e7f6eed651,Wyoming,Mobile,True
a7aeb457-7c60-4dfe-8dae-98274817d9cf,2024-05-31,Shipping Inquiry,Human Agent,8.57,Escalated,0.83,1,5.62,42fb82df-1ce6-4901-a819-096afa81a5c9,Arkansas,Mobile,False
24382813-3a2b-41a8-8664-b7a1252f6435,2024-05-18,Account Update,AI Chatbot,2.84,Resolved,0.31,5,3.8,366955ce-9e8d-4813-84af-e724ac10c782,Oregon,Tablet,False
7dcf8f87-dc4f-497f-b4f5-1d1f517173b0,2024-04-11,Billing Question,AI Chatbot,0.23,Resolved,0.88,4,4.01,5adc3aee-9eb3-4e56-830d-d9030f87d709,Rhode Island,Desktop,False
6a6cfdff-82ab-4248-9655-3f46d4a43275,2024-06-16,Technical Support,Human Agent,3.58,Resolved,0.11,4,6.28,682c738d-bf8e-4758-90d0-6ad1433316f5,New York,Tablet,False
8ce432a2-86cb-47bd-86a6-0f730c79f7d0,2024-06-05,Billing Question,AI Chatbot,2.57,Resolved,-0.23,3,3.85,07f2fdfa-6dcb-4b23-b1f8-4c08375ae817,Massachusetts,Mobile,False
45e6b160-d406-4c28-9ebc-1209218852db,2024-04-12,Product Information,Human Agent,2.58,Resolved,0.22,4,7.09,06f2260f-9069-4e0c-99cd-2578aedb1a11,Ohio,Mobile,False
4bbfbc04-2a8a-445c-9c4d-1ef87d3b3afc,2024-03-23,Password Reset,Human Agent,9.01,Resolved,0.55,4,6.97,20b19268-90a2-4952-9722-815e4f1865e8,Michigan,Mobile,False
596a8c99-3f33-4d2b-a1a7-5e8899d1774b,2024-01-03,Billing Question,AI Chatbot,1.55,Pending,-0.33,2,2.86,263aa25a-e71b-4172-a52e-d6e2481c83ed,Connecticut,Mobile,False
ed3922c3-6071-4cc8-87ce-80e3b28e8017,2024-05-25,Password Reset,AI Chatbot,0.88,Resolved,0.16,4,2.57,b37c6d65-e6ca-4228-99fc-ef7bdfbd7639,Wisconsin,Tablet,False
d4619d1f-be4a-4e4b-9207-5e117bbe4afd,2024-04-18,Billing Question,AI Chatbot,1.89,Escalated,0.22,1,6.01,170fdab3-ac17-4c9b-baf3-c6bd58275e42,Illinois,Tablet,False
e463bda2-7947-4e82-ad82-247941445709,2024-05-21,Technical Support,AI Chatbot,2.37,Resolved,-0.24,3,4.37,b5540daa-502b-42a7-abfb-1f3120374a12,Alaska,Desktop,True
7ae52e83-57ec-48a3-a663-cd4dec971942,2024-05-30,Shipping Inquiry,AI Chatbot,2.21,Resolved,0.25,2,2.37,ce0cafc8-4fb1-4900-8708-84fc57a64094,Washington,Mobile,False
6ad3c3e9-9b1b-417e-a07a-54aa71471d43,2024-05-20,Billing Question,Human Agent,6.89,Resolved,0.82,2,5.47,bc7db429-fe48-4be1-949c-15d889235eed,West Virginia,Desktop,False
4f9ada58-d123-45c6-b142-a926b470f895,2024-05-11,Account Update,AI Chatbot,2.48,Escalated,-0.24,2,3.33,c8779de6-2bdd-4dd8-86c3-ebfc3a7f2b4e,Idaho,Desktop,False
55ffd6bf-5c2d-4fba-b28b-9565b8530605,2024-01-01,Account Update,Human Agent,6.71,Resolved,0.01,3,4.18,e0846d89-a955-4a66-9446-b7490f7d60d4,Michigan,Tablet,False
4bca2264-cba6-4bce-b0d7-cea6fb43b209,2024-02-19,Shipping Inquiry,Human Agent,4.4,Resolved,-0.57,4,7.96,86e3b1e9-3caf-48a1-a163-77a6249db198,Iowa,Mobile,False
bef2de90-a1c6-4ab0-a18d-d8d6e37e1e71,2024-05-02,Billing Question,AI Chatbot,3.11,Resolved,-0.12,4,3.35,a289ce24-8d28-4800-ac8b-b9589ae34f2b,Massachusetts,Tablet,False
a9372e72-0999-49c8-b630-b20358c59864,2024-03-16,Technical Support,AI Chatbot,0.82,Resolved,-0.29,3,3.82,e00fa7c3-201a-4c63-84b7-ef11f7e2d0b5,Montana,Desktop,True
3e084974-02a9-4709-87ac-a18bc022896f,2024-06-28,Technical Support,AI Chatbot,1.43,Resolved,-0.2,3,4.96,94f0fb2a-9bd2-4e05-a272-50358f79b4c7,Alaska,Tablet,False
b06f4c34-edb1-4283-91e9-3551eecd33d5,2024-06-01,Shipping Inquiry,AI Chatbot,0.83,Resolved,-0.04,4,2.87,83ed43b5-9c42-468b-a923-d82e8dcc6d1d,Virginia,Desktop,False
d97ee63b-1785-4ede-9cea-40f987b39bd8,2024-06-28,Product Information,AI Chatbot,3.12,Resolved,0.07,5,1.51,007c137a-5245-438d-a2ca-c95d09b10d04,Florida,Desktop,False
a8e604be-846c-4943-9ecf-7ef50f864e9b,2024-04-14,Shipping Inquiry,AI Chatbot,1.66,Resolved,0.52,4,2.93,0f2e5072-debd-48c5-b516-57e9ac01958a,Michigan,Desktop,False
896ddad7-b0d9-4b00-a02c-e2f83e1a1993,2024-01-02,Password Reset,AI Chatbot,2.77,Escalated,0.29,2,1.28,16c6b092-1b9b-4971-abf9-a0098fd60936,Nevada,Desktop,False
4be476fb-0255-4db9-82c1-ecb0bbcd3a4e,2024-04-30,Shipping Inquiry,AI Chatbot,1.08,Resolved,0.05,4,1.78,d7d715d5-e5d5-4c88-96f4-35e674df0715,Alaska,Tablet,False
619bf7f6-33f3-4228-8901-f3bf604c3981,2024-04-10,Technical Support,AI Chatbot,2.46,Resolved,0.18,3,2.41,0f099dea-50ef-45f7-bb28-5ab6abc2f7b7,Michigan,Tablet,False
e5d6602b-2685-4221-8787-9cf9db0da2d1,2024-02-23,Technical Support,AI Chatbot,2.15,Resolved,0.76,4,0.19,13889f45-f8a6-44d5-b655-4eb101d97462,Rhode Island,Tablet,False
4a0feaca-62e6-4196-b569-00c2a54ff845,2024-04-07,Password Reset,Human Agent,3.09,Resolved,0.1,3,7.24,9888d4c0-c12e-4d7d-a7de-f6d0ff1cb548,Michigan,Tablet,False
a92bc2e0-a726-4fd1-b70f-fb981b8098af,2024-03-24,Shipping Inquiry,AI Chatbot,1.99,Resolved,0.38,4,1.53,2f2e91c7-b8bc-42ed-8fcf-bc0032e3c84c,Texas,Mobile,False
30fd226f-2f2d-4e18-acdb-917c24013d1c,2024-01-09,Password Reset,AI Chatbot,1.32,Resolved,0.65,4,1.09,2048c87e-4dcb-40ce-9e30-6a1eb9c6503b,North Carolina,Mobile,False
3b5ee3e2-d6d8-487d-ad2f-a50b6dc2b102,2024-06-13,Technical Support,Human Agent,9.21,Resolved,0.69,4,5.45,9d26b0c0-086c-44be-aefb-1d0af602c2d9,Maryland,Desktop,False
de0049af-9bc1-4fb2-a559-69d8ed5d3c34,2024-01-19,Product Information,AI Chatbot,0.32,Resolved,0.19,3,1.02,07a63906-2cc0-4929-b79d-21b9ee63c363,Kentucky,Desktop,True
5a7d47c2-0600-4752-a5fe-a936e2c55d16,2024-06-12,Billing Question,Human Agent,7.91,Resolved,0.1,3,7.59,18b51b7c-8ef7-4761-a46f-c663307126fc,Iowa,Desktop,False
09ef2992-d340-4144-ab3d-0eda3cd9edbc,2024-03-16,Shipping Inquiry,Human Agent,5.11,Resolved,-0.07,4,10.27,a3c03a27-5656-46b0-b450-d7811e2f7596,Arkansas,Mobile,False
0dd2d58e-10e1-43f1-860f-1730f091db7e,2024-05-30,Password Reset,Human Agent,3.6,Resolved,0.71,3,6.22,2cabda83-4e97-46e7-b8ca-3137f73f3618,Minnesota,Desktop,False
ff5dc573-6863-4501-b036-9a276030beb5,2024-05-16,Password Reset,Human Agent,3.56,Resolved,0.01,4,5.98,929ea8d8-d7e9-4533-9df4-013f3c7ebbad,Rhode Island,Tablet,False
7244749e-53e9-45f5-97ed-ffa53cdb373d,2024-01-30,Account Update,AI Chatbot,0.57,Resolved,0.21,4,3.35,b680045f-3edf-4eff-8376-21d080c21c10,Montana,Tablet,False
1065ff92-fd46-434d-9b72-f56fc3bc6256,2024-06-20,Technical Support,Human Agent,5.51,Resolved,0.15,4,6.8,214e34ad-f867-4797-be7c-56f0abcdc480,Indiana,Tablet,False
73155cc5-9f9a-44a9-97d2-ef6e677ced1e,2024-06-04,Password Reset,Human Agent,2.56,Escalated,0.27,4,9.11,45421b69-d851-46e1-82e7-b3e435f5f326,North Carolina,Desktop,False
ff3ea5e9-aead-44ed-9900-5a1a676f0fcd,2024-06-27,Account Update,Human Agent,15.52,Resolved,0.89,4,5.26,f7b70991-64ec-4063-a21d-2022454c0d94,South Carolina,Mobile,False
bf5392c6-708b-4198-ba1f-09b6d3460713,2024-02-19,Account Update,AI Chatbot,2.36,Escalated,-0.35,2,3.11,8ab43667-ca5e-4795-9af4-ef660a364d0c,Oregon,Mobile,False
8d20c3bd-7463-45b1-ba64-c472d30305fe,2024-01-21,Shipping Inquiry,Human Agent,9.07,Resolved,0.27,3,9.71,b600f833-3789-4ad0-b9be-ff7808cc8f25,Utah,Mobile,True
02ad7822-e041-4fbf-ad0c-748bcc0d515f,2024-05-15,Product Information,AI Chatbot,1.69,Resolved,0.57,3,3.11,05824a6e-fcbf-4e06-9857-83b894d57ea3,Indiana,Tablet,False
d8ee686a-6f1c-4c4e-b80f-4823607195b2,2024-03-09,Technical Support,AI Chatbot,1.61,Resolved,0.35,3,2.07,cad2ce4d-a4e6-48e7-b803-34648e0d7a96,Ohio,Mobile,False
f6698e3e-922c-44f9-bd74-cc1f4a3810a8,2024-02-26,Product Information,AI Chatbot,2.02,Resolved,0.4,4,1.44,09b385bf-c462-4d98-ba4a-7d1cab206023,Ohio,Desktop,True
1063f720-04c5-4d07-83ce-9ebf67079f2f,2024-01-27,Password Reset,AI Chatbot,0.9,Resolved,-0.19,3,1.93,fd296163-a73d-412c-8956-aa64ee75e38d,Missouri,Mobile,True
6b37b7f1-0d17-4b47-ae07-23d1b06026d8,2024-04-09,Shipping Inquiry,Human Agent,1.81,Resolved,0.77,5,9.98,ff70b444-295b-4e93-86e0-e7c256895e8e,Arizona,Tablet,False
228cc5e7-3e1b-4eb2-9884-2c0d403f8f34,2024-06-27,Account Update,AI Chatbot,1.61,Resolved,0.58,4,3.36,8a6d1741-82ab-4d74-b5d8-a491a0a8fc05,New York,Desktop,False
4319fa53-6697-4ac9-8f6b-091a35a53c09,2024-06-28,Technical Support,AI Chatbot,0.65,Resolved,0.15,4,1.13,1aed2c9c-9435-47e1-ab19-6d671f15dce8,Illinois,Tablet,False
b9f965e7-7542-4ae5-a867-2ac1d90d424b,2024-04-13,Billing Question,AI Chatbot,3.0,Resolved,0.7,4,1.79,4531bd89-c9c5-4535-8758-0308063b1cc0,Virginia,Tablet,False
a4b6dbd7-231c-488c-b05e-314aff169b1f,2024-02-01,Technical Support,AI Chatbot,1.9,Pending,0.15,1,3.42,942e4708-5ab4-4090-94b8-c91a354cc3d7,Pennsylvania,Mobile,False
906cf395-5ba2-4615-b911-3bf073a1adaa,2024-03-29,Billing Question,AI Chatbot,2.48,Resolved,1.0,3,4.32,fecb0475-7b7e-41ef-8c93-148c60a13501,North Carolina,Mobile,True
e5980ae7-006e-4bde-b7c5-78071f5775d4,2024-04-12,Password Reset,AI Chatbot,2.57,Escalated,-0.11,1,2.47,ab5ed518-0eee-4069-beb5-abb482796dfe,Kentucky,Mobile,False
486ef3aa-d461-44e9-be34-b15e0d078d21,2024-01-17,Account Update,AI Chatbot,0.44,Resolved,0.24,4,2.39,c1d1f9ad-7952-4fb2-90cb-7f002b52857e,Texas,Mobile,False
b06b103e-52d2-45c1-ab20-5a7be9473048,2024-03-04,Product Information,Human Agent,11.92,Resolved,0.33,3,6.66,1e1cb080-0521-456c-9e2e-4540e3efdbc6,Delaware,Desktop,False
0e5b9ffb-c881-4b11-938e-c39d179c4851,2024-01-14,Shipping Inquiry,Human Agent,7.43,Resolved,0.45,3,6.65,cd36899d-7f01-4dd5-90c8-2dac7c9f18be,Oregon,Desktop,False
b3a1cc4b-ac48-4baf-9f8b-2576a6b64b99,2024-03-27,Shipping Inquiry,Human Agent,7.66,Resolved,0.22,3,2.99,52003341-468c-4995-b9e4-58e19cd89870,Wisconsin,Mobile,False
dd2037fe-44bb-438a-8be0-446d33481a3d,2024-01-12,Product Information,AI Chatbot,0.24,Resolved,0.14,3,2.06,d10f702e-8f39-46d0-abb7-3a3b4a429c5c,New York,Tablet,False
b9403226-0770-45b1-a051-41e5d95589bf,2024-04-01,Billing Question,Human Agent,7.92,Resolved,0.19,3,8.13,393973e2-d575-4591-8bb1-0efcf115a70e,Wisconsin,Desktop,False
79c02187-9427-4b59-bace-602c7bc7c71d,2024-02-03,Account Update,AI Chatbot,1.93,Resolved,0.52,4,4.37,e900bc05-bfdb-44da-ad09-bbe1c8112798,Michigan,Desktop,False
2e173486-6330-4ec2-b678-35fd26905863,2024-02-10,Technical Support,Human Agent,14.21,Resolved,0.39,3,7.04,93b26708-d1c9-48b0-9206-217e76739428,California,Desktop,False
2bfb1f8b-f63f-4b40-8812-c4fe585f2ac1,2024-01-18,Billing Question,AI Chatbot,1.41,Resolved,0.06,3,3.2,83e94f64-ca9a-4355-9f8f-92d59f679017,Vermont,Desktop,False
2049019a-a6bf-4424-99de-1f0b2104a4df,2024-01-15,Shipping Inquiry,AI Chatbot,1.22,Escalated,-0.13,2,3.95,ffc64e2b-8665-44c9-96c5-9685ae39085b,Vermont,Tablet,False
626a1243-be74-4307-a2b7-c934601e46fb,2024-03-18,Product Information,AI Chatbot,1.15,Escalated,0.22,2,0.12,e25e3d7d-fab8-4583-bf55-dedefd730d9f,North Dakota,Tablet,False
198cf537-04f8-4ac7-b4df-919bbef5f99a,2024-04-28,Password Reset,AI Chatbot,1.45,Resolved,0.24,4,5.15,3340a2c8-eceb-42ef-9272-b1ebe421253f,New York,Tablet,False
8a8e95f8-5a72-48ac-8a19-72c54bcc9ace,2024-04-29,Product Information,AI Chatbot,3.27,Pending,0.59,3,-0.18,c5724987-e121-4f2d-ac97-9c286a818b46,North Dakota,Desktop,False
7bf478a3-c72a-42cf-beec-72dd5973fd54,2024-01-17,Billing Question,AI Chatbot,0.77,Escalated,-0.06,4,2.57,59c6ac5f-b963-4730-92e8-76b1f65f0e03,Arizona,Desktop,True
70d785a8-16e4-46ae-9274-4f11f6b510c6,2024-01-31,Technical Support,Human Agent,6.59,Resolved,0.51,5,7.88,8d540e72-dd70-4b06-94ad-41b0f5009bc3,Virginia,Mobile,True
73bee596-1043-491d-9f3b-3865d7c8e497,2024-05-15,Account Update,Human Agent,7.31,Resolved,0.05,3,6.91,61da1913-4aa6-4b21-8e1a-1a67f0d30d96,Minnesota,Mobile,False
b77f845e-f5b1-49ab-8114-e6cc55940c5e,2024-06-05,Product Information,Human Agent,8.29,Resolved,0.21,2,9.13,343dca2f-af5f-410d-b497-fbe9b8cecb02,Virginia,Desktop,False
a1d3e546-47f7-48fe-ae14-7b52b54f1e19,2024-05-02,Billing Question,Human Agent,9.45,Resolved,0.47,3,8.86,da01df3b-6614-4142-9a36-a76bb3f87b3e,Alaska,Desktop,False
04a03dd9-2e08-403a-8c67-78e7f1665a1d,2024-04-23,Password Reset,AI Chatbot,0.97,Resolved,0.51,3,5.22,e16c8098-5929-425e-ae96-892cf617028d,Pennsylvania,Mobile,True
48adbed4-1252-4543-9873-7e7812e42a7b,2024-06-25,Account Update,AI Chatbot,1.89,Resolved,0.4,3,5.9,1e3ccc65-ae4c-4e97-b5ce-dc77d109e485,Pennsylvania,Desktop,False
f1b275bd-7a70-4fc1-b723-2091f9e7549b,2024-02-07,Account Update,Human Agent,9.63,Resolved,0.31,3,7.1,e48b52d2-a8c9-41bb-9091-4c2778712c1a,Pennsylvania,Mobile,False
093514a4-58f1-4116-a544-1f7c01f133d9,2024-03-06,Shipping Inquiry,Human Agent,12.78,Escalated,0.15,2,7.49,e00efed6-7546-4899-b0fc-bc92293bed74,Florida,Mobile,True
b4c46ce0-6543-4116-a935-54a5f0f63950,2024-01-27,Technical Support,AI Chatbot,2.68,Resolved,0.4,3,2.63,b79479eb-b105-4cc6-b965-5b5fc12a0adf,North Dakota,Desktop,True
9087c804-7942-4cd0-893b-c35b86fccf3e,2024-02-13,Shipping Inquiry,AI Chatbot,2.57,Resolved,0.6,1,3.64,fabe6618-019e-4f5f-969b-60c6a286c45a,Maryland,Tablet,True
b09e9d08-f427-40a5-b267-4b61a94df2ab,2024-04-14,Product Information,Human Agent,5.95,Escalated,0.29,4,6.59,83c7ba63-9706-4815-a18c-2e9f3152fc59,Mississippi,Tablet,False
3fc254af-802b-46d2-a4ae-ee66509489f0,2024-04-29,Product Information,AI Chatbot,1.14,Resolved,0.22,3,3.16,1de6110e-772c-4d73-a7cc-a0e7e5ef692b,Arizona,Tablet,False
afe9a61c-7811-419b-9d38-fdc6b97d67d7,2024-05-18,Technical Support,Human Agent,4.5,Escalated,0.53,1,5.17,e52fd43b-828d-4bd7-b9fa-163f08ed417f,Tennessee,Desktop,False
977d3129-bd87-4eac-ae0b-3633be1333b0,2024-04-29,Billing Question,Human Agent,4.76,Resolved,0.2,3,8.29,32dfbf44-1688-4de8-abdc-db6426088f57,Illinois,Mobile,True
35a4e185-0d85-4a7b-86e2-d1208595d821,2024-04-29,Product Information,Human Agent,12.0,Resolved,0.02,4,6.4,cb8c4417-9893-47ee-8427-aa6278fb3858,Arkansas,Desktop,False
e32e0bbb-ddc7-4343-9375-6dfeae88c90b,2024-02-24,Billing Question,AI Chatbot,2.01,Resolved,0.76,3,1.83,e95a8ef6-7992-4d14-86d3-5725d80c98a9,Colorado,Tablet,False
9bd4b070-2988-458e-8541-a61024235880,2024-05-03,Shipping Inquiry,Human Agent,8.1,Pending,0.13,1,6.76,9c011b6a-393c-46ad-ba08-4ca4d97b8baa,Washington,Mobile,False
3fbd9713-f020-4e01-9d39-c4f82dbf5296,2024-06-02,Product Information,Human Agent,10.9,Pending,0.05,2,7.48,d09758bc-bf6a-4324-b63e-1ace0e34cc09,Alaska,Mobile,True
ca20fafc-4663-445e-84f9-4b71755c8028,2024-03-09,Billing Question,AI Chatbot,2.1,Resolved,0.54,4,3.25,35bd74a0-5c16-4e1f-b180-98bd71a6443b,Virginia,Desktop,False
a340cf5c-7bdb-4708-bbd6-54d625a767ff,2024-06-12,Technical Support,AI Chatbot,0.2,Resolved,0.3,3,2.53,cca6fb1f-8cdf-4c94-8f47-6e4cdfacfe0c,Texas,Desktop,False
c52bfece-abe3-40c8-8397-a48565b064c5,2024-06-26,Technical Support,AI Chatbot,2.55,Resolved,0.03,3,4.68,26e51359-fd8a-4924-9610-4236f104bc5c,Maryland,Mobile,False
211bb95a-0b94-4678-8c38-ad08483cb0d8,2024-06-12,Product Information,Human Agent,7.06,Resolved,0.09,4,8.15,51144837-5cf8-4432-a4e9-5e17fb9b5da7,New Hampshire,Tablet,False
8aef1d48-d53d-4b89-86e5-9b59e10e9c9a,2024-04-11,Account Update,AI Chatbot,1.6,Resolved,-0.16,5,0.69,e244d1b1-baee-4a12-9d5b-34d7c3125ca4,Illinois,Mobile,False
b7ec2104-3ce5-45e3-8100-229b54da7b4d,2024-04-10,Shipping Inquiry,Human Agent,2.15,Resolved,0.43,5,5.92,1399e60d-6552-4c68-abec-fc63c3688e13,Minnesota,Desktop,False
2250f067-bfa9-48ca-8cd1-87ede4c83e1f,2024-01-19,Technical Support,AI Chatbot,1.55,Resolved,0.25,4,1.36,6c77e13d-6b0f-4d83-9176-2e9b186a30d3,Connecticut,Mobile,False
5af4b3aa-f56d-4a7f-8c49-362a0db11956,2024-03-22,Billing Question,Human Agent,13.72,Resolved,0.58,3,6.82,14e7e7b5-3493-492e-8d67-7b7a2704f3bb,West Virginia,Desktop,True
52645cbe-b563-4408-b451-ce8a215cfc06,2024-05-24,Shipping Inquiry,Human Agent,6.64,Resolved,0.08,3,6.18,06ec526b-3a0b-4cdc-aa94-62ceb403ad4d,California,Mobile,False
dfd52c6e-bddc-41cd-ac80-d436cecbdf58,2024-04-12,Product Information,Human Agent,2.16,Resolved,0.43,5,7.71,36b7e585-e01f-4ced-af22-93b15326d6f6,Ohio,Tablet,False
58b6f04e-5409-4aae-a304-02a9d2c6af95,2024-03-31,Password Reset,AI Chatbot,1.48,Escalated,0.13,2,3.08,45db9f40-2d8e-4049-8a98-57cb0aecbbf1,New Hampshire,Mobile,False
64058f3f-bfd3-40aa-960f-7c1a3d62af0c,2024-03-30,Billing Question,AI Chatbot,2.59,Resolved,0.53,4,4.49,8aa0be23-92b6-40a4-8b7b-b7c9b8181465,Rhode Island,Tablet,False
163058e2-ce58-4673-bd42-c2770a0c6514,2024-03-04,Product Information,AI Chatbot,0.72,Resolved,0.53,5,4.17,67e6dffa-2796-41c5-9774-cb7d0045b537,Montana,Mobile,False
1eeff14a-8c56-429d-b78e-f7ef48aeec13,2024-06-14,Technical Support,AI Chatbot,1.72,Resolved,0.87,4,1.85,0e0466a7-b624-4d05-a22e-899750856954,Arizona,Mobile,False
90f75828-3f54-444b-9055-06aa4d0be6b1,2024-01-31,Shipping Inquiry,AI Chatbot,0.25,Resolved,-0.01,4,0.56,f57c5b36-5937-42e6-ab94-f32cafe69c90,Pennsylvania,Mobile,False
4a887e6e-8495-4675-94a3-5848d27f9226,2024-02-19,Password Reset,AI Chatbot,1.14,Resolved,0.05,4,2.27,4a412f94-0045-4530-82d9-d9688599281c,Tennessee,Desktop,False
ce2f8f3f-0c01-44f4-afc4-5605ffba0699,2024-02-16,Billing Question,Human Agent,9.66,Resolved,0.97,2,8.74,2740a3e7-992b-4a7a-82e5-bb2a1a09eb1b,Rhode Island,Desktop,True
0ccc1a1b-bf47-46aa-97f6-00886b9de571,2024-05-10,Password Reset,Human Agent,9.89,Resolved,0.13,3,6.36,be88c749-11e4-4be7-90dd-c699c019d59e,Alaska,Mobile,False
4e7834a3-0b34-43bd-aee0-fc9838431886,2024-03-06,Password Reset,AI Chatbot,0.84,Escalated,0.13,3,3.16,1dd6f666-65c9-447e-ad60-5e4eb9e6fb8d,Idaho,Tablet,True
d074eeb9-d3e3-4818-9e7c-07589086a793,2024-06-26,Product Information,AI Chatbot,1.61,Pending,0.7,5,5.94,cf8bd4c1-3282-4dc5-b9e1-89da27f6f779,Alabama,Desktop,True
cd063117-fd6a-4579-8c40-2c885adb642b,2024-01-07,Billing Question,Human Agent,3.29,Pending,0.49,2,8.17,e2db5422-ba88-4325-90ce-1b01ba455fdc,Louisiana,Mobile,False
609a95a3-b3c1-42f7-85c3-624a3c9eea39,2024-02-25,Billing Question,AI Chatbot,0.73,Escalated,0.11,3,1.66,015578bf-7d79-480d-9e28-3aff2ba134ce,Vermont,Mobile,False
3ba31f69-f5de-4809-8846-645c4ed00225,2024-02-05,Product Information,AI Chatbot,0.2,Resolved,0.49,4,3.5,d36de8b7-7bef-4ce1-bef3-da82edfd85f1,Ohio,Desktop,False
4a9f3c2c-ce4a-4528-a60f-afddcfe6cc43,2024-06-23,Technical Support,Human Agent,9.14,Resolved,0.57,5,7.02,a1c5a1e2-d2f7-4c3b-baee-a36a8aeea6f4,Pennsylvania,Mobile,True
04b5dfc6-237e-4924-8485-5f29e8aa9ecf,2024-02-25,Product Information,Human Agent,4.69,Resolved,0.01,3,7.5,00aa8dd7-8a0b-4ee1-ad2c-e0c5db51991d,Idaho,Tablet,False
44389049-d335-4435-ae36-32c71e9cc51f,2024-04-05,Technical Support,Human Agent,10.35,Resolved,0.5,2,5.16,e213e564-c216-4fbf-a1ef-dc3d0de5db63,Idaho,Mobile,False
2c668eb8-5b28-4217-9b51-fa31f5d307d4,2024-06-14,Shipping Inquiry,AI Chatbot,1.79,Resolved,0.39,2,4.15,d410a146-37d1-40c2-980f-6b2fb05da019,Maine,Mobile,True
eb164cb4-3205-430e-aad3-0985c4cd3fc0,2024-06-18,Password Reset,Human Agent,3.13,Resolved,0.45,5,5.91,6a2a2bad-51d9-4287-b40b-cdcaea17e6f1,Pennsylvania,Desktop,True
47d6d21d-190b-4aba-8f81-3bb3691f3051,2024-02-15,Billing Question,AI Chatbot,1.19,Resolved,0.45,5,5.11,441f5393-ffc7-4647-8ed9-8669311ebf99,Wisconsin,Tablet,False
3de77a0f-c4c1-4b23-9c28-b250182c4d25,2024-03-04,Technical Support,Human Agent,9.68,Resolved,0.8,2,8.26,46986718-cea6-41ba-84d4-9869d1240938,Mississippi,Desktop,False
b77dd349-4b89-439e-b400-13c47915e499,2024-01-18,Billing Question,AI Chatbot,1.35,Escalated,-0.21,2,3.1,1814a9ad-7dd4-4aa4-8971-e5dbe9d2c1a9,California,Mobile,False
a85f8f67-d490-4bce-bd83-bea59f8dcd85,2024-04-11,Technical Support,AI Chatbot,1.72,Escalated,0.03,3,1.47,6672186f-cfff-44ab-838e-e8151e7598cc,New Mexico,Desktop,True
37b24788-bda7-4555-be9d-7dac6f62e69f,2024-05-26,Account Update,Human Agent,6.98,Resolved,0.79,3,6.32,7c2804ba-5744-4a79-8370-3ed6d5701943,Nevada,Tablet,False
f7ee607c-5730-42bc-9332-3539d62662fe,2024-02-01,Password Reset,AI Chatbot,1.28,Resolved,-0.01,5,3.67,c518ca66-d52b-4370-8d03-44234473f049,Arkansas,Tablet,True
c9559d71-cbf1-4d0e-bae8-3b7ebc6b6303,2024-01-10,Account Update,Human Agent,4.05,Resolved,0.73,3,7.29,1e021087-c9fd-4815-bdb0-3af4d9a5c9c5,Florida,Mobile,False
9db55c96-eb61-4b50-be8f-89056e3d3e69,2024-02-13,Shipping Inquiry,Human Agent,5.62,Resolved,0.33,4,4.11,46edc3d9-b53e-40df-ae40-a9aff7bdb3b7,Connecticut,Mobile,False
17a34cfe-76cb-4388-a5bd-fe2db8909812,2024-04-30,Account Update,Human Agent,8.29,Resolved,-0.16,3,8.91,930f17a8-eeab-450f-9690-ac4d3ae1b9c6,Montana,Desktop,False
5ad1a85f-6cd1-4f99-93fe-3ec267bb78b4,2024-02-29,Shipping Inquiry,AI Chatbot,0.32,Pending,0.42,3,-0.51,142c001d-0e2d-44d1-b32a-b88093bca821,Arizona,Desktop,False
4ce2c58e-ffd9-4f74-843e-b0f1089c6191,2024-03-29,Shipping Inquiry,Human Agent,7.41,Resolved,-0.1,5,7.79,0b0d86df-f347-4322-86b7-03952bd12a7b,Pennsylvania,Mobile,False
0a657c40-7ca8-4a35-bc13-2c096ec20119,2024-01-30,Password Reset,AI Chatbot,2.06,Escalated,-0.31,1,1.53,634f73a7-8eaa-4f4c-a19a-ecb4761e9a7c,Vermont,Tablet,False
85e24047-b78d-4be0-9834-21350e3383ea,2024-01-16,Billing Question,Human Agent,7.56,Escalated,0.69,3,6.93,9f884554-8ab0-4020-9ad0-86ddcf3c0766,Michigan,Tablet,False
54253809-38ec-4fc8-81c2-2491f2b93fcd,2024-04-11,Technical Support,AI Chatbot,1.45,Resolved,0.81,3,2.94,5d51e406-821d-4f0f-8d49-1529eb6c45cf,West Virginia,Desktop,False
6b4683c0-6fea-4eed-934c-bf9ebdcd93dc,2024-03-17,Billing Question,AI Chatbot,0.96,Escalated,0.38,2,4.81,67383c6f-0338-412a-af03-913ac7485d1b,Florida,Mobile,False
8b0aff43-f5c0-4fc8-8c89-5e28da6a18c3,2024-03-12,Shipping Inquiry,AI Chatbot,1.01,Escalated,0.93,2,1.55,5ff806d8-c0f5-4eea-a85d-cb6eff565553,Michigan,Tablet,True
36732507-5f79-4ea7-8a03-d89e66650e01,2024-01-05,Shipping Inquiry,Human Agent,4.15,Resolved,0.3,3,7.07,562df5da-8f19-4cd1-8c5a-1c1ba316ed4f,Mississippi,Tablet,False
5acb3de5-6be6-431a-a870-f7f5f646b9d3,2024-02-28,Shipping Inquiry,Human Agent,8.28,Resolved,0.17,4,5.6,37342b40-f921-4a52-91da-60267fafe868,Utah,Tablet,False
c1a07922-6349-42d4-a4fd-264e3d6435b5,2024-05-09,Product Information,AI Chatbot,1.59,Resolved,0.14,4,4.34,e35e3d6a-1ba5-49f9-b299-9a215b0d2294,California,Desktop,False
72fded10-9ab0-4bf4-8c65-1507f6730ee5,2024-02-01,Technical Support,Human Agent,0.5,Resolved,0.51,3,5.47,c2a2f648-7028-45aa-8291-f93f39686098,Minnesota,Tablet,True
e2962973-e313-4085-b98b-6712857b0f2c,2024-03-24,Password Reset,AI Chatbot,0.84,Escalated,-0.27,2,1.85,1256c752-c6cc-40ba-9531-217dbbee333f,New Hampshire,Desktop,True
6b427c80-af3a-4e0c-bde7-a479e3b63923,2024-04-30,Password Reset,Human Agent,6.85,Resolved,0.97,4,6.7,75b2cf63-5e4a-4e8a-803b-1c1324daf0de,Texas,Tablet,False
2d66e0cf-32b1-4bb0-8ae4-baa2f13effe9,2024-05-28,Account Update,AI Chatbot,1.07,Resolved,0.53,4,-0.12,c7f5c6ab-280c-4a1a-891a-6aeb6f430ea2,New Jersey,Tablet,False
071f5a9c-1d52-4d34-9ce3-ea0da62586ba,2024-01-09,Account Update,Human Agent,8.03,Resolved,0.38,3,5.57,aa65672e-860c-4bc0-a4a9-73782266c2d5,Florida,Mobile,True
4c37b86a-68a7-48e2-8a2c-e77f707ac9d1,2024-02-20,Technical Support,AI Chatbot,0.75,Pending,0.28,3,3.76,0ecb0a3a-1287-4fbe-98a7-669c84e6367c,Indiana,Mobile,False
bf3152bd-470c-408c-82ca-00dfd355bf81,2024-01-07,Billing Question,AI Chatbot,1.61,Resolved,0.43,4,1.23,721e25d3-c7be-4665-a50e-65625ddb6997,Kansas,Mobile,False
839b76da-d881-4bce-a749-4340d693035d,2024-03-20,Password Reset,AI Chatbot,2.43,Resolved,0.61,3,1.18,2be708da-2ab4-4275-894b-14c017d31dcc,North Carolina,Desktop,False
d581f510-afa5-4c30-9297-454df67898a6,2024-05-15,Billing Question,Human Agent,4.74,Pending,0.67,3,9.19,b2600396-0282-4295-98b7-22983eae8e0f,West Virginia,Tablet,False
cf152b36-b10e-44ad-aa27-93d30c3dca2b,2024-03-09,Billing Question,AI Chatbot,0.94,Resolved,-0.14,4,2.15,8a2417f1-6d6d-432d-a264-06d91426a075,Arkansas,Tablet,False
9e628298-e3fb-4009-88e2-4cda9ce18aad,2024-05-03,Product Information,Human Agent,4.36,Resolved,0.19,1,5.74,d9002d46-f515-42a6-a1e5-9f7fa794e207,Oklahoma,Mobile,True
45e6aa88-517e-4cc6-9162-2defc880221c,2024-03-13,Billing Question,AI Chatbot,1.24,Resolved,0.26,3,2.6,d7492fb6-be9b-406b-bd09-8cc29eb10360,Massachusetts,Tablet,False
a3a66a9a-08cf-42f0-8191-f375830d1f7f,2024-05-16,Technical Support,AI Chatbot,2.49,Resolved,-0.06,5,1.52,e95c3e77-61df-4df0-b046-e8d5a687387e,Alaska,Desktop,False
d045cc29-6fd7-49b2-88f1-7b189353efbc,2024-01-11,Technical Support,Human Agent,4.85,Resolved,0.22,4,8.62,bda18ff0-8c0b-4fe9-afda-3d9c9c393513,New Mexico,Tablet,True
a44bfe62-5394-497d-be25-8241f42850ab,2024-05-24,Technical Support,Human Agent,2.89,Escalated,-0.18,3,4.9,55b146f3-297f-45a1-b0fb-fa1232027a19,Texas,Mobile,False
d96d67ec-6b1d-4b27-99bf-9a8419b8914a,2024-06-03,Product Information,AI Chatbot,1.99,Escalated,0.45,1,1.53,1ca61a76-56ce-4a7b-af51-c23d6390f09b,Montana,Mobile,True
29a283d3-76d6-493f-ab7f-239315d8b5c7,2024-01-16,Technical Support,AI Chatbot,1.86,Escalated,0.15,4,2.59,27cefade-95c8-4831-b827-d0cf5431664d,Texas,Tablet,False
3cbf9bbf-47fe-4047-bdd2-24a8aff0aa75,2024-04-25,Shipping Inquiry,Human Agent,5.77,Resolved,0.66,3,6.22,0ea4a153-da8c-482c-bc3c-0de8139102d2,Washington,Desktop,False
3e29341f-cbb1-40a0-960d-016dd6701665,2024-02-09,Billing Question,AI Chatbot,0.66,Resolved,0.43,2,2.0,7fba42d6-cd0c-441b-8b18-0cd0a3bb9152,Massachusetts,Desktop,False
8e39a8d1-401e-4d87-90d8-fb41f1840738,2024-05-12,Password Reset,Human Agent,6.67,Resolved,0.63,3,7.32,f80f9880-d564-493e-ac9d-ac95e0e1a5df,Rhode Island,Desktop,False
c3cde1b5-ab41-42bc-b99e-88bad64c679f,2024-05-20,Shipping Inquiry,Human Agent,6.7,Resolved,0.02,4,7.87,185d1acb-98b4-4923-8803-c659dfc9d993,Connecticut,Tablet,True
b655f7ec-91c9-4619-ac16-c7c7e79df873,2024-02-04,Billing Question,AI Chatbot,0.99,Resolved,0.34,4,1.34,eb996737-f914-41c5-ac14-c8a2b7b4ae00,Nevada,Desktop,True
edf9f0eb-392a-4dcf-86a8-952d232c375e,2024-01-12,Technical Support,AI Chatbot,1.82,Pending,0.19,1,3.41,a4281234-6ccd-4a9d-8fa0-f1be5d453d37,Kansas,Tablet,False
4db78de5-a384-483f-9a7a-ba9c0998d6a4,2024-04-24,Account Update,Human Agent,9.96,Resolved,0.46,3,9.07,397965f3-75f7-404b-a619-d0d5e7bce427,Texas,Desktop,False
eae3fa0f-b275-4788-8eb7-b46ae9b1e864,2024-06-14,Product Information,Human Agent,7.35,Resolved,0.07,2,7.08,57f09a9f-d201-4d81-a7b5-c036e1780025,Florida,Mobile,False
b9650c81-c2da-4110-9148-8964d7f46122,2024-03-10,Technical Support,Human Agent,5.6,Resolved,0.65,3,6.87,6c51d6a9-1ca0-43fe-b05f-a2324a85e095,North Carolina,Mobile,False
5369e874-6af5-4ba6-b7cd-76eaf4fda36f,2024-03-21,Technical Support,AI Chatbot,0.79,Resolved,0.97,4,3.38,0291e68f-85d8-4142-80e7-293a30ff2b3e,Louisiana,Desktop,False
c7d4ffe2-524f-4fcc-a2b1-5dcdeb41b30a,2024-05-29,Account Update,AI Chatbot,1.61,Escalated,0.47,3,0.59,7277b263-df65-44a4-ada9-6b0af083e79e,Washington,Desktop,True
bc059db8-4caa-4697-8130-410b32996719,2024-05-03,Technical Support,Human Agent,6.63,Resolved,0.54,3,7.36,89afc6fd-dbb3-4dea-8e37-75eba8f15e53,Louisiana,Mobile,True
f9b792c9-c4d2-41b1-9e08-0da8fab7d124,2024-02-03,Password Reset,Human Agent,2.48,Resolved,0.58,5,5.98,7c6e99de-5181-48bd-972f-8bac64e09ca5,New Hampshire,Desktop,False
8f274913-b566-45ba-963b-31286988152a,2024-01-22,Product Information,Human Agent,8.02,Resolved,0.69,4,5.19,6a41bcb0-af84-4f6e-a467-dfa38b54fbcc,Utah,Tablet,True
4b9c1b82-47df-467e-812a-317f5e24457b,2024-03-04,Shipping Inquiry,AI Chatbot,2.7,Resolved,0.01,4,2.9,4186bcee-2ee3-47a6-9f53-1d39ca70d3ed,Illinois,Desktop,False
7722890f-9229-4d85-8917-05fcbd5b7575,2024-06-01,Product Information,Human Agent,7.94,Escalated,0.99,3,7.61,1cb29249-5546-4996-b620-96db4b906cdf,South Dakota,Tablet,False
61cba60c-d859-42cc-bcc4-70059f5cdd70,2024-02-11,Product Information,Human Agent,5.67,Resolved,0.17,3,7.75,f80e3f9d-f9e4-4c95-a029-2f5c49c9d31d,Missouri,Tablet,False
8b0f7536-d874-49a7-a2fb-7e02b8a2a3eb,2024-06-09,Shipping Inquiry,AI Chatbot,2.52,Resolved,0.31,3,0.98,11d41415-6df1-4a9b-a1ac-810e6506ef0b,New York,Tablet,False
ac9ef789-1fac-40f1-b2c8-d3e74c115764,2024-02-08,Billing Question,Human Agent,9.93,Escalated,0.63,2,6.38,6f60a5f6-0da5-439a-80cb-186196d7ff24,Mississippi,Tablet,True
7d1dcfe6-0121-4764-ac02-978dd1feb03a,2024-06-06,Product Information,Human Agent,10.22,Resolved,-0.17,3,5.65,9da13943-a347-4fe4-8a80-b38ac904c775,Maryland,Tablet,False
092074c7-af4d-4c72-a50c-dec13fe77b04,2024-05-03,Billing Question,Human Agent,5.47,Escalated,0.17,2,10.06,104e3703-0e3f-4e76-91de-fb3827faca15,Utah,Tablet,True
890efaa9-e5c8-4cd7-ba08-96bc4c840829,2024-03-24,Billing Question,Human Agent,11.55,Resolved,0.63,4,4.78,ecf29ed9-c041-4327-9b0e-8dc81051d3fe,Arizona,Desktop,False
b8cfac3a-c1a2-49ee-a779-1b23511d6ea6,2024-05-25,Shipping Inquiry,AI Chatbot,1.3,Resolved,0.61,2,3.51,6ef93699-104a-4490-9a97-c3579b329169,Georgia,Tablet,False
f4922ab3-1117-4e3e-a28a-c9f9e3d5940b,2024-02-29,Technical Support,Human Agent,1.52,Resolved,0.89,4,5.63,9135fad7-d826-4437-bd73-454cb9031c82,Alabama,Tablet,False
6d3e5a30-034f-402f-ad8a-2f43a4b8e241,2024-02-19,Account Update,Human Agent,4.67,Resolved,-0.02,4,5.34,ddc70824-3100-4aaf-b802-d6025950fb01,South Dakota,Mobile,False
c7eb447d-ae39-4288-b2dd-38912e3ef2d9,2024-05-20,Technical Support,AI Chatbot,1.53,Resolved,0.31,4,1.06,a8d9a274-88d1-4026-83bc-c1ac067eec28,New Hampshire,Mobile,False
17c7f040-3ef6-4b06-ae74-8663690a48ab,2024-05-17,Technical Support,AI Chatbot,2.55,Escalated,-0.29,4,1.21,f3c9a50c-a84c-4e4b-a946-fb642a900be8,Alabama,Desktop,False
087a41d5-759c-445a-864d-e0cd9ebb4665,2024-01-09,Product Information,Human Agent,6.52,Escalated,0.08,4,7.6,babca82d-a6d8-4dcc-aef5-f4f5fb2cbdbf,Tennessee,Desktop,False
78f862fc-e930-4b8c-9ee4-0829d563711c,2024-02-02,Password Reset,AI Chatbot,0.77,Resolved,0.57,4,3.42,3c4bccdf-d6c3-470b-aba0-057d60db8481,Oregon,Mobile,True
1e3e44ad-5a1f-4663-ac92-9cae9bd0a66e,2024-04-02,Technical Support,AI Chatbot,1.92,Resolved,0.2,4,1.81,dd6c0ee3-3afb-450a-b1d9-e24e0899c59e,Arkansas,Desktop,True
4c0271eb-0847-4fb1-9567-fb6507f6a3cd,2024-01-21,Account Update,Human Agent,8.28,Pending,0.69,1,6.05,83726ecd-37eb-4804-b443-db93960065c8,Pennsylvania,Tablet,False
035d7d55-a9ce-47a1-a7bc-f39fe5932919,2024-03-24,Account Update,AI Chatbot,1.12,Resolved,0.03,5,5.98,66ce8347-2064-4713-96ac-9281ebc3a332,South Dakota,Mobile,False
24ac8891-8ec6-4aa8-b3e1-9369639fa720,2024-05-25,Technical Support,Human Agent,12.73,Resolved,-0.38,2,9.48,f8052d20-64ac-4f77-a786-ca073865ef28,Tennessee,Mobile,False
8d776ac3-0d49-4eb4-804c-6eb7826471ac,2024-05-01,Technical Support,Human Agent,7.89,Resolved,0.54,2,4.49,0e3e95f0-cde8-48d2-92ff-289636c84a9b,Michigan,Tablet,False
c666d67b-6373-4fb9-b752-c668850fdd90,2024-05-30,Technical Support,AI Chatbot,2.6,Resolved,0.45,4,1.09,9e41311f-1d60-424f-8ceb-10d2ba0db2bf,Michigan,Tablet,False
a609456b-6d0f-4c54-89b2-197874b996e7,2024-04-04,Technical Support,Human Agent,6.43,Resolved,0.21,3,4.32,b5c8217f-2b2c-4518-92aa-fbf198ea5fac,Kentucky,Desktop,False
13b13696-4d04-4f4e-94f9-ba2cee93442a,2024-05-21,Shipping Inquiry,AI Chatbot,0.88,Escalated,0.49,3,2.08,2aea0410-0093-48d3-bebc-01a1a2f2d823,New York,Desktop,True
0fb0768f-43d0-49a3-8f0b-c1dc10d1459d,2024-03-23,Shipping Inquiry,Human Agent,7.48,Escalated,0.26,3,7.88,06ff223b-fda2-49aa-aadd-3c9b3a2abdbf,Nevada,Mobile,False
9da9cbed-61e6-47e7-b37c-d3166fdf2c5f,2024-05-18,Account Update,Human Agent,5.34,Escalated,0.79,1,9.25,dae55452-8488-402b-aaea-92ef9c9ce410,Arkansas,Desktop,True
ffdb37b8-a5f5-4a24-864b-65de9b0cad65,2024-05-23,Billing Question,Human Agent,7.55,Resolved,0.65,5,8.9,04d66734-ac5a-4cea-ab04-1935acf785e5,South Dakota,Tablet,True
6aa94764-a278-426c-827f-3fddb4a07583,2024-05-25,Account Update,Human Agent,7.47,Resolved,0.48,2,7.26,856ad0fd-292d-475a-9877-3b8459a3339b,Wyoming,Mobile,True
7b16bad1-d860-4361-a581-08291f9855ec,2024-06-28,Billing Question,Human Agent,10.8,Resolved,0.63,4,8.7,088b23dc-97a9-427e-bf8a-b0b74d8143ff,Pennsylvania,Mobile,True
f59e68ea-9fe2-472a-85d4-928129de5b55,2024-05-24,Technical Support,Human Agent,1.59,Resolved,0.62,4,7.6,1e595a3b-2f63-40c4-808e-053771567eaa,Texas,Desktop,True
814cf711-c5ac-46c7-a102-9a3de818742c,2024-01-10,Technical Support,AI Chatbot,2.25,Resolved,0.6,5,2.65,d050055d-7426-4692-bc28-c77cafe7c7b6,New Jersey,Tablet,False
fe4a5353-f9e7-4c3c-b08d-b5382624bd9f,2024-03-22,Technical Support,AI Chatbot,1.84,Escalated,-0.5,2,2.98,6d930466-8f8c-4fee-9eca-40fc80c9652c,Montana,Mobile,False
f9df24d4-f432-4bed-9598-e2a90cc1057d,2024-03-21,Account Update,Human Agent,9.5,Resolved,0.36,3,7.44,571de08a-5233-41d4-866e-0d92f512b4a8,Louisiana,Mobile,True
cfaba5e1-ef9f-4452-9206-168a48bf83be,2024-03-19,Technical Support,AI Chatbot,1.19,Resolved,0.6,4,5.04,96d3a015-368f-419b-8c23-feee7ee7ac97,South Carolina,Tablet,False
a31f4549-8525-4192-9fc4-d8286b004b85,2024-06-13,Technical Support,Human Agent,3.72,Pending,0.55,3,4.6,bb717795-fa1e-4bfc-b93d-b2eb13f8ac32,Alaska,Desktop,False
81012681-dc8a-4cc8-b89f-c2704c4cc911,2024-06-09,Account Update,Human Agent,11.07,Resolved,-0.24,3,7.84,a11b6b44-c15c-4c1f-9c18-f0d3a682302a,Tennessee,Mobile,False
80a5267f-2c41-41ee-83a4-e8905e037125,2024-02-21,Technical Support,AI Chatbot,1.83,Escalated,0.52,4,1.41,2abd7939-d908-4a63-8bf0-efba7822fe4d,New Hampshire,Desktop,False
75ce67fe-7ec7-498c-92dc-f4060d3ef82a,2024-04-05,Product Information,Human Agent,6.8,Resolved,0.07,4,9.81,82e3a978-e848-40bd-be8a-66e848291ca0,Wisconsin,Tablet,False
4103b7b7-f27d-4018-9d25-3b861b95622a,2024-06-02,Technical Support,Human Agent,3.56,Pending,0.18,3,6.77,d0cca113-5775-494c-b7c3-cc29451774bc,Nevada,Mobile,False
cbdfb084-56ef-40be-b480-1cdedc56ea3b,2024-02-06,Product Information,Human Agent,6.63,Resolved,-0.16,3,6.87,786969db-b8bc-4366-a779-c8650c9ab457,Arkansas,Mobile,False
7b5adca6-4e31-4e6a-9730-d8211f543d15,2024-04-24,Technical Support,Human Agent,8.74,Pending,0.15,1,5.93,794cde85-312c-4de7-8b71-fcdd7a39b1b7,Rhode Island,Desktop,False
f81ad186-9528-47f8-8d01-e91cf29aec1c,2024-03-14,Technical Support,AI Chatbot,0.2,Resolved,0.56,5,1.2,35276362-992e-44af-b673-85e6328be69b,Wyoming,Tablet,False
e1e88b21-4f6a-449c-a3fc-af0bc6447749,2024-06-13,Password Reset,AI Chatbot,2.25,Pending,0.09,3,2.21,4b919630-f7cd-4b38-b2f6-04b883262d8d,Missouri,Desktop,False
4eca2285-573f-49cd-970d-5469ddd4a417,2024-01-26,Product Information,AI Chatbot,2.7,Resolved,0.2,4,3.77,7f0ee0e6-680d-4598-983b-0f0b3665f377,Missouri,Mobile,True
485947ca-1ea1-4584-9e50-c1cb556f70bc,2024-02-18,Product Information,Human Agent,7.99,Resolved,0.41,4,8.01,c9d672a7-b658-48ca-a397-5c4db685ffc8,Wyoming,Desktop,False
e935a2e1-fa5b-4a9d-96a6-c411fe6ea2c6,2024-04-05,Product Information,AI Chatbot,1.47,Pending,0.04,3,2.88,7e3e16ba-ac6b-4ccb-aa22-2f4ed150414c,Maine,Tablet,False
f40ba994-6c05-4018-8cf0-6d04d9d79e09,2024-02-06,Product Information,AI Chatbot,2.31,Escalated,0.71,3,1.15,d31de32d-591c-4a68-8b59-99731fe9113b,Idaho,Desktop,True
e1d7880d-a4de-45f2-9a7a-3573759a9f3f,2024-01-02,Password Reset,Human Agent,6.76,Resolved,0.61,3,6.9,f1e956c2-d9a8-4cd3-8d88-feeecacfc852,Vermont,Tablet,False
33b77643-dd8a-4da0-b297-9e87d00835da,2024-01-21,Shipping Inquiry,Human Agent,4.47,Resolved,-0.18,2,6.92,2a1e143f-4ccc-473c-82cd-556979b7b8cc,Rhode Island,Tablet,True
b84dbf24-a027-49d7-8ca7-fafa7c4bbbb2,2024-02-26,Technical Support,Human Agent,8.87,Resolved,0.85,3,2.33,708af02f-61a2-49ac-a1be-e34f1120be08,Ohio,Desktop,False
a6e0c97d-c664-4026-b103-fd8d723702f6,2024-01-03,Account Update,AI Chatbot,1.78,Resolved,-0.06,2,0.44,cb22a824-7c0c-494e-add7-d4ae435edfec,California,Mobile,False
a78f019b-0150-4c73-848e-f4053288a0a1,2024-06-23,Product Information,AI Chatbot,2.23,Resolved,0.35,5,4.51,64dde95a-3041-4531-b499-a105b6b60786,Georgia,Mobile,False
cb8ee674-3aa3-4ee4-b6e1-81270e095be8,2024-01-17,Password Reset,Human Agent,8.68,Resolved,0.32,4,7.28,bfe0e538-c972-4c79-a21d-cc8b03483281,West Virginia,Mobile,False
9e909bee-8c1b-4abc-8967-360205f1a083,2024-04-22,Password Reset,Human Agent,2.45,Escalated,0.54,3,9.01,032a240c-331c-401e-8f98-dcd4888db7eb,Tennessee,Tablet,False
f86a511a-aee6-455c-a8c9-8479f6bc8fd0,2024-06-17,Billing Question,AI Chatbot,1.63,Resolved,0.36,4,1.13,fd4cf88b-25e2-40f8-8cd9-7d296217bb52,Wisconsin,Desktop,False
06ddd475-0ca3-4b45-b1aa-da2cecb20f77,2024-04-26,Billing Question,AI Chatbot,1.86,Escalated,0.28,4,2.91,4ad238fa-1d06-4147-a00f-d40122173f46,Wyoming,Mobile,False
92b8753d-2164-47d3-86e2-982a766c51e0,2024-03-03,Billing Question,AI Chatbot,1.22,Resolved,0.47,4,3.86,80be4f56-84d2-4e8c-98cb-661ae74f7597,Connecticut,Tablet,True
a562603f-8f88-4679-b6a2-6a665de3d1fe,2024-04-18,Billing Question,Human Agent,5.56,Resolved,1.0,3,4.33,82c7d0c7-e17e-466b-8c97-ab2cf59dc366,Connecticut,Mobile,False
e5c296ab-22fe-43b1-8224-318313f26079,2024-05-05,Account Update,Human Agent,12.66,Resolved,0.13,4,5.63,69a1c66c-b9aa-4801-affa-bdecc91ce4b9,Massachusetts,Tablet,False
744f6faf-37dd-45de-9e4a-6c66b4790945,2024-03-25,Billing Question,Human Agent,6.89,Resolved,-0.12,4,7.66,a9b7785a-ef9b-4c1c-b735-ce5f56b31907,Kentucky,Tablet,False
1dccdea1-966f-4ba0-b2a4-b6e767390e55,2024-02-25,Technical Support,Human Agent,7.44,Resolved,0.15,3,5.28,e4a176c8-ddf4-4b13-81e7-a7980d37f176,Hawaii,Mobile,False
9e2f7334-6293-45d8-8487-95d2eae3965b,2024-01-24,Billing Question,Human Agent,7.45,Resolved,0.45,3,7.82,abbce3a5-b093-49a5-ad18-41ad482aa750,Nevada,Desktop,False
3b56d879-29b7-49e4-80a4-3fe24437cf6d,2024-03-28,Password Reset,Human Agent,10.69,Resolved,0.76,4,7.13,2edb9451-3237-48b1-a42a-bf5f148bb0e7,Montana,Mobile,False
385e5ab8-f22e-4a5c-84c3-02b4df9045f3,2024-01-14,Product Information,Human Agent,1.1,Resolved,-0.15,3,7.94,ef83805b-5a75-4c0a-a8e6-88df8cac1cc1,Alaska,Mobile,True
632202e2-b5a5-42fc-bec4-1eea6357ba83,2024-06-16,Product Information,Human Agent,7.88,Resolved,0.42,4,8.87,b280be87-65eb-4129-b83e-6f3011cb8913,South Dakota,Mobile,False
4039dd7e-99a8-4cb7-b33d-bbc3b57f0dcf,2024-06-20,Shipping Inquiry,Human Agent,8.13,Resolved,0.64,4,4.95,d36c2381-3492-471a-bf42-8afb301eac9a,Arizona,Desktop,False
299863f2-9ee7-47ce-a42c-8813e0eb94e1,2024-03-01,Account Update,Human Agent,3.37,Resolved,0.56,3,7.15,e48b0e68-5686-4295-bfa1-270b39f23b95,New Jersey,Tablet,False
d9c30cbf-74b8-4b75-8da7-cfed1536af40,2024-03-22,Technical Support,Human Agent,11.55,Escalated,0.91,3,6.99,5919ec27-1937-4ee9-ad16-0ccb1dd42298,Mississippi,Mobile,True
f7ad994e-d0a9-493a-a901-82f5f7a7e02d,2024-03-27,Technical Support,Human Agent,9.77,Resolved,0.2,4,4.67,e05b0e35-c524-49cf-b057-2efbc05d0e00,South Dakota,Mobile,False
2fd8a62b-35a8-4ff3-a270-488745a818ce,2024-01-02,Billing Question,Human Agent,8.8,Resolved,0.01,3,5.7,f04c3cb6-3038-4798-abc9-31ccf4817f41,Kansas,Desktop,False
cbb86c31-552a-4d82-abaf-4b1788fc16ef,2024-04-23,Account Update,AI Chatbot,1.14,Pending,0.59,2,2.36,f328c204-59b1-4266-88a6-77dd904425e9,Michigan,Mobile,False
c8bd0b28-0705-4dcd-a6bc-fadde774c769,2024-03-26,Password Reset,Human Agent,9.96,Resolved,0.26,3,10.03,c6882431-574b-4804-be2c-b522354dfd1e,Indiana,Desktop,False
f7aae75c-f2d2-4af4-b38e-fbe77eef7ffd,2024-05-15,Product Information,AI Chatbot,0.48,Escalated,0.76,4,5.25,772ad841-e22a-46c8-8c66-0816c9add421,Oregon,Tablet,False
f961277e-5849-44be-b2fb-60790b29216a,2024-06-17,Password Reset,AI Chatbot,1.08,Resolved,0.42,5,0.47,d5030b11-164b-49d9-8b90-a6817d178fd4,South Dakota,Mobile,False
55481f10-54e0-4cd2-9fa5-4bfb44504e2f,2024-06-25,Product Information,AI Chatbot,1.91,Escalated,0.17,2,4.41,e00a657d-a595-4a1c-a588-c699b46a0aee,South Carolina,Desktop,False
0dba4f62-70f8-4b17-afa9-b5b2b2630845,2024-01-15,Shipping Inquiry,Human Agent,10.0,Resolved,0.91,3,5.48,05256007-9919-483f-b003-265114f3bc5e,Nevada,Tablet,False
1f874c4b-a674-47a0-940b-c2d2175e6cbc,2024-04-15,Technical Support,AI Chatbot,1.07,Pending,0.6,2,3.43,eb8e98ba-3b18-4faa-88c5-d813f7e1bb8e,North Carolina,Desktop,False
6900a230-e6a8-4857-9155-1c6b06dc2673,2024-03-05,Billing Question,AI Chatbot,1.55,Resolved,0.4,3,4.77,9b5ed9ec-94b8-4a10-8001-9a363e66f34a,Rhode Island,Desktop,False
f587016b-c661-4fbf-a046-3653cc2edb76,2024-05-24,Account Update,AI Chatbot,1.0,Resolved,0.61,4,3.37,c0163066-338e-4380-a491-61c59eb53a35,Mississippi,Desktop,True
93e80671-ad57-4651-a2d3-c1be58fe1a39,2024-01-20,Technical Support,Human Agent,6.93,Resolved,0.78,4,5.56,c980b62f-6293-4332-83e4-3b1349d90f2b,Idaho,Mobile,False
6c3d9332-978f-4aab-be77-a1e4c2704cad,2024-04-03,Password Reset,AI Chatbot,2.56,Resolved,-0.3,3,4.29,3652d805-d3e0-4a44-b83c-217210b196fa,North Dakota,Tablet,False
627aced4-f928-42da-bbe9-583dad7aecd5,2024-01-23,Shipping Inquiry,Human Agent,5.17,Resolved,0.51,4,4.49,d51e6585-dc7a-4113-88e8-6b444772a564,Illinois,Tablet,False
91015648-8177-4321-b457-dc93822d7559,2024-04-19,Password Reset,Human Agent,8.19,Escalated,-0.09,2,9.71,7c9115d5-2cf7-4033-98c2-fe67feeefa21,Utah,Desktop,False
89b60b2f-0e07-49e1-94ce-aeace40bfaa1,2024-02-28,Shipping Inquiry,AI Chatbot,1.0,Escalated,0.32,3,3.53,b517f3b6-b219-4780-858b-e0ff33dcbcfb,Delaware,Tablet,False
cd0736ab-760c-4767-8497-c921b3a6505d,2024-05-15,Product Information,AI Chatbot,0.77,Resolved,0.25,3,1.1,0118a2ea-f958-4c16-8bc1-a88388c8fd4d,Pennsylvania,Mobile,True
ce154fed-4fee-405f-95ea-9a1bebb487c5,2024-04-27,Shipping Inquiry,AI Chatbot,1.49,Resolved,-0.01,4,0.88,d37a9a0b-2ba1-4293-a807-5c0112bf19b4,Delaware,Mobile,False
90afdea5-c948-4976-af1e-597cd34e3ae1,2024-05-28,Shipping Inquiry,Human Agent,5.62,Resolved,0.33,4,6.8,f5eda2a7-1bde-4c95-90fd-fd65ce5629e6,North Carolina,Mobile,False
8c97ad40-4a9e-449d-ba5c-12ebb429f6ef,2024-05-09,Shipping Inquiry,Human Agent,6.14,Resolved,0.26,5,7.56,4bda10db-51ae-47cd-8620-b8c51c7d6056,Utah,Desktop,True
66b6338e-ef7b-4311-a991-f1ea3cb63833,2024-04-28,Password Reset,Human Agent,8.83,Resolved,0.39,5,8.97,59a85652-96a1-4056-bf7e-5475e6ebcb57,Rhode Island,Desktop,False
0a0d1ddb-078d-46f5-9970-070044dfd366,2024-05-17,Technical Support,AI Chatbot,2.2,Escalated,0.35,3,2.62,54ae0d1c-9665-4819-8e84-ab4da15f1fb9,Maine,Mobile,False
00de3593-cb11-4fda-8568-e4cc6b83a411,2024-01-23,Technical Support,AI Chatbot,1.23,Resolved,0.25,4,2.75,bb915e50-2fdc-46c4-bc76-697a1e16fc5d,Alaska,Mobile,True
28add907-f994-47f4-9f04-160c93365b1f,2024-05-05,Password Reset,Human Agent,2.38,Resolved,0.07,3,7.25,d826c134-8b90-4e91-9ff4-299274ba1763,Missouri,Mobile,False
d580ab76-ee80-4239-8397-394a48c070fc,2024-01-13,Product Information,Human Agent,5.1,Resolved,0.68,3,9.23,658f70d7-4556-4061-b6ef-caca9e5018d5,Oregon,Mobile,False
0556fcf8-eb85-487f-a91f-468884b9992b,2024-01-18,Password Reset,Human Agent,7.05,Pending,0.32,2,5.27,7bd542ab-3687-4369-b0fc-5e6b01a3108d,North Carolina,Mobile,False
b9852c45-306e-4af1-8e09-bce971af5a48,2024-01-09,Billing Question,Human Agent,10.78,Resolved,-0.4,3,8.97,0b3d60d8-3a05-4602-bb12-8974a3cc0c15,Mississippi,Mobile,False
4b0fefe5-3119-4fc0-a43d-e959cf19bdfd,2024-05-14,Shipping Inquiry,AI Chatbot,2.2,Resolved,0.67,4,4.44,7797156f-fedb-43b7-be72-89a3f48f1592,North Dakota,Mobile,False
fd23bd62-93ca-45da-8443-085ffb6c9bf5,2024-02-11,Shipping Inquiry,AI Chatbot,1.59,Resolved,0.63,3,5.67,ba727e40-6207-4dc0-8e69-485c31be1e67,Alabama,Desktop,False
e1c7dbd8-8f3b-415e-9845-988596865494,2024-02-24,Technical Support,Human Agent,3.73,Resolved,0.37,3,8.41,3c6ca11f-1fe9-48e6-b3c4-c7f8360c03ad,South Carolina,Desktop,False
3646f057-d6b7-44bb-8a63-7113425b2299,2024-04-11,Password Reset,AI Chatbot,1.29,Escalated,0.11,4,3.06,575d66c6-8061-4c93-9b08-b872dd7a05cd,Rhode Island,Tablet,True
92b079ce-4a9e-4f34-81e3-559ea5b0e4d6,2024-03-25,Product Information,AI Chatbot,2.16,Escalated,0.49,2,5.74,d3709994-b969-4c20-884e-7ae9c91b6b79,Michigan,Mobile,False
6ddb3229-da88-4be7-9c62-735d860a1ff7,2024-05-07,Account Update,AI Chatbot,1.07,Resolved,0.79,4,5.87,affb2e86-8a0b-48da-89b5-e2e74c4df647,Indiana,Mobile,False
7bb5f041-f406-42ec-a293-3e77473d761b,2024-04-16,Product Information,AI Chatbot,2.21,Resolved,0.59,3,2.22,f231d79d-f2af-486c-aac1-a092350c776d,Massachusetts,Mobile,False
3bd558d9-f1c0-4446-a6ba-7454c8b7a632,2024-02-07,Account Update,AI Chatbot,2.78,Resolved,0.09,3,5.28,7c1cade7-d876-41fd-aab7-6a42c0ee441e,Oregon,Desktop,False
e5bb571f-323d-436f-a3bd-a3cf9c6d7491,2024-03-28,Billing Question,AI Chatbot,0.94,Escalated,0.54,1,2.36,42643acd-c503-45ce-83ff-a9b1db956324,Nevada,Desktop,False
51762a8f-8717-42a2-8f84-85188e7c5e43,2024-04-16,Account Update,AI Chatbot,2.14,Resolved,0.67,4,3.3,0db99bfe-4c12-483e-a210-b1f9bbc60057,Kentucky,Tablet,True
25fdb274-b70f-4e30-a3a0-5643d48f1582,2024-04-18,Technical Support,AI Chatbot,2.1,Resolved,0.16,5,3.06,7028df6b-0a10-4b29-bd03-321d30b3cfa9,Delaware,Tablet,True
f73124d3-9cc3-4a6e-9072-88a33027af68,2024-03-03,Product Information,Human Agent,4.69,Resolved,0.33,5,8.97,6b355ffd-a2d4-4957-a06c-cfaa121fd6be,Connecticut,Mobile,False
87d05502-b232-410c-8b1d-b3194424df35,2024-03-26,Billing Question,Human Agent,7.84,Resolved,-0.05,3,5.41,dcf9af30-aa17-4ad1-89b6-9949c4c2eb98,New Hampshire,Desktop,False
50e4a20b-8c54-43eb-b9cb-a9479b3e5d37,2024-02-28,Billing Question,AI Chatbot,1.54,Escalated,0.43,2,1.94,57c71115-b8ba-4634-acd9-059804754ee1,Vermont,Desktop,True
0ca6a3b0-6ae4-488f-b2c3-2a625e3d0228,2024-02-13,Technical Support,Human Agent,5.85,Resolved,0.7,3,7.81,0ca26b93-3568-432f-88e7-15e8048726ee,Texas,Tablet,False
b1ba18e4-d13a-48dd-93c7-8513877cdb20,2024-01-11,Billing Question,AI Chatbot,0.99,Resolved,0.13,2,2.67,d5b7a9ce-d968-4388-b187-73e415edeb98,Tennessee,Tablet,False
2a55e651-5007-4a8d-890c-3b9a0bf6e9dd,2024-01-14,Password Reset,Human Agent,9.41,Resolved,0.87,4,9.05,6f589e10-1b5d-4110-bbdb-e936973c94c5,Arkansas,Desktop,False
e46e018f-5f33-43b0-a1a3-63f5d3cf39ae,2024-02-09,Billing Question,Human Agent,12.42,Resolved,0.57,3,9.16,796680bd-9fab-47d7-80fb-56e4a32a34c8,New Mexico,Desktop,True
103000d6-27e0-403e-8e56-0481d60b5fb5,2024-06-04,Shipping Inquiry,Human Agent,11.39,Escalated,0.72,2,8.41,24607433-cccd-4139-a795-7b467e0e351a,Michigan,Tablet,False
cd1b70a9-31e6-4bf6-bb45-761fb2d3fe81,2024-05-01,Shipping Inquiry,Human Agent,6.87,Resolved,0.45,4,4.79,4654e5b6-57a5-4fdc-bd5b-f5c719103120,New Mexico,Desktop,True
5904ff1f-6c9a-48d5-a760-a9883d8d3208,2024-01-28,Technical Support,AI Chatbot,2.23,Resolved,-0.09,4,1.61,7f36b755-1013-4ede-b590-259f5af9cfce,New York,Mobile,False
bc5c41c9-c95d-4ed6-8870-ac4ee1c6fc6e,2024-06-10,Billing Question,AI Chatbot,2.56,Resolved,0.91,3,3.15,6919d09a-b336-4bd5-b1a9-0d3270fb0c16,Delaware,Tablet,True
fc14ad62-e1c5-4afd-8d91-e08ff773f338,2024-05-05,Technical Support,Human Agent,10.81,Resolved,0.63,3,7.6,dc684833-cf86-40e3-9a26-61b90f1d7233,Michigan,Mobile,False
cded4bef-bf56-4872-ae10-b449ac9fc84a,2024-05-18,Account Update,AI Chatbot,2.59,Escalated,0.08,3,1.87,b9d7afbf-5b28-4d9c-aa1c-3ad6efafd2ad,West Virginia,Desktop,False
b1bf92cc-4571-4f5e-8f6e-dd77fb6eeee9,2024-03-17,Technical Support,AI Chatbot,1.32,Resolved,0.27,4,3.55,6f6a7a4b-4d1e-4c89-814c-b0db9769f342,Alabama,Mobile,False
1838f9f1-52e4-48c6-a256-8cfe739bed1b,2024-02-15,Product Information,Human Agent,13.44,Resolved,0.64,4,6.48,25f22484-ceea-4dff-bde8-190783874d5a,Nebraska,Tablet,True
db991789-b21e-432f-a084-4cd95a1e5b4b,2024-03-13,Product Information,AI Chatbot,1.05,Resolved,0.05,3,2.38,5dda9ad4-89f4-4518-8f01-8146dc85b656,Alaska,Mobile,True
e7bb8464-d137-4935-bc14-2fcc1c6df6a9,2024-03-27,Billing Question,Human Agent,4.15,Resolved,0.64,5,8.56,8a0aa277-d325-4d14-a96d-e0c7a75d5475,Maryland,Mobile,True
e931d973-c1e6-4b7b-82d6-3757683de1fa,2024-03-20,Account Update,Human Agent,5.02,Resolved,0.7,5,9.25,bbf53d10-7562-416c-a736-c75fbf774827,Washington,Tablet,False
b810ca6b-223c-423c-ae80-0abb5d388e00,2024-03-01,Password Reset,Human Agent,11.42,Pending,0.42,2,6.99,ce095b8f-7d56-4949-adbb-b0ce6d8f5112,New Jersey,Mobile,False
6d57bc38-8163-44b7-a884-d343f480f5d8,2024-06-23,Account Update,AI Chatbot,1.81,Resolved,-0.19,5,2.52,73a03853-96fb-47e0-8cf4-f4e1e33c9740,Nevada,Tablet,True
521c13d5-9cdb-473c-9bad-e2f666fa6fbc,2024-05-05,Password Reset,AI Chatbot,3.21,Resolved,-0.17,3,1.62,8f9d9c99-2245-4f0b-92a7-602f5d0bf3bf,Texas,Mobile,False
2d1547dc-51d7-441d-ac96-d87de578b31c,2024-04-12,Account Update,Human Agent,9.24,Escalated,0.58,1,8.7,772bc66f-e474-444a-a1a0-085280288ef2,Minnesota,Mobile,False
ec0892fb-c4ca-4520-af37-5664e9a94e6b,2024-03-25,Billing Question,AI Chatbot,0.74,Escalated,0.03,1,4.65,3a5a9204-3ada-47db-9681-6febd7e7596d,Wisconsin,Tablet,False
d7297943-8e18-4ae3-963c-1e0ef982262e,2024-03-12,Password Reset,Human Agent,5.43,Resolved,0.55,3,6.66,43567f43-dd17-4086-af47-c177336ae34e,Illinois,Mobile,False
fbb84680-9894-4025-ba32-b94a82304e1d,2024-04-30,Shipping Inquiry,AI Chatbot,2.18,Pending,0.34,1,1.29,a2fd070e-cc3d-4c4d-ac8a-563c3d46e749,Michigan,Desktop,False
04b6e489-5ec1-4062-8f68-f636ff34594f,2024-06-24,Shipping Inquiry,Human Agent,6.14,Resolved,0.86,3,9.94,fa72a639-4079-4d9c-a296-272a0496da6e,Idaho,Tablet,True
dac1b1de-008f-434f-910d-8c740b0dae73,2024-05-03,Shipping Inquiry,AI Chatbot,1.32,Resolved,0.61,3,2.06,6c3fcc08-8604-4716-89e5-eae8053154bd,Arizona,Mobile,False
fecfe522-0605-43be-ab0d-22643c43a493,2024-04-09,Technical Support,AI Chatbot,1.87,Resolved,0.37,3,1.1,c196e6df-25a5-48b6-a33a-46e9beaed1c2,South Carolina,Desktop,True
3e69b87b-2521-48e8-a633-be120a11b5cd,2024-04-19,Shipping Inquiry,Human Agent,8.36,Resolved,0.34,4,8.62,36640aa7-c7a9-4249-85a2-5ee47a80a233,Florida,Tablet,False
b19f3b8a-d546-4837-838c-82bc851daa57,2024-01-16,Technical Support,Human Agent,10.13,Resolved,0.19,3,7.58,a881a685-ba60-4d87-9ac3-4e3fb05722ed,New York,Desktop,False
64343785-b007-4e13-be22-692b81644705,2024-06-16,Product Information,Human Agent,8.74,Resolved,0.54,3,8.61,f0391a32-d97b-40db-964c-ff25d7e59f59,North Dakota,Desktop,False
27149c04-0355-431f-9679-2feebebde290,2024-05-29,Technical Support,Human Agent,10.88,Resolved,0.19,3,6.88,178a3d08-af34-4d38-9fa1-48caf75dde71,Oregon,Desktop,True
54d8bf3d-d8ce-41af-a8c9-f5d48db4f663,2024-06-21,Account Update,AI Chatbot,2.05,Resolved,0.33,4,1.88,29f00549-4334-4332-beaf-fd2feaa2e5cf,Montana,Desktop,False
1e175897-cd48-4be3-821b-27789c48fac1,2024-02-04,Billing Question,Human Agent,6.11,Resolved,0.8,4,7.89,3eb6c474-dd07-47cb-b52e-0f72dcc00e00,Ohio,Mobile,False
521fc9ab-b0e1-4b1a-9a86-ee2037f46bc3,2024-03-07,Account Update,AI Chatbot,0.96,Resolved,0.53,5,1.55,40fec499-ab40-47db-9fa4-f8c91f7213b2,Wisconsin,Desktop,False
f3fc03e8-7afe-420e-9de9-9efa896a1e91,2024-02-16,Billing Question,Human Agent,4.34,Resolved,0.77,4,7.84,6fe01790-9283-4d08-8180-bd4d84c3b084,Hawaii,Desktop,False
7b303f4b-1474-408a-a6d2-44303558e5fe,2024-06-25,Shipping Inquiry,AI Chatbot,0.72,Escalated,-0.07,1,3.37,457bb87b-9ca1-4a47-aa48-e5ba7a73a418,New Jersey,Desktop,False
ed3ff7a5-1642-4923-9451-4da9ef9d5f4b,2024-05-03,Password Reset,Human Agent,10.42,Resolved,0.24,4,6.22,bad4b41e-d8cb-4485-9f18-2428ef90d2b6,Nebraska,Desktop,False
aae000ee-be0f-4e0d-a4dd-469d55856618,2024-04-26,Product Information,AI Chatbot,1.57,Resolved,0.37,3,1.63,048832bd-6a8d-4b22-81e5-c8ed8071b73c,West Virginia,Mobile,False
57e1fd22-4fe2-44a0-8c85-28de3ffe0563,2024-02-18,Product Information,Human Agent,10.42,Resolved,-0.18,4,8.35,3098bd19-2039-4e59-b8a6-0fa42dfa15bf,Illinois,Tablet,False
503a11d1-5abb-4b60-ba9a-8b8a88e8576d,2024-01-08,Technical Support,Human Agent,6.81,Escalated,0.37,3,8.87,d9f40d07-ac81-422d-81c9-c55a07958436,North Dakota,Tablet,False
14325b58-75ed-47e1-a538-3362a7c1ed29,2024-04-21,Shipping Inquiry,AI Chatbot,0.71,Resolved,-0.11,4,3.55,1d8b4a9c-e20f-4c51-8561-c79202d3733c,Georgia,Tablet,False
05a04ce7-f192-47a5-9a01-c4cec6f6dd0a,2024-06-25,Shipping Inquiry,Human Agent,6.39,Resolved,0.37,3,7.73,5f7eede3-019e-455b-8f6b-2925fce4eab9,Idaho,Desktop,False
77996ceb-2c58-4642-be61-d9de8e7b2904,2024-04-01,Shipping Inquiry,AI Chatbot,2.11,Escalated,0.6,4,5.67,92237789-3106-4d82-8d33-dc1b2c515856,Washington,Desktop,False
157249e7-46f4-4a90-aa02-661d8e4280dc,2024-06-18,Shipping Inquiry,Human Agent,5.6,Pending,0.07,1,6.22,a76e923f-e425-4ff7-b567-e1d69d3e5dd7,Kentucky,Desktop,False
81c33234-c368-415a-842f-7e6529392552,2024-02-17,Shipping Inquiry,AI Chatbot,1.47,Resolved,0.35,4,1.21,c12dd9fc-9058-43af-9907-728f3af8ef82,West Virginia,Desktop,True
5c5b6824-9287-491a-b47b-7a860ebd7f7c,2024-05-09,Password Reset,AI Chatbot,1.46,Resolved,0.15,3,5.02,319ba3ca-d428-4e85-b1db-c8e2b10cbaf6,Nevada,Tablet,False
328e21b7-2111-456b-bb74-624c0ea1c2af,2024-03-09,Password Reset,AI Chatbot,2.26,Resolved,0.42,4,4.72,e65f7751-9d52-4390-a5ba-0fea7c8be98f,North Dakota,Tablet,False
71e56441-ea97-46f8-a275-72be48365b9e,2024-05-01,Password Reset,AI Chatbot,1.57,Resolved,0.95,5,3.35,b1589810-dacc-40c9-a346-ab1d2a968184,Illinois,Mobile,True
9467100f-6479-44ca-b0bd-f2d4a2d2c8de,2024-01-01,Account Update,AI Chatbot,0.71,Resolved,0.32,4,2.24,755d6ac5-b754-4095-b6e0-50a345e2c548,New Mexico,Desktop,True
fb6aacd7-2383-4d28-aa21-368571016b4a,2024-01-18,Product Information,AI Chatbot,1.49,Resolved,0.05,5,4.95,83d3f31b-0916-4459-bd7d-38a05efad8a7,Louisiana,Desktop,False
07c7496e-6107-4ab6-a283-584d948a34a4,2024-02-21,Password Reset,Human Agent,7.06,Resolved,0.84,4,6.47,4e317837-f82b-435a-a931-0edb7695c3a5,North Dakota,Tablet,False
70b010f1-acb9-4f6a-8b73-156909ce4ce7,2024-04-20,Shipping Inquiry,AI Chatbot,2.46,Resolved,0.59,2,6.2,e124e02e-1908-40ac-a3eb-82eb993a2b74,Indiana,Tablet,False
3c8b43d5-8f2d-4fb6-bd05-4fb367ba7c63,2024-06-20,Product Information,Human Agent,6.06,Resolved,0.58,4,5.62,44f00897-07a9-4f43-9b87-eb550de9b33b,Maryland,Tablet,False
efa322d2-39ef-498b-99db-f0bf85f2fedf,2024-01-26,Product Information,Human Agent,6.2,Resolved,-0.13,5,8.17,036b06c8-7e47-4906-b3bb-e3d42873abba,Utah,Mobile,False
47e11000-0bb7-48f8-8a8c-7c2d11c3d7cc,2024-06-06,Password Reset,AI Chatbot,0.81,Pending,0.2,4,0.83,4fe6a2e4-8d31-4c60-a596-974256217c12,Indiana,Desktop,False
97dba720-cf08-4648-b4e8-901eb1bb0987,2024-01-14,Product Information,AI Chatbot,1.59,Resolved,-0.54,4,3.09,9beb7e6d-95ca-45c2-b4fc-96b1553b2548,Ohio,Mobile,False
e2a268f0-5429-4d9d-b83f-fac75ebaeca9,2024-01-31,Product Information,Human Agent,9.64,Escalated,0.82,1,7.52,648e876e-e7e0-4f59-a02f-6bc61a9b45e7,Virginia,Tablet,False
b104ca67-12ec-48ed-9a57-c16ca88ad843,2024-05-01,Product Information,Human Agent,6.35,Resolved,0.31,2,7.9,a59e16c4-90a2-40de-9d60-3efbf6e77f2d,Florida,Mobile,True
ae47f2f6-6061-426e-8357-34e7a65c9614,2024-04-01,Account Update,AI Chatbot,1.57,Pending,0.97,2,3.33,12155a36-0e60-46a2-8c4e-0debe48870ad,New Jersey,Desktop,False
37d8a11c-d057-405e-a5e7-b0b1c51afb11,2024-06-18,Billing Question,Human Agent,6.85,Resolved,0.45,4,5.62,59df459c-e50c-49d8-b548-f98c988ad425,Nebraska,Tablet,False
970ad540-0a1c-4cb0-9c24-7d25251fd3e7,2024-05-13,Password Reset,AI Chatbot,1.88,Escalated,0.59,2,3.23,b6e65938-4546-494d-b937-7efe8bbb511f,Minnesota,Desktop,False
e4f3650d-5e86-486e-b5d0-8c349a8b5439,2024-01-06,Shipping Inquiry,AI Chatbot,1.6,Resolved,0.32,4,2.01,ad201c6c-e0eb-45ef-858e-a15f9ef71276,Washington,Tablet,False
ce61283c-5480-4ca7-914c-1ba28abe71d6,2024-06-03,Product Information,Human Agent,11.66,Resolved,0.27,3,3.79,88cf1634-2e72-4036-b66e-40b13a8de96b,Washington,Desktop,False
6a6fd2b5-2de3-43a1-8476-e0423ef59707,2024-03-09,Product Information,AI Chatbot,1.76,Pending,-0.01,3,0.88,29f628c1-dbeb-4d9e-b335-716c421f212a,Mississippi,Desktop,False
c5735a97-7075-40e9-9a50-62a5cdd78337,2024-05-12,Technical Support,AI Chatbot,0.93,Pending,0.15,1,4.22,11e70a4f-4005-4a37-a3eb-3222c79617c1,Virginia,Tablet,False
3c626ab0-2052-4309-9243-bd86fc9fbd58,2024-06-28,Account Update,AI Chatbot,1.44,Resolved,-0.65,4,6.0,975839f4-da16-48ce-9aa6-65828be8b96b,Iowa,Tablet,False
63b5a321-ba40-4992-9dbd-377ca73f2dcf,2024-04-21,Billing Question,Human Agent,7.75,Resolved,-0.16,4,7.68,533e9400-9fd3-4a55-889f-7ea6ab3f4317,Virginia,Mobile,False
05c01fa8-857e-47b5-b919-b4f6853ca742,2024-05-25,Technical Support,AI Chatbot,0.92,Resolved,0.65,4,4.51,eaba258e-7826-4c72-85ce-c4c2b605f11e,Montana,Mobile,True
f0aaee4e-d3ca-447e-8ed0-3277cb704eb9,2024-06-18,Password Reset,Human Agent,3.34,Resolved,0.26,3,6.43,d26daa1c-277f-4fe3-8414-4eab357c6ae9,Indiana,Mobile,True
e57a0891-b5a4-4713-852b-3c356d926199,2024-03-29,Billing Question,AI Chatbot,0.95,Resolved,0.49,4,3.65,74e55764-080f-4974-8865-d103f539f284,Washington,Desktop,False
c15f2631-4c58-443d-85ee-c158ce19f39e,2024-05-04,Account Update,AI Chatbot,1.02,Pending,0.71,3,3.33,491fc6ea-dc5c-4d92-9919-e54b26c52c1a,Wisconsin,Desktop,True
e3c5d492-677a-42ed-97d2-9ced2e49cbe8,2024-02-05,Account Update,AI Chatbot,3.09,Resolved,-0.25,3,1.71,09d0a091-d469-4b1f-8992-0eecb6c6b1be,South Dakota,Desktop,False
eb4eae0e-4068-4315-89e5-a724caf11fc3,2024-01-12,Product Information,AI Chatbot,1.09,Resolved,-0.04,4,2.3,e21b7ccd-2e56-4809-a595-8a13b457e5b4,Rhode Island,Desktop,True
1a57d63c-9b2b-40cf-b968-36d17be18fc1,2024-06-08,Shipping Inquiry,Human Agent,2.94,Resolved,0.6,3,7.88,f2beeadc-998b-4242-9881-97fd1b694c1b,Idaho,Desktop,True
8ce51f9a-fc8f-48a5-b747-f0339ad928c8,2024-06-10,Billing Question,AI Chatbot,1.97,Resolved,0.36,3,4.38,fa5ddf98-a68b-41fc-ad02-21fcc6251637,West Virginia,Mobile,False
4bbb4fdb-b38c-44a9-ab8b-2f367e3424bf,2024-03-05,Account Update,Human Agent,9.02,Resolved,0.5,3,3.76,60ee757c-0aed-40fd-b2d5-02771b232341,New Mexico,Desktop,False
56764708-4e05-4f8a-97fd-c0b3e9972092,2024-05-24,Product Information,AI Chatbot,1.3,Resolved,0.27,4,6.28,1c6ba227-b30b-483f-a948-8ad34d8cef16,Idaho,Tablet,False
2fbc40dc-2e51-4ae6-8ef0-9fdc80697eb4,2024-05-04,Password Reset,AI Chatbot,1.08,Escalated,0.68,4,4.12,fdb430ae-c384-4685-b9a3-7c79443eae1b,Mississippi,Mobile,False
0012b570-c82e-44c7-a444-79b1962203ab,2024-03-07,Billing Question,AI Chatbot,2.45,Resolved,0.1,3,3.49,99a80069-bf63-4cbc-b0d9-329db43b7aa6,Alaska,Desktop,False
fec0b790-f0db-4401-85f0-63379407b019,2024-03-10,Billing Question,AI Chatbot,1.67,Resolved,0.27,3,5.03,9cebb819-5442-4297-ac0d-79a72a59495d,Arizona,Tablet,False
6c697f68-faa3-4191-b1d5-fb576b4d52c5,2024-06-11,Account Update,AI Chatbot,2.13,Resolved,0.36,5,2.82,bc3f838a-c243-498b-b74b-41a00413a153,Georgia,Mobile,False
90812009-b1de-4b69-b509-dbc7c4875482,2024-01-20,Shipping Inquiry,AI Chatbot,1.91,Resolved,0.44,4,3.1,3e0a337d-c0d4-4863-a86d-5d15b0fc64d1,Maine,Tablet,False
f950aee6-7c81-4394-9fff-c412125dc436,2024-06-26,Product Information,AI Chatbot,0.83,Resolved,0.33,4,2.42,6b57bb8e-aa82-4d35-bf6f-9173d7b30808,Kansas,Tablet,False
54a41aa6-15ec-4c0d-870c-2c6c531887a1,2024-01-01,Account Update,AI Chatbot,0.52,Resolved,0.67,3,2.01,1165051a-2218-41e9-a29e-d5ed4af3ffe5,Kansas,Desktop,True
8c60f472-5d8e-4ae1-ac16-13f18959775e,2024-04-16,Account Update,AI Chatbot,1.94,Resolved,-0.06,4,6.17,4b1acab0-90f6-40cf-88c8-9eb483ee81a5,Florida,Tablet,False
d80c5160-141d-4e5a-8409-7f53de761454,2024-05-04,Shipping Inquiry,Human Agent,4.27,Resolved,0.01,4,5.09,01fe991d-e82c-4417-94b7-d14b56c550b7,Massachusetts,Mobile,True
92d30192-1c3d-41bb-b4b6-3c7f8500418f,2024-01-19,Technical Support,Human Agent,5.01,Resolved,0.56,3,8.88,30a7a589-8c68-46dd-9016-181e113ac4bc,New Hampshire,Mobile,True
f49c6503-1873-468d-bbb0-18f1d932a263,2024-05-09,Account Update,Human Agent,9.09,Resolved,0.42,2,8.24,562fc06f-8509-4116-8661-b4dda722fa92,Georgia,Mobile,False
52e7638f-0744-4438-b60b-62f28893f1e1,2024-03-31,Billing Question,Human Agent,8.25,Resolved,0.05,4,6.33,2c63bfa3-e63a-496b-9f35-e2c42a912cea,Hawaii,Tablet,False
43944f71-afb5-4f7f-bd8b-c01d48545359,2024-03-13,Billing Question,AI Chatbot,2.06,Resolved,0.3,4,1.66,1177bfbb-e68f-481f-ad74-b880c37148e1,Maryland,Tablet,False
88234292-5d12-410c-8218-1fed02ee9f72,2024-05-26,Account Update,AI Chatbot,1.98,Escalated,0.28,3,3.97,152c727f-2198-4a1b-9a56-36b977134c8d,Florida,Mobile,False
c85db0ff-4f33-451e-bc05-0aef4ad47091,2024-04-26,Account Update,Human Agent,6.68,Resolved,0.45,2,6.58,08bb3127-ac21-4e0a-927c-4789e237a1dc,Wyoming,Tablet,True
417953f7-f5d1-4d1b-8b28-9984d032cf34,2024-05-20,Technical Support,AI Chatbot,1.23,Resolved,0.17,4,1.81,386bc1d0-977b-4fe7-b0b4-eaaedf4ee0fa,Utah,Mobile,False
6823d78c-c9ac-41ef-afb6-931f70cff9c1,2024-03-20,Billing Question,AI Chatbot,2.01,Escalated,0.46,4,3.51,379e7285-f5eb-4407-afe5-adbab0e4eb25,Utah,Desktop,False
e107436d-637d-4d5d-89f5-f9437f58a14c,2024-01-20,Product Information,Human Agent,5.92,Resolved,0.32,5,6.58,e0049022-b78a-4da2-b0d9-688dc4b35fe8,California,Tablet,False
350def56-48a7-4f63-8b25-0042b104b35f,2024-04-13,Password Reset,Human Agent,4.9,Escalated,0.56,4,7.65,ab065488-83c3-4587-85c4-22a4542c79e1,Minnesota,Mobile,False
2dda60c1-03ff-4d98-96e7-2253a87852ad,2024-03-21,Technical Support,AI Chatbot,1.61,Escalated,0.27,4,3.27,c07bbf11-1def-4473-a057-7dfdb9e4e09a,South Carolina,Tablet,False
4068b28b-90f2-4288-9d48-5cbf5eada973,2024-06-18,Product Information,AI Chatbot,1.87,Escalated,-0.01,1,1.75,f28e24a2-b777-4246-b9dd-2d082fbb8a28,Wyoming,Tablet,False
5e5b12fe-0263-4a58-bf9e-c8fe04620f7b,2024-06-14,Password Reset,AI Chatbot,2.04,Resolved,0.42,3,4.01,0f12f16b-2ac0-4235-86be-007184e86131,South Dakota,Desktop,False
5c59716f-3ed3-462e-959c-9278184f3af3,2024-06-15,Billing Question,Human Agent,4.53,Pending,0.08,4,9.22,86d3936d-ebab-470a-8d6a-8fa95b00d8e5,Arkansas,Tablet,False
bef0bf87-a3d3-439b-841c-eb6c4b25100b,2024-02-19,Technical Support,AI Chatbot,0.44,Resolved,0.0,3,3.64,684a7383-11cf-4547-baff-42f74d9fb6a1,Pennsylvania,Desktop,False
d7330205-720e-410d-b6b9-203934b70d64,2024-05-20,Account Update,Human Agent,6.57,Pending,-0.01,1,6.15,8098cf00-0bf0-4852-b03a-d5989210b97a,New Mexico,Mobile,True
cb367259-3c93-4848-a25c-169c2cb08274,2024-02-09,Account Update,AI Chatbot,1.11,Resolved,0.26,3,1.89,eb60a3d7-fc62-4667-9e48-e2fab8a1c2cf,Washington,Mobile,False
7aa1f0e6-1a10-4f19-9fa7-bec552d4249a,2024-05-02,Technical Support,AI Chatbot,0.2,Escalated,0.7,3,4.07,ef903958-be70-479e-ad31-6eefb8d59086,Utah,Mobile,False
062c2b93-402f-46bc-b7fa-ff94140c72e9,2024-03-10,Billing Question,Human Agent,10.3,Resolved,0.14,4,6.67,1a0c513a-e6c0-486f-a174-ce1ca803eeca,Maryland,Desktop,True
7e2f3505-21ea-43ab-8969-81551887bd7c,2024-06-06,Shipping Inquiry,AI Chatbot,1.63,Resolved,0.4,4,1.71,74620faa-60e9-4818-bda3-e607193dc2f5,Rhode Island,Desktop,False
d71e75d8-fd26-4f87-a2d7-bab8497ef5b4,2024-05-12,Billing Question,Human Agent,7.66,Resolved,0.47,4,6.83,1a921220-78c6-4c12-8225-68e8d799f254,Nebraska,Mobile,False
6f1729df-d1e9-4bba-b1c9-ab47a415bca5,2024-05-16,Account Update,Human Agent,9.1,Resolved,0.54,4,6.62,ee2d841c-1009-4bac-a49a-49952b42bd24,Rhode Island,Desktop,False
9a3cda76-b651-4bb2-ad43-461e2ac430cc,2024-03-07,Billing Question,Human Agent,7.19,Resolved,0.63,2,6.74,4eef4231-84b1-427a-8351-ffc37e98c246,Oregon,Desktop,False
88b0fe4c-33ad-4edb-9092-8e8683f30a6b,2024-06-19,Shipping Inquiry,AI Chatbot,0.99,Resolved,1.0,4,3.18,e75f284c-ccad-4d8c-adb2-ea8c1bd6527b,Texas,Desktop,True
7fd9edb1-7132-4b5c-9c34-e8e6dd478c9e,2024-03-03,Shipping Inquiry,Human Agent,6.66,Resolved,0.1,3,4.46,eb5d9bc6-04c3-4839-8560-00173dcd6816,Georgia,Mobile,False
e610d4cc-3878-4810-87fa-fc7b8fd88369,2024-04-25,Billing Question,AI Chatbot,2.08,Escalated,0.43,4,3.38,08aad5c4-59a3-4136-b942-67e0669873f6,Maine,Mobile,False
6a1c4c45-f0df-4464-97c1-8b9e2b26c742,2024-05-09,Billing Question,Human Agent,7.15,Resolved,0.78,3,6.43,f2ba87c7-9faf-4918-84cf-7f8cf10f6904,North Carolina,Desktop,False
7dcd5f19-4ebf-4fea-83ce-0945d268f69f,2024-05-27,Product Information,Human Agent,4.99,Pending,0.03,2,8.55,7bead645-3ddb-4dba-a0cd-71141dce6ede,Hawaii,Desktop,False
27a4c002-61e1-42fa-9782-66834c08f5bb,2024-05-16,Technical Support,Human Agent,1.77,Escalated,0.19,2,7.77,704fcbe4-a37e-4202-af68-1a7249096a9d,Minnesota,Tablet,True
eda74446-b8e6-41f2-a1cb-4eb80000c430,2024-01-30,Billing Question,Human Agent,5.61,Resolved,-0.33,4,6.49,05c43821-5c3b-4868-a17b-e848c2863e10,Kansas,Mobile,True
4b449023-c8fc-4608-874f-80444b862503,2024-06-19,Technical Support,Human Agent,2.01,Resolved,0.32,3,4.85,9493d1d3-e50f-4e07-a246-351a7f119e6a,Florida,Mobile,True
d0275ff4-894d-4952-9483-ad5fd84d17be,2024-04-05,Account Update,Human Agent,5.09,Resolved,0.88,5,5.99,e12bbcd8-0327-4e2b-8623-037e035ff1cf,Oklahoma,Desktop,False
b4b4edd7-25e6-4125-92f2-f4b4d7c1ce8b,2024-05-01,Technical Support,Human Agent,12.01,Escalated,0.34,2,6.88,93331f58-6d26-4ec3-b587-6ff54df61010,Utah,Mobile,True
c87e6156-bb7e-4ae9-a5ca-ba0bdeeec310,2024-06-01,Product Information,AI Chatbot,0.2,Resolved,0.4,2,4.23,55457b7e-603e-405d-abf2-b97d97ada089,Michigan,Desktop,True
deacd10b-3eca-468a-af72-ab2c7cd28a65,2024-06-19,Product Information,AI Chatbot,1.26,Resolved,0.05,4,3.74,ce1a7533-b36d-4dab-b6d8-7821279e45d9,Minnesota,Tablet,False
e8da2d8f-43ca-42c0-b8fc-63d969e2724c,2024-04-09,Shipping Inquiry,AI Chatbot,0.8,Resolved,0.74,4,4.1,6d8da8bf-775e-4e8a-b5db-f439f83392a2,Hawaii,Desktop,False
11699841-6503-4e40-9372-8f252143eca0,2024-04-28,Shipping Inquiry,Human Agent,13.99,Resolved,0.26,3,7.68,6b5caa21-ad5a-4ce1-87e9-2ab52ea771c3,North Dakota,Tablet,True
5b8bf2e1-578d-4461-999a-e4a4082db74f,2024-02-03,Shipping Inquiry,Human Agent,2.91,Resolved,0.04,4,7.02,29071f9d-f188-40e5-8397-bef80fbfe864,Delaware,Tablet,True
2076a79f-4c5d-49d0-be6a-69d955213880,2024-01-30,Product Information,Human Agent,5.37,Resolved,0.69,2,7.08,317ffa76-1084-47c4-aee7-6131e982f177,California,Desktop,True
aa8c2eef-3b36-4a5f-9777-1bbb68c90e3f,2024-03-04,Billing Question,AI Chatbot,1.21,Resolved,0.05,5,1.77,7cce7d59-d9a0-46f5-a901-7ea2f2b36da0,Kentucky,Desktop,False
d295de76-7089-43c3-8bd8-1ed483a6178c,2024-06-20,Password Reset,Human Agent,9.12,Resolved,0.49,4,4.89,623a98dc-a61c-4416-8780-f9912b47ae8f,Missouri,Tablet,False
4308d15c-5df5-4189-b8cd-fdd9a9e095d6,2024-06-10,Account Update,Human Agent,7.55,Resolved,0.16,4,6.01,e7456a74-c47d-4d03-a1d9-22f461cbbd7a,Hawaii,Tablet,True
64609636-d816-4d90-b1c6-4e865f0579cc,2024-06-22,Shipping Inquiry,AI Chatbot,1.55,Resolved,0.46,5,2.8,6c582fee-e5b8-46af-b27a-a057ec2ead46,Idaho,Tablet,False
c5ec3242-6515-4581-b0f3-e466b2504c21,2024-01-04,Technical Support,Human Agent,2.83,Resolved,0.76,2,9.14,fc326cab-bace-477f-8d95-5a988a038297,Texas,Desktop,False
6c5d3898-ca78-403a-bac8-2daa817fed65,2024-02-08,Billing Question,Human Agent,4.28,Escalated,0.44,3,8.38,c47f5095-3a09-440f-8ba0-bc7934067cca,West Virginia,Tablet,False
0169dc96-7032-442a-a07a-166ca10b451f,2024-02-12,Account Update,Human Agent,12.86,Escalated,0.03,3,6.96,c5b2105f-ef31-416a-845d-f084120e8da0,Louisiana,Mobile,False
1d60b756-e136-4106-b08f-ad9d53ca908a,2024-06-23,Password Reset,Human Agent,8.99,Resolved,0.23,3,5.82,6be30ea6-507a-421a-8594-4169d6e4b657,Georgia,Mobile,False
5e4cd5eb-b790-428c-97b4-2864e8ab61e2,2024-06-03,Password Reset,AI Chatbot,2.41,Escalated,0.59,4,3.84,4028a11f-2109-4be0-b86f-dce6cddbdcb1,South Dakota,Mobile,False
302ea314-998a-4286-9e32-7af5a80391a7,2024-03-01,Billing Question,AI Chatbot,1.03,Resolved,0.78,4,2.91,bc2da96e-554e-42ba-8e37-5022b05d7c80,New Jersey,Desktop,True
02d890b9-e94c-46e7-a348-bb993833ed8e,2024-05-26,Product Information,Human Agent,5.75,Pending,0.71,2,6.22,f0d2000d-ab37-465d-bfbe-4e1c9f59db77,Wisconsin,Tablet,False
eb2acd2a-4b48-45b1-b939-29a05e82e0d9,2024-06-23,Account Update,Human Agent,6.99,Escalated,0.91,2,6.97,3ffa7e81-2194-4a95-a2e2-386f4c9d071c,Minnesota,Mobile,True
8609f75c-b865-43e8-9d0d-7b2425da00e4,2024-02-08,Account Update,Human Agent,1.41,Escalated,0.09,2,5.89,c8588f36-c9cc-49e6-a174-1d3f56adac56,Montana,Tablet,False
1aa32928-a3e1-4122-8fa3-0c2426b6c5b7,2024-01-29,Product Information,Human Agent,9.15,Resolved,0.53,4,9.07,165106df-7af3-4070-a9dd-a9ff1f101142,Montana,Desktop,False
f2828454-ea45-404d-9958-f4df953ae98a,2024-01-02,Account Update,Human Agent,12.48,Pending,0.23,2,4.62,2f99d17f-d3fe-4b80-8390-e199b029fa95,Maryland,Tablet,True
6cdfd9b3-6b61-4a70-b294-7c6d24953cf4,2024-03-28,Password Reset,AI Chatbot,1.78,Resolved,0.43,4,4.41,7112e3f4-cbc6-4533-90a4-407d26e99e33,New Mexico,Tablet,False
3a63826d-9d21-4261-9631-a60d610774e5,2024-05-22,Password Reset,AI Chatbot,1.79,Resolved,0.04,5,2.2,56171269-436b-45a3-8146-0066d1b0e66d,Wisconsin,Tablet,False
1fd4ce11-34a0-4152-9cd0-eb780cc6ab9d,2024-04-18,Product Information,AI Chatbot,1.44,Resolved,0.2,4,2.77,22e0d9de-583d-45b1-81e6-4cff16040a1d,South Carolina,Tablet,True
600175ae-2fb1-473c-8f5d-fce20e673371,2024-03-01,Account Update,Human Agent,4.87,Resolved,0.92,3,7.45,33635d4a-e8af-47aa-a6ea-148074c6e068,Georgia,Mobile,False
f672c194-bfe4-446b-87d4-d5bd67d8577b,2024-01-20,Password Reset,AI Chatbot,1.86,Resolved,0.3,3,2.94,f7d3cf1c-e2b7-415d-9e97-c40376b0571c,California,Mobile,False
bac1f2bc-71df-4e50-9abb-574da4562a19,2024-01-20,Account Update,AI Chatbot,1.69,Resolved,0.29,3,4.18,67be3880-4614-417d-8ef5-24d9807cce3f,Arkansas,Tablet,False
385ef7bb-9137-4ee8-8cc9-7332703bee20,2024-04-22,Password Reset,AI Chatbot,1.02,Resolved,0.44,3,3.35,3cf12446-731e-47d3-8a63-e41555351b70,Connecticut,Mobile,False
36709718-c02b-4c47-b65e-9eaa2d2b2fa4,2024-06-16,Technical Support,Human Agent,2.38,Escalated,0.48,1,6.13,487b7368-ebb9-444c-ba48-9820002dd1bc,Rhode Island,Mobile,False
2333ee47-b429-496e-9ba7-63af6a2ef40e,2024-01-09,Password Reset,AI Chatbot,2.0,Resolved,0.62,3,2.09,8c3bf704-e393-457a-9055-25ebccf93a41,Michigan,Mobile,False
b0463d44-3d47-4469-9d94-b1a01345c3e2,2024-02-08,Password Reset,Human Agent,5.35,Escalated,0.82,3,7.75,61704c1f-763d-4b34-8719-89dae7f2180c,Hawaii,Desktop,False
d86da755-e013-4d4b-bf78-53eb897f0775,2024-01-22,Account Update,AI Chatbot,1.8,Resolved,0.87,4,1.6,08de6417-3bd3-42d1-a403-21f62676093e,Washington,Mobile,True
31056f3d-d774-40e1-ba1c-c51137bd616f,2024-06-10,Billing Question,AI Chatbot,1.49,Resolved,0.14,4,1.16,42aecc29-827d-42a4-bdec-5b0616e1dfc7,Idaho,Mobile,True
6278c1ff-92b0-46a1-a54a-eb8ab53782f4,2024-04-16,Shipping Inquiry,AI Chatbot,1.7,Resolved,0.52,3,2.62,140e9af5-db93-4beb-8112-e72b8d0e5472,Michigan,Tablet,True
035ef06c-8cc4-4749-b850-a331d84b2c28,2024-01-05,Product Information,AI Chatbot,0.86,Resolved,0.47,3,1.02,b7f9fcc7-4f7f-4f17-9b5f-bc6a4ad9e441,Massachusetts,Mobile,False
ca61592d-7de2-4a21-b806-337f193d470f,2024-03-07,Product Information,Human Agent,5.4,Resolved,0.32,3,5.07,26df629b-c1e9-4939-8cc2-c502878ecd98,Missouri,Desktop,False
91dc72a4-5d08-4fc4-876f-dda943f79fde,2024-04-01,Product Information,Human Agent,9.53,Resolved,0.18,3,8.29,81191db3-6e33-421c-982f-5b3fa6e77d3a,Wyoming,Mobile,False
38d2556b-1078-4a20-9361-06fd16f6cbcf,2024-02-28,Shipping Inquiry,AI Chatbot,1.22,Resolved,0.65,3,4.39,44d315a3-36f6-44ea-a275-a081cde12832,New Hampshire,Desktop,False
9e145fa3-041d-4982-9078-89ca1bee37b6,2024-05-08,Account Update,Human Agent,5.95,Resolved,0.12,3,7.19,ec3e2ae6-d998-47d0-9c72-412be5499458,Louisiana,Tablet,False
398abfba-6a80-4ec6-992b-aea9eceb2988,2024-05-26,Technical Support,AI Chatbot,2.33,Resolved,0.06,5,0.5,49bfeed2-989a-4a23-8933-bf1af4c8cabf,Louisiana,Desktop,False
36665e5f-8cdc-4a3e-b149-a278ac9e853d,2024-01-19,Product Information,Human Agent,8.99,Resolved,0.7,4,8.93,ff6a79b2-720a-4848-bb4d-c0e66e1ad4e9,Virginia,Tablet,False
5ceb0e96-13e4-4584-a986-cb89e763d6ee,2024-02-19,Technical Support,Human Agent,9.45,Resolved,0.16,3,5.2,47f3f689-7435-4d3e-821a-31d0dffbd30b,Arizona,Desktop,False
a384f8b6-14cb-404a-a5c7-5fd483216843,2024-04-14,Billing Question,AI Chatbot,2.27,Resolved,0.51,4,2.2,290c416b-83fc-4337-ad5e-f977258c2f21,Louisiana,Tablet,True
0860ca00-66e0-4b8e-b7cf-2ccb534a0c3c,2024-04-12,Account Update,Human Agent,7.13,Resolved,0.29,4,4.13,97c55934-a5c9-4896-b236-7f5ea7a2d614,South Carolina,Desktop,True
956a8e46-6413-4c6c-a3cc-03e3b8fabb44,2024-04-15,Technical Support,Human Agent,5.24,Resolved,-0.14,3,6.93,ccede5f6-c1fc-41cf-aa79-e713244a65d8,Louisiana,Mobile,False
1a42bc9f-e56a-4cb0-bb41-721c9d9e3570,2024-02-13,Password Reset,Human Agent,6.03,Resolved,0.56,4,6.58,8102c0ae-d90d-4fd1-ba2a-5d139f51cc36,New York,Mobile,False
1d8a3032-62d9-41db-a08f-d1aed6c26732,2024-03-16,Product Information,AI Chatbot,0.71,Resolved,-0.15,3,6.14,83bb88f1-1f7b-4698-bdd3-072136c649b8,Wisconsin,Desktop,True
e4344969-e72e-404c-b06a-be7687fca36a,2024-05-26,Shipping Inquiry,Human Agent,9.15,Resolved,0.31,3,6.51,37efa8dc-fe8c-4cce-b89d-0f8976ab487a,Oklahoma,Mobile,True
c7df5f9d-a0c1-4ce3-a432-4d90a30dff47,2024-02-16,Password Reset,AI Chatbot,0.78,Escalated,0.48,3,5.26,5a95d226-fb58-4ece-9f92-fbe6f756a3e2,New York,Desktop,False
b7e5a68a-0bce-4040-bc06-ca2528d4cdf4,2024-06-28,Shipping Inquiry,AI Chatbot,1.34,Resolved,0.1,3,1.89,87d847f0-3e4c-4966-9eee-a4d88adbb211,Mississippi,Mobile,False
250f6a69-5ee0-4128-8992-0b5824bdd876,2024-03-08,Product Information,AI Chatbot,1.25,Escalated,0.77,1,2.17,d886d083-f832-42ce-ae3a-18b4e111d33f,Kentucky,Tablet,False
634b12b6-cbc0-45af-8896-a6c83d5ebee9,2024-03-09,Technical Support,AI Chatbot,1.05,Escalated,0.21,1,1.34,ebd0b51b-af13-436c-a758-28e535db5143,Rhode Island,Tablet,True
49fb2017-e494-4026-874b-07432336233b,2024-06-18,Product Information,AI Chatbot,2.36,Resolved,0.64,2,4.96,c689740d-3a55-4cc1-9895-a8fb0240911d,Wisconsin,Mobile,True
a2e8ff85-7335-4e72-8155-d23878d4c1fa,2024-06-08,Product Information,Human Agent,16.2,Pending,0.33,2,6.67,c9959f69-1b48-4d0d-8e41-5e733cd2f2c2,Illinois,Tablet,True
e20f3f03-94d9-411f-ab42-1f1245b4dd03,2024-05-17,Product Information,AI Chatbot,0.81,Resolved,0.54,3,4.51,ce7f73c7-b3cb-49d3-8b31-e08e31e4664e,Texas,Desktop,False
f10aedb9-bea2-43ce-9d9c-d3676370d538,2024-02-09,Account Update,AI Chatbot,1.52,Escalated,0.69,3,3.69,e058bc12-2511-46a0-b5ed-f1566b8181c2,Michigan,Tablet,True
2526836e-6715-4840-a2d3-85698920909e,2024-02-12,Billing Question,AI Chatbot,1.41,Escalated,0.59,2,4.62,10a51d0c-607c-4231-b80c-5f55b1aef845,Pennsylvania,Desktop,False
e3b894e6-e5be-4101-88c8-050bc642da03,2024-02-23,Product Information,Human Agent,11.86,Resolved,0.28,4,5.23,7f63d6b6-3e79-48d0-855b-e3742e7c3e01,Tennessee,Tablet,False
98949446-7a3c-496d-8218-12f65d112481,2024-02-14,Shipping Inquiry,AI Chatbot,2.4,Pending,0.34,1,1.96,1f58c365-55b7-412f-8ae9-5a74cd95ca05,Minnesota,Desktop,True
1b0b5f87-7ba9-4384-adfb-8ec5ecba884d,2024-03-10,Shipping Inquiry,Human Agent,2.7,Resolved,0.34,5,7.05,89a7303f-d0be-4b78-8baa-abdb1f21784e,Maryland,Mobile,True
bce2de53-dc55-4dc7-b30d-797a40edcfbb,2024-02-13,Billing Question,AI Chatbot,1.99,Resolved,0.03,3,0.76,d06e3e28-99fa-4cd2-88e7-e340f7e27ee0,Texas,Tablet,True
18222415-561e-47ee-a5fd-56428cf6cc79,2024-05-13,Billing Question,AI Chatbot,2.19,Pending,0.7,2,4.66,af0b02ef-4ed1-45d9-8c46-3260034aa7f7,Mississippi,Desktop,True
74083cc3-961c-4031-af42-bff29f593862,2024-03-24,Product Information,Human Agent,7.13,Resolved,0.44,3,6.56,f8a83a18-7b0d-455b-9bf8-ea810a50f101,Florida,Mobile,True
744d451a-906a-4898-850d-7172e016f507,2024-02-04,Technical Support,Human Agent,7.38,Resolved,0.11,2,5.49,18ff7faf-db70-41bb-bc9e-c2953659c319,Vermont,Desktop,False
86820429-cde8-48f7-9784-14ccf44036ed,2024-06-23,Product Information,Human Agent,6.94,Resolved,0.28,4,4.43,486b828b-7b74-45f0-b403-a54b1bbd0da1,South Carolina,Mobile,False
f65af482-cf93-4893-ad24-8ce9eb56084c,2024-01-03,Technical Support,Human Agent,5.61,Resolved,0.24,4,6.19,73cb4b98-0aba-4ca0-b0d9-f454ee0894e9,Pennsylvania,Mobile,False
6655b3d5-a1be-4785-9aea-77274ff90e43,2024-03-12,Technical Support,AI Chatbot,2.74,Escalated,0.83,4,1.25,814160c1-1329-4bfd-83f0-ff5fca596872,Florida,Tablet,False
75c1cfd0-9cd8-462d-aea4-fedeb912caf6,2024-03-13,Password Reset,AI Chatbot,0.6,Escalated,0.13,4,2.87,a9f36dcc-2043-4a77-b931-2ff3aa97fb40,Kansas,Desktop,False
28cc41cf-f4d8-4e84-b5ef-a4c052b0b534,2024-04-03,Password Reset,AI Chatbot,1.53,Resolved,0.08,4,2.72,13a0e8d2-34fa-460a-ae14-ef43ed584627,New Mexico,Mobile,False
6a7986e7-c56b-4993-8a3e-d847731493fd,2024-05-27,Shipping Inquiry,Human Agent,2.27,Resolved,0.5,3,6.88,f0e07b5b-4313-4b6d-99be-f6e82dcc0609,Iowa,Desktop,False
09e5bb5a-d87e-47b9-ae77-e3a66b887fdf,2024-05-28,Account Update,Human Agent,9.54,Resolved,0.14,3,8.66,46a57610-2af9-4db1-bfc8-4ee01e5e09e4,Michigan,Tablet,False
0ea18ec0-bd05-4871-b9d5-dac5e34c924f,2024-05-12,Product Information,Human Agent,10.13,Resolved,-0.23,3,3.8,c13bb32f-c748-43ea-8b2a-3affb6fd09e7,Minnesota,Tablet,False
8b7d32ce-5cbe-4712-92e0-2702b37dd523,2024-01-03,Product Information,AI Chatbot,1.25,Resolved,0.18,4,0.21,8f45c5e9-7092-487d-8bde-c36d0dbad191,Alaska,Mobile,False
4f94529e-c636-426a-b84c-a83c7b49a4a1,2024-05-16,Product Information,AI Chatbot,1.18,Escalated,0.14,1,1.91,fec5fc44-7985-4dea-b039-95e5bbc1c388,Maryland,Desktop,False
d3ec0231-30f2-4b91-9aac-8190c061e114,2024-03-31,Account Update,Human Agent,5.05,Resolved,0.3,4,7.56,0d3134d3-f9c7-4b0b-a94e-b503d9c20c26,Oklahoma,Tablet,False
6bb260ff-b3b1-4530-81d3-3321f12eb5e6,2024-03-07,Billing Question,Human Agent,6.27,Resolved,0.32,4,7.24,b4bccf51-afec-4900-9f62-d18257924824,Delaware,Tablet,False
e069edc1-3cff-47fa-a657-f635553331b1,2024-05-16,Technical Support,AI Chatbot,1.48,Resolved,0.01,4,1.56,c80fea87-3174-4a59-a270-5b594f1f81ce,North Carolina,Mobile,False
38eaddfa-0397-4ed8-bab9-aa927ada2267,2024-01-30,Shipping Inquiry,AI Chatbot,2.02,Resolved,0.5,5,3.12,cc3d9f7e-0b62-4383-a726-2ef98fde4329,Arkansas,Tablet,False
b68d6a9e-4107-4288-9628-5fa895de30cf,2024-04-02,Shipping Inquiry,Human Agent,10.27,Resolved,0.29,3,7.01,d56440f5-85f1-4468-987e-476240553aed,Illinois,Tablet,True
23dea35a-668b-4999-b6d3-01fafe48efd5,2024-06-12,Account Update,AI Chatbot,1.0,Resolved,0.28,4,2.47,c86ca498-7576-42ed-934c-63b45ee5eb25,Virginia,Tablet,False
a4078d45-36a3-462a-89ff-4544dd6e69c3,2024-02-23,Billing Question,Human Agent,9.41,Resolved,0.5,4,6.27,5828e88e-04c8-4914-8b99-90e29832202c,Missouri,Tablet,False
ad8cc402-0721-41c3-91fd-af87bfaeab34,2024-06-08,Account Update,AI Chatbot,1.29,Resolved,0.68,3,3.28,39499413-7f6c-4bae-9cc7-3b008d3e5d8b,Vermont,Desktop,True
338a803b-3c0c-434f-bb8d-529438b86742,2024-04-30,Account Update,AI Chatbot,1.26,Resolved,0.6,4,1.28,151ac99c-175a-413f-be42-b38358f057b6,Nebraska,Desktop,False
789d767d-7ef8-419e-aee1-b83c3f44df68,2024-06-10,Product Information,AI Chatbot,1.63,Resolved,0.35,3,1.9,5ac17a6d-9c98-4a70-9dd0-2f08bcc8139a,Washington,Mobile,False
1c3025a1-8a83-49e8-a7c4-6cd63bb14416,2024-01-23,Technical Support,Human Agent,8.3,Resolved,0.79,4,6.05,ff6bff14-80d6-4069-82ce-d26bacb83910,Missouri,Mobile,False
33547038-d9a9-4b64-9eb2-e08ad2faa1e9,2024-04-24,Account Update,AI Chatbot,1.61,Escalated,0.44,1,2.32,8a0b932c-00c7-4d87-be2b-f270b5df7574,Washington,Desktop,False
db3fe717-be0d-40c4-a563-1e32219b32e7,2024-06-13,Password Reset,Human Agent,11.2,Resolved,0.51,4,7.24,3f0090c3-cda8-4303-8dc1-c0d0c74b80be,Idaho,Mobile,False
0806be9f-2607-4495-9b98-725c4caf0481,2024-03-09,Password Reset,Human Agent,7.4,Resolved,0.16,4,9.09,91a90f85-4009-4b96-993a-ff3c6a7a72ce,West Virginia,Desktop,False
97405ce3-e11e-43ed-bca8-6ebe028ba0e8,2024-01-03,Product Information,Human Agent,5.4,Resolved,0.36,4,9.44,fb869200-0e59-4e51-9cf9-f1b3161e83b5,New York,Desktop,False
39c4ea16-9365-44d9-928e-01ad86cbd90c,2024-02-02,Shipping Inquiry,AI Chatbot,1.71,Resolved,0.45,3,5.55,2a9ee71c-5a57-4cb7-8ad2-bc9cfe44cb17,Mississippi,Desktop,False
c156918f-d778-4fc5-b4b3-40fa67241b1b,2024-03-30,Password Reset,Human Agent,5.52,Resolved,0.25,4,8.35,6b9629f3-0d92-42c2-bc55-082798335cb8,Louisiana,Tablet,False
a486910b-03fa-40a4-8b01-7849f939af6b,2024-02-03,Shipping Inquiry,Human Agent,7.39,Escalated,0.08,1,8.55,f934c66a-0a7b-4a1d-b722-8ec0c1e9ef8f,Ohio,Mobile,False
45717a0a-d67a-4a51-98f8-c740bd7a6342,2024-04-19,Billing Question,AI Chatbot,0.9,Resolved,0.22,3,1.33,95303607-b2a7-4129-a56a-0886e2d7285c,Kansas,Tablet,False
47ff1940-4979-4051-afbf-1f62d5b693fc,2024-02-01,Product Information,Human Agent,0.5,Escalated,0.32,3,6.15,5349da0f-2d1b-4fa8-94ce-a9eeb394671f,Washington,Mobile,False
9b83480f-2a10-4e1a-991a-e2113d05e007,2024-05-31,Shipping Inquiry,Human Agent,5.82,Escalated,0.1,3,5.8,ca34286d-4df6-43c3-8843-b7898664d011,Connecticut,Tablet,False
95f88763-bf07-441b-bffc-0898bc5330af,2024-06-20,Product Information,Human Agent,5.72,Resolved,0.67,5,7.19,337dab61-2a01-4716-9525-f0e5d4776999,South Carolina,Mobile,False
cab15bf9-955f-4de2-ac4d-512411b0320f,2024-06-17,Shipping Inquiry,Human Agent,4.73,Resolved,0.5,5,4.03,b6ec1616-d40a-4782-968f-277f937d1bb8,Montana,Desktop,False
3b1bffa6-7477-41c2-bf57-2016054e9902,2024-04-11,Account Update,AI Chatbot,0.2,Escalated,-0.03,2,2.75,778143e8-324d-44db-9091-7cc8cf1a1eb8,Arkansas,Mobile,True
1a632b00-87cd-4e56-9ac5-8d0f56c6bdce,2024-03-09,Shipping Inquiry,AI Chatbot,2.78,Resolved,0.42,3,5.82,2603e2c3-e473-44ad-b133-56f5d23b98ce,Delaware,Tablet,False
63ae7851-fccd-4d85-be70-13688b2dbc6e,2024-06-17,Technical Support,Human Agent,4.32,Resolved,0.82,4,7.11,c2b49f86-822e-4824-94b6-5afa395abd67,California,Tablet,False
44c3c167-5181-4324-8c39-5e8de04a43c3,2024-05-03,Password Reset,Human Agent,8.28,Resolved,0.13,3,7.91,5981ff04-4d42-4c6c-a8a1-b3220a93569e,Louisiana,Tablet,False
91ae2b9e-1361-4d98-83d0-e06f61680489,2024-06-17,Password Reset,AI Chatbot,2.29,Resolved,-0.25,4,2.08,5aeba19d-b1c2-4819-8006-78705d2d150d,Vermont,Desktop,False
ff1ee5d7-df8a-4d6b-ba31-73bda8cebe64,2024-01-07,Technical Support,AI Chatbot,1.23,Resolved,0.26,5,4.05,840210bc-bd1d-42db-9f66-469593e2caec,West Virginia,Desktop,False
442371df-a60f-472e-a50c-93a88c4c019f,2024-04-30,Shipping Inquiry,Human Agent,8.64,Escalated,0.47,2,4.35,8a9cb283-6b1c-4072-8b24-b032a4d0b240,Wisconsin,Tablet,True
bccbee68-36fb-4f24-b42b-9c9c21cd44d4,2024-06-28,Product Information,AI Chatbot,3.23,Resolved,0.58,5,1.89,ce543109-9a41-4228-bb50-054d1ec465c6,Utah,Desktop,False
d9d05bfb-563c-4f94-be42-cd2d89a7603e,2024-02-09,Shipping Inquiry,Human Agent,13.97,Resolved,-0.08,3,8.28,3cd171da-fa88-4a66-a51a-d872b50e6906,Hawaii,Desktop,False
71971be3-3c17-48db-87a3-186003e3c9ec,2024-06-03,Shipping Inquiry,AI Chatbot,1.52,Escalated,0.66,2,5.14,552a5338-e3c0-4a36-9ac7-da92e55ea567,Nebraska,Tablet,True
ce3b76ee-d5d1-49c7-b6f8-c4cad7161fad,2024-03-22,Account Update,Human Agent,4.77,Resolved,-0.23,4,7.12,948495a2-4ae1-4477-8cc9-98642abdb67a,New Mexico,Mobile,False
455e400f-8826-447d-a528-af8bdef16b02,2024-04-11,Technical Support,Human Agent,9.24,Resolved,-0.19,3,6.52,75c26b7e-93dd-4ed0-8770-dc79f3a46a18,West Virginia,Tablet,False
71559097-c7f9-477f-8d3d-60d51ea53753,2024-03-04,Account Update,Human Agent,10.99,Resolved,0.22,5,9.25,ca186e34-6975-4757-b2b9-b813a2959277,Delaware,Desktop,True
9dee254e-ab87-4b59-a370-5147668d9a80,2024-06-12,Billing Question,Human Agent,5.9,Resolved,-0.1,4,6.36,aa95927d-dc44-4811-abd4-a7cf6683f462,New Hampshire,Mobile,True
91aa1ada-1b2f-484c-9a70-78b80fc41ccc,2024-01-06,Account Update,AI Chatbot,2.64,Resolved,0.53,2,3.69,042c2e15-0017-4dbe-8c6a-dd0e364dd2fe,New York,Mobile,False
3ff308b1-4626-451a-92d0-1e8b1c298ed0,2024-01-28,Product Information,AI Chatbot,1.88,Resolved,-0.05,3,2.07,70486cb0-821c-4574-8640-05c53f36c36e,New York,Desktop,False
0d7787bc-87da-4907-aa5d-9c8f163e8c61,2024-05-08,Account Update,AI Chatbot,0.41,Resolved,0.35,4,3.64,348a3f48-b7b8-424e-8a1d-ebfc789744de,Wyoming,Tablet,False
99ed3653-ab5c-4c15-b5b5-0cec7cfe9401,2024-06-21,Shipping Inquiry,AI Chatbot,1.37,Pending,0.26,2,7.01,d8ce3eb7-3a7c-4886-8a82-9ad5e57612aa,Arizona,Mobile,False
2dc26131-1066-4fcd-a72e-4bdff0c0d92f,2024-06-05,Billing Question,AI Chatbot,0.46,Pending,-0.04,2,4.62,d4dd934b-688b-4377-ac03-f0fe78ffe9a5,Maryland,Tablet,False
1f660f39-4745-49f0-8c86-1bd7d1ce359d,2024-06-28,Password Reset,Human Agent,11.43,Resolved,0.16,3,5.74,99058705-c070-4ab8-80ae-d9a4ff17702a,South Dakota,Desktop,False
f54a9cbc-6119-41ce-958b-c027e202355f,2024-05-26,Product Information,Human Agent,8.14,Resolved,0.77,3,6.86,bd2187d8-edf0-40bc-b546-0eea783b9bae,Vermont,Desktop,False
bbd98c3b-d570-408a-a1d2-f765d3e3dcf0,2024-01-21,Product Information,Human Agent,7.07,Resolved,0.21,3,3.39,ceb131cb-e0fe-46aa-9ba9-322db78c7cbd,Colorado,Mobile,False
9af6489c-8bde-4aea-84b0-f80a6390f33b,2024-03-30,Password Reset,AI Chatbot,1.1,Resolved,0.59,5,1.93,dbf6e228-a233-42f5-9952-4c94f8d0e9a5,Wisconsin,Tablet,True
725f8787-31ea-4c8d-a8b2-c2fecdece4ea,2024-03-22,Billing Question,Human Agent,3.65,Escalated,0.52,3,7.57,94b36c05-b8b2-4cb6-9158-62776e775ec2,Wisconsin,Mobile,False
f4e07481-3b53-40aa-8e00-5a884f89add2,2024-04-21,Technical Support,AI Chatbot,1.95,Resolved,0.48,4,3.01,08ce6ea8-ef7b-4636-ba2e-b4b857f22c59,Georgia,Mobile,False
76806c69-69b9-463c-8415-fa33ac1ca165,2024-03-11,Account Update,AI Chatbot,0.29,Resolved,-0.07,4,4.03,5b95fd01-74ec-406f-ac3c-a192466663fa,Hawaii,Mobile,False
ac1f706c-7513-4a9a-a064-6b4bd692d89c,2024-04-09,Billing Question,Human Agent,5.59,Pending,0.29,2,4.61,a0068fa4-e468-47ec-8d15-f4ee0fc1df7e,Kentucky,Tablet,False
712d7f82-f30a-4254-9429-847e8a3ac68d,2024-02-17,Password Reset,AI Chatbot,2.04,Resolved,0.43,4,2.21,71239609-4125-4c04-a020-1dc2e0d5a65c,New York,Mobile,False
6a06d5ee-5916-4101-8583-33e3f0231e5c,2024-03-25,Account Update,AI Chatbot,1.29,Pending,0.08,2,1.36,aa2fc080-71c0-44f4-a535-fec5fe02446c,Kansas,Desktop,False
efc819c8-9795-4268-bb38-caf1eee382a9,2024-05-18,Password Reset,AI Chatbot,0.59,Resolved,0.86,3,4.47,46523400-4d70-4762-a7bf-756d3ac29ecd,California,Tablet,False
fe2e877f-77b6-4702-8155-28921eefc54f,2024-02-29,Password Reset,Human Agent,7.0,Resolved,-0.07,5,8.78,39e2cc47-79c5-46f3-b718-c9f8b636ca5c,Michigan,Desktop,False
39a03c48-0534-487a-9946-c29d5ed99c32,2024-03-08,Account Update,Human Agent,4.37,Pending,0.92,2,5.13,c83f0a98-fc1f-4cde-b8e7-1dd3ca2e83b8,Florida,Mobile,False
4f3cf038-1ab8-44da-9ff6-e6818991d49b,2024-02-17,Account Update,Human Agent,9.84,Resolved,0.4,3,6.97,c9a0b40f-795f-456e-a102-7dd8e2808910,Idaho,Mobile,False
e6ce30c2-ab26-44b0-9039-e86c301cef09,2024-02-26,Product Information,Human Agent,8.09,Resolved,0.99,3,6.69,30cac462-1777-4c65-986b-1dd5247cdcc2,Idaho,Mobile,False
5995d6a2-a0d0-40cd-b3d5-b3d552fc39e5,2024-03-18,Password Reset,AI Chatbot,1.43,Escalated,0.38,2,1.4,d72f06f8-dc86-4462-856c-a2e63d537d06,New Jersey,Desktop,False
f711ca17-ff83-4e5c-8328-0cb9543751e1,2024-02-18,Password Reset,Human Agent,4.0,Resolved,0.41,5,6.31,73ee5d9c-514b-4da4-848c-b57aa1279ac0,Kentucky,Desktop,False
14f0940a-a87b-4a21-b646-834884ac868f,2024-02-27,Shipping Inquiry,Human Agent,5.08,Resolved,0.29,4,8.36,56e4ceb4-58ae-4449-b90d-e38c19a77eaa,Kentucky,Desktop,True
d4bc0996-6b1b-4c26-858c-30fb37799fb6,2024-06-16,Technical Support,AI Chatbot,2.23,Escalated,0.16,2,1.1,d41919c0-02cd-489d-b751-f9c3542a6399,Alaska,Desktop,False
738b31f2-7d77-4268-82d8-a88e91748501,2024-06-28,Shipping Inquiry,Human Agent,4.99,Resolved,0.54,4,8.01,7b735d88-a61a-4ae1-b9ae-d7bd9d8e26c1,Nebraska,Tablet,False
4d48db2a-05b5-44c6-a933-4b7c666bdf1b,2024-06-28,Shipping Inquiry,Human Agent,3.46,Resolved,0.07,2,4.84,b153186f-4c2d-41b0-9859-f40f496aa72e,North Dakota,Mobile,False
6cae05f6-bbfc-4403-bba6-498c70ece82e,2024-06-02,Account Update,AI Chatbot,1.63,Resolved,0.52,5,2.72,c0bb2d72-eb58-4b87-bfda-9e214454f977,Idaho,Mobile,False
5a2eb217-86ff-453f-9502-6d61d9f43c49,2024-01-21,Technical Support,AI Chatbot,2.16,Resolved,0.29,3,3.69,2aefddb2-1952-44a4-afad-a0398753f4e5,Maryland,Mobile,False
e7637b10-7a8a-492d-b3cb-b4c155d55a19,2024-03-25,Technical Support,AI Chatbot,3.08,Resolved,0.23,5,3.74,ddad5735-db61-4554-8644-170d5d045fea,Nevada,Tablet,False
57e860f4-d283-4861-93b1-c610d762518c,2024-05-06,Account Update,AI Chatbot,0.7,Resolved,0.38,2,2.02,2f323359-617d-4733-b947-1fbb6cc168dc,Alabama,Mobile,True
5cd683fd-eb7e-45ef-8cc3-4d904ca4f84c,2024-02-24,Technical Support,AI Chatbot,2.13,Resolved,0.39,4,3.5,6dfa2802-7c56-4d9e-9d70-807a7c8876f6,North Dakota,Tablet,True
c75b67f9-a44c-4205-a3fd-490bd95b9386,2024-01-03,Technical Support,Human Agent,4.63,Resolved,0.35,3,8.55,623bdd67-6332-47d0-b387-d32256fa01f2,New Mexico,Tablet,True
f31823b0-72be-4008-9114-4c65775acb94,2024-01-29,Password Reset,Human Agent,5.82,Resolved,0.06,2,6.46,a4649aa9-d96e-4074-9289-925c0575035a,Texas,Desktop,False
f39dd3d4-d989-4d28-98a5-3585d72a344e,2024-01-28,Account Update,AI Chatbot,1.34,Resolved,-0.02,4,2.54,1cdf3c63-e029-4e48-8438-74fd8cf0e7c0,North Dakota,Mobile,True
faf8f343-5b8e-468b-91c3-bfa136d3a32e,2024-04-17,Account Update,AI Chatbot,1.8,Escalated,0.17,2,4.15,7e4a2a31-8c24-4531-bad3-6ad26d9d5530,Florida,Mobile,False
9266a968-172e-47de-bf70-b509c0e4a420,2024-01-15,Billing Question,Human Agent,3.19,Resolved,0.6,4,8.53,6b06f121-25f1-435d-acd6-d2628f8add10,Vermont,Tablet,True
d3506946-c8e2-4ba1-84ea-9c1e734e5c6f,2024-04-21,Password Reset,Human Agent,1.99,Escalated,0.93,2,8.57,186e4f1f-31cf-4963-8c0f-a0f46e9eda52,California,Tablet,False
0772a2d6-3bf0-4186-8abc-99bfc6d15ab3,2024-02-16,Product Information,Human Agent,7.98,Resolved,0.03,4,8.32,705c4b33-ca4b-48cb-b7e1-f0484051f578,Delaware,Mobile,False
933f3c7a-9ddb-45db-8c54-616ecb9efa90,2024-04-03,Shipping Inquiry,Human Agent,10.41,Resolved,0.44,4,5.89,c936326b-37d8-4b03-bd20-a997129d918f,Florida,Desktop,True
4495fe03-ed23-47a4-99f9-ada5d7eaba3d,2024-02-17,Account Update,Human Agent,8.07,Escalated,0.42,4,3.4,f1c4aec3-b4d8-45c7-b9ea-fbdca72c2710,New Hampshire,Mobile,False
bfb2f014-ce1c-4fd4-b374-6e26bfe5701d,2024-03-20,Billing Question,AI Chatbot,1.16,Resolved,0.23,2,2.02,7be7099e-ce7e-44bd-aa48-7cd070c83529,Pennsylvania,Mobile,False
9347472f-47ba-4278-aea3-5d1cf225efde,2024-02-04,Shipping Inquiry,Human Agent,5.82,Resolved,0.37,3,6.87,62c10b4b-24a3-4b8f-a51e-fa62de833c9c,Montana,Tablet,False
0171b2b4-30d9-4183-b2a8-26c61fd16494,2024-05-11,Billing Question,AI Chatbot,1.31,Resolved,0.2,5,3.59,a610a6d8-e1fe-4a8b-9d07-cc6b6991d68c,New Jersey,Mobile,False
10b0c75d-b75d-43bc-bc7c-9084f260e92f,2024-05-27,Billing Question,Human Agent,7.8,Resolved,0.13,4,7.72,a2101845-c630-462c-b1ae-2fe67dfd33fc,New Mexico,Mobile,True
631b5e75-027d-421e-bea6-844f807ec21a,2024-04-28,Technical Support,AI Chatbot,0.45,Escalated,0.37,1,1.57,6777e461-fdd6-4be2-a1ab-3d8f56c95a9c,Texas,Tablet,False
3302807d-60d9-47d6-9317-d4b16dada589,2024-02-09,Product Information,Human Agent,7.88,Resolved,0.95,4,5.49,5b6f3596-50fb-4927-80af-3dc6a0a3b19e,Oregon,Tablet,False
6a0158f9-341d-407f-a233-2cf66aad50ca,2024-01-30,Account Update,Human Agent,4.13,Resolved,-0.3,5,7.29,f6f9175b-c1f2-4b3e-9fe3-0e239cc495e2,Kansas,Tablet,False
20ac15dd-897b-47ab-8913-cfa4206deafc,2024-01-31,Billing Question,Human Agent,9.19,Resolved,0.3,3,9.05,944f0c4d-1e8a-4d93-aa5a-56481fe341b8,Florida,Desktop,False
50f53be0-f27b-4eec-b7da-52543c39e305,2024-03-21,Product Information,AI Chatbot,0.2,Resolved,0.49,4,2.58,1c70d69f-0d6d-48fe-9880-b92093db0d22,Pennsylvania,Mobile,True
4eb1d1cb-77fa-427d-b0f5-43fbc9dc868d,2024-03-28,Shipping Inquiry,AI Chatbot,1.86,Resolved,-0.24,3,5.94,2904c54c-c8fc-42d4-88ac-72f2814049e3,New York,Tablet,False
f1cc077e-768c-473d-82a9-b7a11dd63da0,2024-01-14,Shipping Inquiry,AI Chatbot,0.63,Escalated,0.25,2,0.34,51c2bebb-3d55-4ca0-8610-45b3e2305902,Delaware,Tablet,False
4f4eb8f2-4b10-4669-98e2-d8be34b39038,2024-02-23,Account Update,AI Chatbot,2.11,Resolved,-0.16,3,2.97,97412a4e-7a97-4a81-90fc-afd439ed5307,Kansas,Mobile,False
21c35da8-1d64-4754-8aa0-b93636c6987e,2024-06-26,Shipping Inquiry,AI Chatbot,0.68,Resolved,0.13,4,0.8,f94398e4-498c-4470-a56a-5f05d473c0b8,Tennessee,Mobile,False
50a6d5ec-5b26-40b8-84d2-1105a588bf5e,2024-06-05,Account Update,AI Chatbot,1.29,Pending,0.37,3,2.74,707b6e4e-6e46-4bad-8ece-9d64c59cb6b2,Arkansas,Tablet,False
0e09adc1-966d-4c9b-9111-f65c39cd4947,2024-02-19,Billing Question,Human Agent,7.81,Resolved,0.7,4,7.59,3bb363a6-62ba-4ae8-84d7-7eaa0a3ba127,South Dakota,Tablet,False
e94bc1a6-91b9-4afa-b409-64b4a3f14bab,2024-06-06,Password Reset,Human Agent,3.69,Resolved,0.67,2,6.63,cbbdb515-60ef-4cd4-a691-83bbff587957,North Carolina,Desktop,False
4fb1a79f-1712-4bd7-a762-8dffcd5015eb,2024-03-14,Account Update,AI Chatbot,2.22,Resolved,0.3,3,0.9,56fae6a5-c855-4a78-adc1-d9b4d73350be,Mississippi,Mobile,True
d0d44568-67c1-4d44-919d-95fe97b73acd,2024-04-01,Account Update,Human Agent,0.5,Resolved,0.16,3,6.39,75f03c02-e6e0-4783-81c1-30d6d6386606,Nebraska,Desktop,False
48cc6121-6a9d-42d2-a6fe-5a0139637ce9,2024-06-27,Technical Support,AI Chatbot,1.62,Pending,0.09,2,0.86,3af05317-1207-40b4-9d86-d1cc70853dc9,Nevada,Desktop,True
ef511da0-4307-4b3e-9bb5-cb977fbce2ff,2024-01-29,Product Information,AI Chatbot,1.17,Resolved,0.37,2,2.17,7d8cbcf0-d85f-4ab8-8354-18f8cad7230c,California,Mobile,False
c490ecb5-7d3f-4c8a-a12e-8535c547eee5,2024-05-28,Shipping Inquiry,AI Chatbot,1.72,Escalated,0.41,3,1.43,9892fc5a-453b-4776-a406-ed9237e0053f,North Carolina,Tablet,False
b8cb0e54-1849-4121-982b-d1dcd4a41086,2024-01-29,Account Update,Human Agent,5.8,Resolved,0.74,4,4.66,e927a4d3-3ca1-473f-b657-c279427f9ab1,Nebraska,Mobile,False
9db1c9dd-b9b1-45a1-a231-23ca02546fd0,2024-04-14,Account Update,Human Agent,11.39,Resolved,0.92,3,7.22,d906167c-8480-4ae5-b5b5-7dded80ea180,Tennessee,Mobile,False
3dbd8b5a-733e-40c0-8fc4-85dbe1cb0147,2024-04-13,Product Information,AI Chatbot,0.6,Escalated,-0.08,1,5.58,74f7a09f-692a-43ae-b99a-193428fa2687,California,Mobile,False
7caa95bf-6537-469a-a3c6-3c3a8804c1f8,2024-04-14,Password Reset,AI Chatbot,2.07,Escalated,0.98,2,4.39,5ed5c0bf-3b14-4d96-8c64-0559fecf39eb,Oregon,Desktop,False
aceae87f-c0eb-4c57-aebd-4c4eac872ebb,2024-02-02,Product Information,Human Agent,11.78,Resolved,0.57,4,7.6,b2543f2a-7eb3-4c16-a35c-623a56fb2854,New Mexico,Desktop,False
83364ed8-4297-4f44-b26d-6cbf9f784348,2024-06-28,Billing Question,Human Agent,10.51,Resolved,0.47,3,7.61,9294eb49-e42e-439a-8856-754588d724ba,South Dakota,Mobile,True
72057c6e-6555-4c60-9ba0-2eae7724e70b,2024-05-15,Shipping Inquiry,AI Chatbot,1.33,Escalated,0.04,2,5.57,c9100b28-6e4d-4994-97e6-c0b9c9ee3919,New Hampshire,Mobile,False
4568d57f-4b01-4452-b72b-885d57ae986e,2024-04-04,Password Reset,AI Chatbot,1.43,Escalated,0.71,5,2.46,d968f3c7-c7b8-406e-a571-ee335808278d,Oregon,Desktop,True
6887c29b-1665-4a39-a552-f9038dd24575,2024-03-02,Billing Question,AI Chatbot,1.53,Resolved,0.18,2,4.84,535279d1-3462-4469-8216-72b1ecc5f6c0,Utah,Mobile,False
a9e3c398-c9d3-4667-88e2-5bc940a7cafe,2024-03-24,Technical Support,Human Agent,3.61,Resolved,0.37,3,6.13,7870e80a-9d86-40dc-ab9d-0610765ce34c,Connecticut,Tablet,False
09115122-c88c-4488-84c4-468361cf3d9c,2024-06-07,Product Information,Human Agent,8.75,Resolved,0.26,2,10.3,9dd9f2d2-6b7f-48c9-9e9d-e99f90bec10a,North Carolina,Tablet,False
4a34bcde-c39b-43bc-883f-63eb7ca28432,2024-01-26,Shipping Inquiry,Human Agent,8.71,Resolved,0.34,4,8.0,243971d1-315a-4d74-b4d4-69d88550677c,Delaware,Desktop,False
e9524a32-4701-4c2a-a7ae-2ac88e4152ea,2024-03-29,Password Reset,Human Agent,10.71,Resolved,0.16,2,5.32,257466c6-3760-420d-9495-ebd4897abf61,California,Mobile,False
ff11065d-b417-45a8-a806-76d288649f9b,2024-02-08,Password Reset,AI Chatbot,1.4,Escalated,0.17,3,4.71,388c7e3c-97b5-441b-b4d5-bbe6be04f613,Alaska,Tablet,False
a82b0630-17e6-4504-8888-1fa0d43b4056,2024-02-27,Shipping Inquiry,Human Agent,5.22,Escalated,0.19,1,6.37,2a4d1bdb-d4ee-43ee-856b-c3a8a4649cfe,Indiana,Desktop,False
51015df8-7cb0-414c-a462-ea89a40f00ab,2024-03-05,Technical Support,Human Agent,0.64,Resolved,1.0,4,5.44,70f6c29f-7677-4ef8-be8c-03c29cca7071,Montana,Mobile,False
0182737c-1146-4485-bad6-cfaa92eaf4ee,2024-03-28,Technical Support,AI Chatbot,0.91,Resolved,0.09,3,2.29,7fc84fb6-9ea3-4e20-9d94-f96abb6c0185,Minnesota,Tablet,False
7db5bfe1-2dc4-49d4-9edd-bddab063937d,2024-06-13,Account Update,AI Chatbot,1.73,Resolved,0.3,4,0.73,395a066e-f7f0-4008-93e7-a59d9b7c0c55,New Jersey,Desktop,False
291224b1-c332-402a-a755-17a2466f5e0f,2024-04-11,Technical Support,Human Agent,9.15,Resolved,1.0,3,5.42,f96ba6e0-ac03-4e9f-8f3b-7d757d5e2568,South Dakota,Desktop,False
c496c7bb-291f-47d5-80f9-7f62bf59a9dd,2024-03-29,Billing Question,AI Chatbot,0.85,Resolved,-0.24,5,3.82,7d69cb75-c4d7-4a52-90c5-f38d2f88722e,Oregon,Mobile,False
1c28d427-1ce9-45ee-a696-a88a5ad7cdcc,2024-02-10,Technical Support,AI Chatbot,3.03,Resolved,0.74,4,4.77,a1973421-4cd5-41cb-a20a-5b4b43bbad87,Idaho,Mobile,False
6ddba83c-76e9-4bae-8ff0-75b2eed915fd,2024-02-03,Billing Question,Human Agent,5.87,Resolved,0.16,3,6.51,7746648c-2439-46b8-969e-72ecffdb9858,Virginia,Tablet,False
04e0db2b-22d7-461e-b566-67696c3e9adf,2024-05-08,Technical Support,Human Agent,3.15,Resolved,0.18,4,7.01,7a2d3844-c989-4e03-89c0-fc68c4e32f63,Tennessee,Desktop,False
523181ee-e302-4ca0-b4f0-ea22a97fc850,2024-01-03,Technical Support,AI Chatbot,2.49,Escalated,-0.28,2,1.66,1039965e-e6ac-424e-a282-b29226820699,Louisiana,Mobile,False
b15ffbb3-015c-4cc1-9cac-01054807bbe8,2024-04-07,Technical Support,Human Agent,7.59,Escalated,0.6,1,7.94,28c24875-c544-48f4-9699-88964cc34b43,Louisiana,Tablet,False
29f4c5a9-7bfc-46ad-9bbe-fb5274ea7f93,2024-05-09,Shipping Inquiry,AI Chatbot,1.9,Escalated,0.15,3,3.76,5d60b06b-4e0e-491f-ba3e-cd9ef32f387e,Utah,Desktop,True
d2d873c1-1770-4fc2-a6bf-bddc09dcdad5,2024-01-30,Billing Question,Human Agent,6.91,Pending,0.6,1,6.0,832e9a62-872e-4479-9136-5f4bfe5c7c27,Oklahoma,Mobile,False
a3c504f9-29f8-4a94-a3f2-a0ba4cbc0f3a,2024-05-31,Password Reset,Human Agent,0.5,Resolved,0.46,3,4.33,7224c72e-b120-420c-9d88-0766075a0c1f,Indiana,Tablet,False
871d4038-f858-49dd-974b-cd2059fb249d,2024-01-12,Shipping Inquiry,Human Agent,10.16,Resolved,1.0,4,7.97,0616cbfe-ddc0-4a60-941a-726a02bc30ac,Rhode Island,Tablet,True
f0a8dca9-976d-409d-9fac-d49c008b9ae4,2024-01-02,Shipping Inquiry,Human Agent,11.33,Resolved,0.43,5,7.05,44ae18f8-d3a8-473a-9ecd-abf55490bcc4,New York,Desktop,False
cea5dea4-7cf5-4585-8883-5236df14a790,2024-06-14,Technical Support,Human Agent,9.38,Resolved,0.84,3,5.81,604b6973-776a-47e6-8809-f6955b8836ef,Ohio,Desktop,False
99f59aa3-3630-4ec2-bfe7-2ebc089a92f0,2024-03-12,Shipping Inquiry,Human Agent,7.54,Resolved,0.11,4,7.59,30f304ef-4c99-4485-8d9f-3b3b6849d1ac,Michigan,Mobile,False
e999d19f-bb36-4ae8-a03c-807d46ae8e25,2024-03-01,Shipping Inquiry,Human Agent,8.07,Resolved,-0.01,3,9.45,4b991aa7-b00b-4318-b94e-355b55b15c14,Pennsylvania,Mobile,True
785a99cd-dde1-406d-aba5-f2ee1ee3b937,2024-05-29,Password Reset,Human Agent,10.23,Resolved,0.53,3,9.62,60b3adc6-840b-4cb6-8532-24125c3f5879,Louisiana,Desktop,True
12274ecd-b166-4d3b-b34c-0124f32adf81,2024-05-12,Product Information,Human Agent,4.85,Resolved,0.5,4,8.25,966d7886-6d67-4882-ae23-85e9c8f7d4af,North Carolina,Mobile,True
7f511025-de2c-4b23-8ee5-d6187833ab4d,2024-04-02,Account Update,Human Agent,7.26,Resolved,0.57,3,7.69,b5381450-c363-4820-8dea-33d43696ea1e,New Jersey,Tablet,False
9d7d16b8-6e5a-433e-941d-7f59708d6aec,2024-03-07,Billing Question,AI Chatbot,2.28,Resolved,0.92,4,2.01,8c25b1b1-4403-4e1e-b510-8523ffc58128,Texas,Mobile,False
205af427-c16d-480c-b5a5-d02d0ef3b9fd,2024-06-10,Billing Question,Human Agent,9.49,Resolved,0.9,3,5.74,c6579361-07cd-4e72-be0e-11402af8bc7f,Oregon,Tablet,False
0055b5a8-dd81-4222-bd45-29adeece6e63,2024-03-04,Shipping Inquiry,Human Agent,4.75,Resolved,0.34,4,6.12,7fcc2720-f224-4947-8acd-2cefc684ad93,Maine,Desktop,False
51c8194d-933d-4983-b707-ecc60f3ae4be,2024-05-25,Password Reset,Human Agent,7.77,Resolved,0.12,3,7.06,dd980bf4-e926-4dad-8d30-baaa346d1917,Oklahoma,Tablet,False
36ac08de-79bd-458a-aab2-273afa3a3f45,2024-03-12,Technical Support,AI Chatbot,2.15,Resolved,0.27,3,3.73,a5f36af7-6d0b-4fab-8ab4-8ef1fd30ae29,Tennessee,Mobile,False
de812058-2891-46e7-8357-fb27f14a4e00,2024-06-22,Technical Support,AI Chatbot,1.03,Resolved,0.51,4,1.88,9509eaaa-1353-4221-933e-e6af1296024a,Tennessee,Tablet,True
4ecfbc19-257d-4961-a3a5-e431b1a998cf,2024-01-25,Account Update,AI Chatbot,1.73,Resolved,0.05,3,6.29,9e8ac825-dcba-4a7a-9264-8f5414d83317,North Dakota,Mobile,False
0a8092eb-b403-4aea-ae83-2ceecdf6febd,2024-04-25,Password Reset,Human Agent,4.31,Resolved,0.57,3,8.7,fe291713-a315-4134-9241-12fb9899a9fb,Iowa,Desktop,False
59098125-9a38-4f25-8c76-4a6b47b40fbe,2024-01-17,Product Information,Human Agent,7.03,Resolved,0.85,3,7.66,6acf5357-cfed-4a69-ab97-8bba66d28c1b,Oklahoma,Desktop,False
2407dcf6-6dfb-42db-a78c-373080a718a6,2024-03-01,Billing Question,AI Chatbot,1.26,Resolved,-0.23,3,3.99,516a1fb5-f62d-432a-ba0c-bdf2d06a87a5,Texas,Mobile,False
e19e9eaa-aa7a-4529-b145-c12fe6188ab5,2024-03-27,Account Update,Human Agent,7.75,Resolved,0.2,3,8.12,58762bfa-53c7-4dcc-ab1c-fabdd8370136,Wyoming,Mobile,True
a95c1f55-c003-4701-9bcc-93692a205e3f,2024-01-09,Billing Question,AI Chatbot,0.96,Pending,0.16,3,1.25,d090f21a-6661-49ea-89d7-538eb73ee6b3,Arizona,Desktop,False
ea0c9825-374a-4337-baf8-ac811d94f11e,2024-02-08,Product Information,Human Agent,14.3,Resolved,0.61,3,7.0,ac2e071c-002b-43df-ad57-88b40ac473be,Oklahoma,Desktop,False
b1d23782-7b7d-4f59-8132-7ff045571799,2024-02-16,Password Reset,Human Agent,3.02,Resolved,0.18,3,7.17,90aa8230-0963-4af1-a733-9df89c7a63eb,Maine,Mobile,False
efab9d42-3da9-4849-92c2-a3ef2770dfa3,2024-06-17,Product Information,AI Chatbot,1.55,Pending,0.28,1,0.68,58176551-4a90-42e7-9010-3fbfae7fc987,North Dakota,Desktop,False
ccd72fb6-f21f-4b56-80d3-070865dba1e3,2024-06-09,Account Update,AI Chatbot,1.04,Resolved,-0.12,3,2.58,80db4937-8e3d-4da8-a841-afbad698fc4e,Georgia,Desktop,True
d4ce4b3c-c6d6-4b4d-8caf-14d1bcb007bc,2024-06-22,Shipping Inquiry,AI Chatbot,2.66,Resolved,0.08,4,4.24,ee6cc251-d879-4162-861f-3c08f3309409,North Dakota,Desktop,False
d38a48d2-2f63-49a0-8256-f635b867bbd7,2024-06-11,Product Information,Human Agent,6.95,Resolved,0.37,5,5.39,8e9a4f37-02f4-4692-afae-fea789be7c3a,Wisconsin,Mobile,False
9e554e2c-1909-46a2-8e39-31bf6364e53a,2024-04-01,Product Information,Human Agent,6.6,Resolved,1.0,3,6.67,dbbe568b-2a98-41b0-b9a5-3791227a55e2,Arizona,Tablet,True
e1c40169-da01-44c7-823f-c16267c09f86,2024-06-21,Password Reset,Human Agent,11.98,Resolved,0.36,3,4.8,f86cdee0-cf56-471a-93e0-baaec22e1aa9,Utah,Desktop,False
79e4db0d-8e88-4654-8beb-9843712bee4f,2024-02-17,Password Reset,AI Chatbot,2.2,Resolved,0.35,4,1.4,a7595ed7-03e2-4de5-95c2-eb8b8b210c77,Delaware,Mobile,False
d8998794-4b64-4d30-8c8d-ace37e3538d4,2024-05-04,Technical Support,Human Agent,4.35,Escalated,0.4,2,4.14,6c1d286c-201d-4f39-b8c2-e3b948154934,Missouri,Desktop,False
acb6c87e-3542-4a45-b4bf-8ac48390f823,2024-01-29,Product Information,AI Chatbot,2.26,Resolved,0.18,5,1.5,fb043a1d-811d-4c8b-8370-6dcdf86a2813,Iowa,Mobile,False
e9f26019-4e13-4470-8068-81a4dfa5cf83,2024-02-18,Shipping Inquiry,AI Chatbot,1.13,Pending,0.26,2,2.75,fd882d13-6f84-4969-b36a-9958b58b2380,Maryland,Mobile,False
ea25387b-6a7b-4f42-9489-c67db14faecf,2024-06-27,Password Reset,AI Chatbot,1.37,Resolved,0.44,4,2.19,e6b5a47f-cebe-4585-a5d1-827374876386,Pennsylvania,Desktop,False
ba52a7a9-89a4-4267-808c-73b3346c6175,2024-03-16,Account Update,Human Agent,7.9,Resolved,0.05,3,6.35,ea1685c3-dfb2-47bb-ad09-95e7d28fefe3,Kentucky,Tablet,False
4de34863-8d49-4d8d-9a71-fec65e53d07a,2024-04-15,Account Update,AI Chatbot,0.91,Resolved,0.7,5,6.35,780fcea6-f7a1-489a-ac4b-d31784503e3b,California,Mobile,False
c4a66081-4864-4d23-8a5f-bad6dc18b995,2024-04-02,Technical Support,Human Agent,2.18,Escalated,0.29,4,8.3,f709d6f9-74f5-4f32-8ca3-485a331eef45,Minnesota,Tablet,False
e1eab25f-6dd9-4755-8123-98946e66de73,2024-02-03,Shipping Inquiry,AI Chatbot,1.27,Resolved,0.2,4,1.76,a74396d5-f863-409b-b85e-856c25891821,Massachusetts,Desktop,False
7b4f6612-4949-4497-9d9c-c926f4a597b9,2024-05-22,Technical Support,Human Agent,5.48,Resolved,0.06,4,9.3,fabf2b6d-4230-41c1-9fa3-c4c2119870ba,Pennsylvania,Desktop,False
a8edfcd3-b509-43d9-8cf1-966f5b6336c5,2024-05-22,Account Update,AI Chatbot,1.41,Resolved,0.25,5,4.36,1a216cc1-35bd-485a-8d10-e4ea4a41cffb,Nebraska,Mobile,False
77f6dc3c-4b76-47c8-a30d-0e956e5f332d,2024-01-27,Account Update,AI Chatbot,0.5,Resolved,-0.13,4,2.21,342d5b0a-3cbd-4708-80e2-beb1f5152882,South Dakota,Tablet,False
b9955811-4941-47c9-865b-3fd5a5e57f77,2024-06-03,Account Update,Human Agent,3.47,Escalated,0.03,3,8.34,5da51659-c04a-41a0-b54d-5701936fd95f,Florida,Mobile,False
aaff4219-5869-4daa-9ece-307832c29ade,2024-06-23,Account Update,AI Chatbot,1.94,Resolved,0.76,5,3.51,acb81531-c4a5-48a1-bfe7-1ca3351d2e20,Tennessee,Mobile,False
6018cfc4-021d-4891-9268-adcc93194eb5,2024-04-08,Account Update,AI Chatbot,2.69,Escalated,-0.09,2,5.86,fb493d5c-7197-42a6-bc54-104f27958c52,New Mexico,Mobile,False
071b06b2-f634-4f4b-bb77-f5c586f93e2e,2024-04-21,Product Information,AI Chatbot,1.37,Pending,0.65,4,-0.18,07491962-f578-40cb-8db5-c7c4f536d1dc,Florida,Desktop,False
0f176f5d-9446-4d20-88da-a2036c1f8bd0,2024-03-02,Password Reset,Human Agent,8.86,Resolved,0.55,2,7.37,a62200bc-4fbf-4ea9-9861-2195a9b3d782,Ohio,Tablet,False
52af481e-0ebf-4ff8-9a2a-0746f92e1d4a,2024-06-28,Billing Question,AI Chatbot,2.13,Resolved,0.5,5,3.86,83afea2e-787a-4222-aa23-a7ff5c6b88e6,North Carolina,Mobile,False
b976c620-3ad3-4f9d-8c9f-e5071d50c83b,2024-04-11,Account Update,Human Agent,9.57,Resolved,0.71,4,9.69,3e9991b9-f4ab-48a6-b471-b4b9ab5dad07,Idaho,Tablet,False
93d87477-9e23-41cf-a665-eb8b060f79a3,2024-05-14,Password Reset,Human Agent,4.07,Resolved,0.42,3,8.42,cd9a650d-ce7d-4bf4-918a-f8b963ee0640,Kansas,Desktop,False
37c838a9-9937-43cd-82f2-933b05a967f7,2024-05-08,Password Reset,Human Agent,6.46,Escalated,0.67,2,8.49,26dc7f24-063d-4884-90ea-3cd3aecad873,Oklahoma,Mobile,False
116b449b-861a-4dc5-9995-e0a63a01c0a8,2024-05-17,Shipping Inquiry,Human Agent,6.77,Resolved,0.24,4,6.02,d64cda9d-e59c-4b55-a391-9743a824241d,New York,Mobile,False
2c0c073e-b067-4e33-a2e1-a79333e0fd2a,2024-06-13,Account Update,Human Agent,0.68,Resolved,0.45,4,6.97,884a772d-9f99-4dde-b1fa-9c0dbc3bd60d,Colorado,Tablet,False
f7d3f11d-87eb-47cc-8152-3db40b98233b,2024-02-08,Account Update,AI Chatbot,0.87,Resolved,0.58,5,2.7,71c916c1-bac0-4c80-bd36-774f3713cb5b,Arizona,Mobile,False
e3cfc67b-3dbb-43b3-b9f5-e214ea4f27ae,2024-06-03,Product Information,AI Chatbot,3.95,Resolved,-0.14,3,3.36,45fa375f-011d-4a57-9885-921938a49733,Kentucky,Mobile,True
22e58318-56b2-47e9-884e-72b95a070856,2024-05-15,Billing Question,AI Chatbot,1.52,Resolved,0.54,4,4.02,b996e52d-f269-4102-81f4-bda597ac365d,Kentucky,Desktop,False
85301ef1-db51-48f5-8957-997d994a3f43,2024-02-27,Password Reset,AI Chatbot,2.78,Resolved,0.91,3,1.62,bf5af345-5c43-4602-8812-d9e054f30f44,Alaska,Desktop,False
eaaf6bed-6978-4618-973d-6fa8686ee381,2024-03-15,Shipping Inquiry,AI Chatbot,1.43,Resolved,0.02,4,1.91,750c3355-df35-4408-b500-37083bcfe70d,Oklahoma,Desktop,False
5110ed4c-243a-46ad-8a89-11df5b7ae622,2024-03-24,Billing Question,AI Chatbot,0.2,Resolved,0.86,3,4.71,1c94dd2f-3432-49de-a1aa-72caceeb1e7e,Florida,Desktop,False
ce288f02-4632-40e5-a7c0-80e3d8ef620f,2024-06-03,Product Information,AI Chatbot,2.06,Resolved,0.75,4,3.3,31f00f4d-0626-40d1-a507-ef7899dc16ad,Colorado,Desktop,False
230f8caf-cb9a-4047-8c93-549c53b29cf8,2024-06-12,Password Reset,Human Agent,5.78,Escalated,0.89,3,5.91,a33686b9-dd77-4209-8705-52e5a78c9b61,Illinois,Mobile,False
55cece48-05dc-4904-a455-6643a5bf650a,2024-03-17,Technical Support,Human Agent,5.42,Resolved,0.34,4,9.09,3f59e620-b1ee-413c-97fa-bf0e34267636,Arizona,Desktop,True
3ec3f645-f0de-4a08-b9e2-5c6c532ffbf2,2024-03-16,Technical Support,Human Agent,11.81,Resolved,0.56,4,4.14,f8138204-4d29-4784-b3d2-e6f74e8da66d,Maine,Tablet,False
dbb3ad95-d0fe-4304-a58a-393b56a85d14,2024-03-31,Technical Support,Human Agent,10.49,Resolved,0.39,2,5.93,b5c1f21c-73c3-40c9-ada1-575e3d3f27b6,Maine,Tablet,False
eb037386-eba1-4796-a298-4599baf03397,2024-04-08,Technical Support,AI Chatbot,1.15,Resolved,0.35,3,1.51,2e4d2e5f-648e-4faa-b956-b3496828f5d7,Missouri,Mobile,False
ae3dffbf-e8e7-48b5-b505-24b3591ae0f2,2024-02-26,Billing Question,AI Chatbot,0.62,Resolved,0.47,3,-0.25,a007f79e-8d80-4d31-8e97-077d6b36982b,Texas,Mobile,False
4c0a70b8-435e-4e72-ba09-8ede6db1ea02,2024-03-23,Account Update,AI Chatbot,1.83,Resolved,0.27,5,-0.01,ec24b8dc-e42f-4cdc-9768-95d02f05cbef,Connecticut,Mobile,False
efd4e905-5073-4466-91aa-0afa68d6ce84,2024-06-28,Shipping Inquiry,Human Agent,1.78,Resolved,0.49,4,8.22,b283f83a-2128-45e0-8ddb-ced241a39b5d,Rhode Island,Tablet,False
4a8a3696-dd4a-462a-8a4c-a09f584aee59,2024-06-17,Password Reset,Human Agent,4.17,Escalated,0.24,1,6.13,f2ce4f99-cf6d-4b70-a350-18689666b20f,Tennessee,Desktop,False
c0a5dda8-1040-4834-a100-79c6a97ebc73,2024-01-24,Technical Support,AI Chatbot,1.13,Pending,0.24,2,4.63,f85ebc6f-c0c8-4b70-8ae3-d0e708bd1d69,Florida,Mobile,False
61e5c14b-1b3e-49f8-b158-27c5b7be5de6,2024-03-03,Technical Support,AI Chatbot,1.2,Pending,0.77,4,1.48,fe030c8a-c258-4b6b-ae1e-7f6a3b3cb01e,Indiana,Desktop,False
4696228a-12a8-4bb7-8610-5ed6bbb4b267,2024-02-09,Billing Question,Human Agent,9.46,Pending,-0.16,5,5.51,09bb3af9-ff59-4495-98bd-e539db6d29f7,California,Desktop,True
78128109-907a-4a0f-a576-4c0c2b562078,2024-01-22,Account Update,AI Chatbot,0.58,Resolved,-0.23,4,2.48,f3695442-b04e-4ccc-891f-4d225f87261a,Mississippi,Mobile,False
ca6476a1-6106-4bad-8205-fd5d0a7be873,2024-02-19,Product Information,AI Chatbot,0.84,Pending,0.37,1,3.58,2d7961ad-5c97-4f3c-a66e-ca5754e90665,New Hampshire,Desktop,True
a83ff367-2a17-4812-8288-42f3769e4119,2024-06-23,Password Reset,AI Chatbot,1.27,Resolved,0.36,3,5.72,e17828c5-03db-42c7-9888-d4571e4006ad,Louisiana,Mobile,True
d239ad65-0813-4536-bb29-35520beeebf3,2024-03-01,Product Information,Human Agent,6.48,Resolved,0.83,3,7.92,ae90bf99-fe74-4a9c-97eb-70bdd6dbb099,Hawaii,Desktop,False
1ebafc1d-9c5c-40ff-8f2d-25d139f3df8c,2024-05-06,Technical Support,AI Chatbot,1.62,Resolved,0.26,3,0.74,866ee28d-c508-470d-9df4-71528ee3847b,Virginia,Tablet,False
f6ea6be5-c642-45ea-a507-2047521c9cf1,2024-05-14,Shipping Inquiry,AI Chatbot,2.43,Resolved,0.54,3,4.46,2eacba1a-d4ea-447a-a479-b75f708f672f,Kansas,Tablet,False
b1a2ccdf-65bb-49dc-8943-01dafd1a00c4,2024-03-07,Billing Question,AI Chatbot,1.12,Resolved,0.5,2,1.02,079efc7c-3f43-414f-b28e-98e141185d72,Idaho,Tablet,False
a56e21ce-ecb9-459a-afbf-db937f8d10c7,2024-06-04,Shipping Inquiry,AI Chatbot,1.49,Resolved,0.34,3,1.3,3c664d1f-6e16-4a76-804e-c77305ea190c,Maine,Mobile,False
bbe45112-b37d-4bcd-9a68-0cbca18d1b44,2024-04-08,Billing Question,AI Chatbot,0.68,Escalated,-0.19,2,1.66,ad568fb1-eacd-4817-b033-60590d7de984,North Carolina,Desktop,False
59906aaa-3763-41d0-b73a-4126d409ae11,2024-06-13,Product Information,Human Agent,3.24,Resolved,0.65,3,5.33,5f9d0b98-157b-4294-a5dc-dab9aca24c8e,Utah,Mobile,False
c3053971-8944-40b9-88e5-19e8bfe7e816,2024-03-08,Technical Support,AI Chatbot,1.4,Resolved,0.36,5,4.32,3e79dc14-07cd-4d1b-af25-0b4af03fcee2,Pennsylvania,Tablet,False
fb7af81d-8684-43a6-a02d-45120a76873e,2024-03-05,Password Reset,AI Chatbot,1.68,Resolved,0.42,3,1.71,8c97f2a1-28ed-45fe-bb29-9b0aa5837eb2,Idaho,Tablet,False
1b8859dd-fc5e-47c4-a82e-a5c164c72de5,2024-05-13,Account Update,AI Chatbot,2.49,Resolved,0.44,4,4.04,fc74c189-fbe7-479a-9663-47b727e37cae,Ohio,Mobile,False
1e4146bf-2ab5-43e6-95b6-517ce7c8debc,2024-06-21,Product Information,Human Agent,10.12,Escalated,0.59,2,9.13,a8d16a06-038c-434c-9957-9d9ca602e0f7,Indiana,Mobile,False
6e19054d-e8fa-461f-9a8b-187a185d8f80,2024-03-25,Technical Support,Human Agent,5.39,Escalated,-0.21,3,5.55,eb6a20b3-da2c-42c3-8513-7a6eb4b0af59,Oklahoma,Mobile,True
8842ab1f-5eaf-4291-81df-ddcde39375a2,2024-05-04,Shipping Inquiry,AI Chatbot,1.59,Resolved,0.21,5,1.0,fb011afd-10a2-4fbe-b2d8-119d02496d6d,South Carolina,Desktop,False
6a4dad17-4395-46f9-b8fe-4d2e10376c96,2024-03-30,Account Update,AI Chatbot,1.44,Resolved,0.69,3,0.92,9f59e4bb-e1ac-4039-8752-a5db236baefd,Kansas,Mobile,False
098b2124-c305-4ae7-a471-78aa0992d852,2024-04-25,Billing Question,Human Agent,2.62,Resolved,0.92,4,8.96,e45e0df1-62c0-4c5d-87ff-c1d2adbeb633,Idaho,Mobile,False
e48f5268-a870-4bf3-bf70-1d3aa1bf230b,2024-01-29,Password Reset,Human Agent,6.57,Escalated,0.61,4,6.77,54e2e60b-a9e0-4fc7-8f56-f7e4421946e0,Oregon,Desktop,False
f4e477ba-00ac-4932-9e08-5cbcb0f9b073,2024-01-03,Shipping Inquiry,AI Chatbot,1.6,Pending,0.23,3,3.76,092c93b5-c749-4a91-aea3-06698632e1a7,Louisiana,Desktop,False
8a6cdb62-133a-47a0-8ba2-9551e2d9ec23,2024-02-29,Password Reset,AI Chatbot,2.28,Resolved,0.38,3,1.72,f0a0fd72-cfa3-4876-9e8b-2abf76ea5331,New Hampshire,Mobile,False
bef40d8c-aa62-4243-a2fb-842b8db8bd27,2024-05-03,Account Update,AI Chatbot,1.35,Resolved,0.3,3,5.39,62b128f5-4e86-4484-b885-027e5ea719ce,South Carolina,Desktop,False
513b4ba5-131a-46c2-bb9f-894396156ca8,2024-02-23,Account Update,Human Agent,7.14,Resolved,0.74,3,5.34,6aa671e7-9834-479b-9b04-6e370a730323,Indiana,Desktop,False
cf8c8e10-4f49-400a-9e1a-fd64151436be,2024-05-25,Account Update,Human Agent,6.74,Escalated,0.23,4,8.42,2337b936-545e-4da6-bd0c-685d855f66b8,Indiana,Tablet,False
f20a4d46-0801-4513-b506-4a47f64e502e,2024-05-20,Account Update,Human Agent,8.99,Resolved,0.45,3,8.66,688092d6-3f75-4bb6-bace-4c93c8fb6446,Kansas,Tablet,False
66e1f9a6-e1f2-4dfb-9467-10f70e04927b,2024-05-29,Password Reset,AI Chatbot,1.86,Escalated,0.37,1,2.63,1a718017-ce50-4c06-ab80-11864bcb0dca,Iowa,Mobile,False
6c49e792-12f8-43e2-82a5-f0b0f23a19db,2024-06-15,Billing Question,Human Agent,4.57,Resolved,0.03,3,7.2,d3b25904-faa6-4510-b293-77e5f272dd6f,Kansas,Desktop,False
1718eec8-e0bc-49e3-9816-93201bbe01f9,2024-02-07,Account Update,Human Agent,5.03,Resolved,0.44,3,10.05,282c9288-073d-4204-bb44-7d48d1462327,Nebraska,Tablet,True
0bf6542d-5c64-423f-9964-dda3224b217b,2024-06-09,Password Reset,Human Agent,6.73,Resolved,0.21,4,8.34,7b488b8b-8d9c-44bf-9783-d6770f7b35fd,Maine,Desktop,False
909a9543-e148-446e-bf96-8096e27cf4c2,2024-01-15,Shipping Inquiry,Human Agent,6.26,Resolved,0.36,4,8.09,cc886526-7b99-4902-aa1e-0c79de7dcd23,Alabama,Desktop,False
cb4f923f-d095-4238-a659-5390a8540a83,2024-05-13,Password Reset,AI Chatbot,0.47,Resolved,0.4,5,3.87,2853e0af-1077-4bbb-9c7b-1c0c538f88ae,Wisconsin,Desktop,True
da536b32-2f37-470e-95df-b33ee5796e1a,2024-02-27,Product Information,Human Agent,10.1,Resolved,-0.12,4,7.22,a0d13862-ed76-4e24-be81-f9ee8a642729,West Virginia,Tablet,False
1d71f965-7fb7-4bcf-98e4-ad2b011bc6f2,2024-03-04,Product Information,AI Chatbot,0.52,Escalated,0.65,3,0.91,87ad83ab-5e52-49a5-904c-94c584f918ed,Utah,Mobile,True
0fe895a0-e94f-4ea9-86ab-ba948b989f33,2024-05-19,Billing Question,AI Chatbot,1.39,Resolved,0.28,3,4.75,d331fbfe-eda2-4112-bdab-746093f92dbb,New Hampshire,Mobile,False
61cf3c3d-b394-4728-9870-eb8fa9759d0d,2024-06-01,Shipping Inquiry,AI Chatbot,1.59,Escalated,0.47,4,2.55,824e3e7e-ce72-43dd-999e-4c10a38d0e4a,New York,Mobile,True
6606c3c3-7dab-4ff9-9037-aaa0abad69a7,2024-01-10,Account Update,AI Chatbot,2.55,Resolved,0.53,4,2.02,62efbd2f-ff30-47a2-914e-99eb388b7cfc,Colorado,Desktop,True
2b72cca9-e5bb-4c09-9f16-083ee2fd2445,2024-03-09,Technical Support,AI Chatbot,0.2,Escalated,0.5,3,2.56,31a04676-1f5b-4c91-ba94-d90047889d08,Idaho,Mobile,False
11bfbcde-6ed2-453b-9856-d9611347bf2f,2024-06-01,Password Reset,AI Chatbot,1.88,Escalated,1.0,2,2.6,a74389c4-d24a-4079-89b5-cd48c8ff076e,Tennessee,Desktop,False
d4eb079e-5ea1-40d0-afd9-21005715b2e6,2024-01-22,Billing Question,Human Agent,4.18,Resolved,0.4,3,4.89,b64eda7e-9c5e-42f3-961e-4cba9f2d0ebc,Indiana,Desktop,False
f05b6b93-8ac1-4d3d-ada1-2075d073ed00,2024-05-04,Shipping Inquiry,Human Agent,12.13,Resolved,0.11,4,6.24,79e5f6eb-b824-4ba2-ac7b-eddba8adcd7f,Illinois,Tablet,False
c2dc4e23-46dd-4445-98e0-4aeef505d26f,2024-01-30,Account Update,AI Chatbot,0.99,Resolved,0.28,4,4.3,db45b391-ea3d-4bdd-83f7-d85424cd1ade,Texas,Mobile,True
dff2acd8-39f9-42e7-a59d-00aa6ed5e261,2024-06-12,Password Reset,Human Agent,6.76,Resolved,0.63,5,5.8,aefb41b0-0a65-4862-b7dc-df88a10bc0bd,Arizona,Tablet,False
26e78c3c-fce8-4859-93df-7c0979e6db68,2024-05-03,Billing Question,Human Agent,2.85,Escalated,0.44,2,7.62,247d64bd-3c97-42c2-9d84-fb485531f073,Delaware,Desktop,False
4b0c0f4f-5037-4e56-9113-05cc0961c122,2024-04-08,Technical Support,AI Chatbot,1.67,Resolved,0.5,4,3.44,84d5db67-61b7-4e38-8ecf-d43a224f26b3,Nebraska,Tablet,False
7c78f8c1-3c3b-4996-bd34-ba68345bec57,2024-01-07,Billing Question,AI Chatbot,1.4,Escalated,0.44,2,3.35,7da2874d-8b82-4e41-9c2c-0fa31caa9de2,Iowa,Tablet,False
1ad2bfc9-7c5f-419e-9c0e-21cac8a81352,2024-06-10,Billing Question,Human Agent,8.84,Escalated,0.37,2,9.04,b259d26c-ae45-4211-bb7a-060667893e3a,Hawaii,Tablet,False
acd636ca-5e61-483b-a474-2efc23468ffd,2024-04-30,Password Reset,Human Agent,16.24,Escalated,0.3,3,7.24,bbe0795d-8bd8-404a-91d7-2bcfa3ed5c7e,Alabama,Mobile,False
cc045383-6d22-4325-a7d8-1ffb21d90748,2024-03-24,Shipping Inquiry,Human Agent,3.24,Resolved,0.88,5,6.02,51df81dc-c6cf-47c4-83a4-70f8b53c60bf,Michigan,Desktop,False
a4eadd40-9167-4883-a303-e1a89f0cbca8,2024-06-23,Technical Support,Human Agent,7.98,Resolved,0.36,2,9.03,1512376a-1870-41aa-ba18-7c549779edee,Utah,Tablet,False
79cab4c9-2ecb-44a1-90f7-7727e99f7d46,2024-04-06,Shipping Inquiry,AI Chatbot,2.07,Resolved,0.19,3,1.17,4b8d0585-b807-4b93-9a2a-b1e742a3c2f9,Texas,Desktop,True
7ada82e4-08c5-468d-b9cb-53221b00109d,2024-05-11,Account Update,Human Agent,10.37,Resolved,0.95,4,5.88,8b74359d-4106-4b6d-895b-b2664d443c1a,Washington,Mobile,False
26f3392b-722c-465f-b5a3-656fcb00bd7d,2024-05-04,Account Update,Human Agent,8.17,Resolved,0.34,4,10.71,658e1c84-8ddd-434e-9783-19aabe742d77,Kentucky,Mobile,True
1eb8a75b-5dbc-41b1-acf5-c1f7396c5529,2024-04-03,Billing Question,Human Agent,8.35,Resolved,0.59,3,5.14,83df967a-8688-4cbd-8aa1-8be60e0b1171,North Carolina,Mobile,False
01f6c77c-6c0a-4e22-9fe3-7fce1751a682,2024-02-02,Billing Question,AI Chatbot,1.93,Resolved,0.55,3,1.7,5fa59ef1-843d-4082-8b37-03ec2e74a0a8,California,Mobile,False
1f96ba68-c165-454b-8a25-84c5b867e55c,2024-02-16,Billing Question,AI Chatbot,2.46,Resolved,0.42,4,-0.67,4ee2b2af-0112-46ee-a4a3-6735f038c8cf,Idaho,Desktop,False
cd17e0df-7040-4703-b16f-755f0eb55f98,2024-01-16,Product Information,AI Chatbot,1.43,Pending,0.77,3,2.77,0e673ce6-8b45-4d4c-87b4-1e375df2a4af,Ohio,Mobile,False
0bed9e3d-7663-4a3d-a088-3095b2fc6715,2024-01-14,Account Update,Human Agent,10.91,Resolved,0.12,2,8.97,c8af8151-7a42-43dc-aa28-b7fbe4cf3eb0,Vermont,Desktop,False
5b572502-9cb3-4a77-9e4e-1ebde6be9376,2024-03-16,Account Update,AI Chatbot,1.08,Pending,0.47,3,1.35,e54a7746-1fc4-49cd-874c-6d17314e6d35,Indiana,Desktop,False
d0754371-6138-4fac-b6c9-c8606202fb03,2024-01-17,Password Reset,AI Chatbot,1.98,Pending,0.44,1,4.27,4568a494-4ae9-4431-b58d-bb3e51161d1e,New York,Tablet,False
26c94ce2-9e3f-455b-9fab-1ce45e09b9d0,2024-05-20,Password Reset,AI Chatbot,1.47,Resolved,0.13,4,5.59,d611604e-6b39-4f6f-ab61-1fdd8f0bdbe1,Indiana,Tablet,True
bcdd9bf4-4a96-48d5-baec-95fa3e95ea32,2024-05-17,Password Reset,AI Chatbot,1.41,Resolved,-0.42,3,4.99,ddae057f-6efb-4b8b-973c-f80f6d064934,Nevada,Desktop,False
741c6420-386d-42d9-9632-02f6b45c266d,2024-01-21,Shipping Inquiry,AI Chatbot,1.09,Resolved,0.9,5,-1.13,d2d5c706-76c2-4600-b962-fda03fb3f457,New Mexico,Desktop,True
d0b995f8-9142-40ed-adfb-5f41e2b0cac3,2024-02-17,Shipping Inquiry,Human Agent,4.7,Resolved,0.39,3,12.33,ee61ef8d-b899-4e71-8c64-cef11ca4bd5d,Colorado,Desktop,False
d8a74803-4a62-40e2-96b8-b56755830389,2024-03-27,Password Reset,AI Chatbot,1.8,Escalated,0.58,3,1.97,dae808c6-4695-4e9a-9ae1-22684d3aadad,Delaware,Tablet,False
75c3e6d2-3153-4276-8633-f49185033766,2024-01-20,Billing Question,AI Chatbot,0.87,Resolved,0.29,3,2.46,a36dfdf0-9a26-4de0-892d-8a69120d0201,Virginia,Desktop,False
9418fd17-d430-4c89-b25a-c027c11cf2af,2024-06-10,Password Reset,Human Agent,3.44,Escalated,0.95,2,5.58,446e8299-bea6-4847-a53b-76914a58c6e1,Maine,Desktop,True
5f330651-6c1a-4b68-822c-de1f3015f15d,2024-02-24,Shipping Inquiry,AI Chatbot,2.32,Resolved,0.35,3,6.06,a9418895-80f0-41d4-854f-f2a7ef036171,Nebraska,Mobile,False
3eed7488-e607-423b-aa1d-a90d148f9282,2024-06-11,Password Reset,AI Chatbot,2.16,Resolved,-0.19,4,3.95,ac84c53d-3e64-4873-969b-51d58620cc56,Georgia,Mobile,False
b0bbe970-9b4b-4939-b6f4-0a3289cd1636,2024-02-06,Product Information,AI Chatbot,2.01,Resolved,0.28,3,3.01,93714926-5888-4445-a43a-f216e361d852,Utah,Tablet,True
d8c1acc2-3284-46aa-ab0f-53101e04dbb5,2024-05-29,Password Reset,Human Agent,9.16,Resolved,0.25,4,7.36,8e42502b-f4da-4ecd-911e-31000fb6d62e,Colorado,Desktop,False
6b79e839-abb6-4259-bd44-1517e0699bb9,2024-03-26,Billing Question,Human Agent,5.36,Resolved,-0.1,3,5.95,99ba265c-45f0-4050-b0ad-e3ff37bac8f9,Missouri,Mobile,True
3bd85e88-4bd9-4fae-bd63-46dfc1bbcb1c,2024-05-18,Billing Question,Human Agent,3.48,Resolved,0.55,3,7.92,09a81e59-6bd3-45c9-a0a8-f3843cb4a23f,Utah,Mobile,False
591bbdbb-9763-4693-9682-e4817e09602f,2024-04-28,Technical Support,AI Chatbot,2.22,Escalated,0.64,2,3.78,029c2fc7-4154-4436-9955-77ea94ca369b,Tennessee,Desktop,False
46de81cb-5cad-43bf-8229-555bb87c6d39,2024-02-22,Account Update,AI Chatbot,1.03,Resolved,0.02,4,2.23,e7bdfdec-f3d4-4ad7-b7a1-1d297b75820f,Minnesota,Tablet,False
f3c374a5-9ed9-46ba-8596-2268078ea609,2024-01-29,Account Update,Human Agent,8.52,Pending,0.48,1,6.02,48dca0f5-26b6-419f-b86a-d717a8de8f18,Indiana,Tablet,False
9a3b2b95-66a6-4fef-b0b9-aaec4bb3da39,2024-01-12,Shipping Inquiry,Human Agent,7.45,Resolved,0.63,2,8.84,d4dbf9a7-e28d-4716-beaf-8afb78a672fa,New York,Mobile,False
d3140b2a-73fb-4cf4-8db1-a4d35e2dca62,2024-06-24,Account Update,AI Chatbot,2.34,Resolved,0.85,4,4.96,764d2e95-660c-4d4d-8ff8-47d2a401a8aa,South Dakota,Tablet,False
cfd13eb4-b3e6-44a2-a57c-970cb99db7b3,2024-05-04,Account Update,AI Chatbot,1.13,Resolved,0.38,3,1.23,958dc8bd-0bac-4520-8a64-c29d41a5733a,Virginia,Mobile,True
0817497b-b1e5-41bd-9650-ea2643c8b251,2024-03-13,Account Update,AI Chatbot,1.72,Resolved,0.6,4,4.95,066f5688-4fe5-417d-86a5-282898bd77ca,Maine,Desktop,False
320ee981-6e4d-4859-8562-28b863599489,2024-03-23,Product Information,Human Agent,7.9,Resolved,0.13,4,8.85,4da09f35-dea6-42a1-a153-90ed89d930c0,Maryland,Desktop,False
f0733a92-a04e-4d7e-9c25-0ee1bc80427d,2024-02-08,Billing Question,AI Chatbot,1.76,Resolved,0.15,2,2.71,90b26f30-6230-47ec-a483-68f09c3740d5,Virginia,Desktop,False
ff87838d-d376-4465-8a94-bf8914bbd65a,2024-02-24,Account Update,AI Chatbot,0.71,Resolved,0.31,3,3.78,8e4bef10-1685-4361-8834-ef7f624f12d6,Nevada,Mobile,False
38f7a100-f569-4460-9c38-f5b54711786e,2024-03-10,Technical Support,AI Chatbot,0.75,Resolved,0.12,5,2.68,278d0f25-e0f6-4ba9-b232-89f9f2d90b3e,Michigan,Mobile,False
a9323c91-85c8-43d1-a03b-bd46f1c345dc,2024-06-05,Password Reset,Human Agent,2.49,Resolved,0.43,4,7.49,6b3587ad-b7b4-491d-a66f-6fbd49def4ff,Oklahoma,Tablet,True
08bdb459-8bb3-4c8a-a95d-7617946ce601,2024-06-27,Account Update,AI Chatbot,1.64,Resolved,0.29,2,2.86,17a88b1c-a71c-4bb0-8326-c98653802cdc,Connecticut,Tablet,True
2203abe9-3eae-4b37-8dfc-6c8c38b763e2,2024-05-29,Password Reset,AI Chatbot,1.39,Resolved,0.15,4,3.51,b5723b29-2e45-4d20-aaf1-9d3ad3962454,Oregon,Desktop,True
63233422-1ff4-4c64-a1e0-e66062ae8248,2024-02-24,Technical Support,AI Chatbot,1.33,Resolved,0.05,4,3.22,d758d662-f15a-48ae-983e-964c54e41a3c,Delaware,Desktop,False
69918fbe-81c2-404f-a286-ba9a5ed75b59,2024-04-22,Billing Question,AI Chatbot,1.53,Resolved,0.18,4,1.66,96ecbf32-dd22-43bf-8f7f-adbbca78a5af,Florida,Mobile,False
4aa52e9f-11ec-4d40-aabe-69de3249de6e,2024-04-15,Product Information,Human Agent,6.66,Resolved,0.58,2,6.59,0d91e261-42a8-48eb-9270-f117f3d83959,Delaware,Desktop,True
6181737e-7a07-4f8a-838d-e885877cca3b,2024-04-12,Shipping Inquiry,Human Agent,8.45,Resolved,0.39,3,9.79,b6ff7860-3b65-4a52-ae35-2a387fd3c3d6,Hawaii,Tablet,True
0de59486-5cc5-42bb-acda-16eb806a7027,2024-03-28,Technical Support,AI Chatbot,0.7,Resolved,0.55,4,3.31,a57eb1b0-b5e1-4c22-93f9-3d067101a817,Nebraska,Tablet,False
801f258e-4174-4010-a81a-510f20aa2cad,2024-03-28,Billing Question,Human Agent,7.42,Resolved,0.13,3,9.75,71ebdee3-cc8e-4114-9072-4bd9b1eee154,Arizona,Desktop,False
613f0dfb-dd0e-438b-b211-b3eb82002486,2024-04-19,Product Information,AI Chatbot,1.61,Escalated,0.05,2,5.65,3feaf4c8-c0c0-4e46-8b64-357f7ec2c9e8,New Mexico,Tablet,False
8e32f6ac-e081-42f6-8341-b3af9c645915,2024-03-19,Shipping Inquiry,Human Agent,6.44,Resolved,0.35,3,7.86,029d05da-3fb2-4336-8422-52158a26b497,Kentucky,Desktop,False
5002eb5e-7e18-4f18-a1d0-45d41ae4e137,2024-02-01,Password Reset,AI Chatbot,1.15,Escalated,0.02,3,1.64,986baa8e-943a-48a0-993d-74171b6c7171,New York,Tablet,False
44c5f22e-e719-4834-ba8b-cc0203d6b8a0,2024-01-08,Product Information,Human Agent,9.26,Pending,0.35,3,7.98,198a7404-9934-44fe-b8d8-682a2793990a,Montana,Desktop,False
719582ad-8259-4565-ba49-75702e47c43d,2024-01-02,Technical Support,AI Chatbot,2.22,Resolved,0.22,3,3.07,2dc686bd-f163-4b04-b075-03e2c0b54eb4,Oregon,Desktop,False
65840d78-6020-477f-84bd-e3c724154b45,2024-05-06,Account Update,Human Agent,5.31,Resolved,0.31,4,5.54,f4c30ac1-97ca-46d3-a478-ede0bc98a31f,New Hampshire,Desktop,True
d0426e74-0534-4f77-a4cd-0f36c8b82be6,2024-05-28,Technical Support,Human Agent,7.42,Resolved,0.4,3,6.27,6124013c-0dfd-47fa-9119-59d4a47a1df3,Alabama,Tablet,False
56c27ff4-0bd9-4434-a916-2bcaceaa01c1,2024-06-07,Product Information,Human Agent,7.36,Resolved,0.19,2,7.66,23bd5b9e-f776-430f-8ea9-f6c888c27cf8,Kansas,Desktop,False
4d2ec854-23cd-41c4-ab1f-37a4182c8cad,2024-02-06,Product Information,AI Chatbot,0.65,Escalated,0.05,3,3.23,f9a022dc-8adb-4665-9b55-bf4da267d5a6,Pennsylvania,Desktop,False
b9a752ba-3d79-4670-9882-366561c9877f,2024-04-03,Account Update,AI Chatbot,1.87,Resolved,1.0,4,1.93,95544a72-ccdd-4dba-809e-6b6c9aa2d74a,California,Desktop,False
6166ecbd-5e02-4648-9ce6-df83ff43b1ea,2024-02-08,Product Information,Human Agent,6.95,Resolved,0.52,4,8.46,0e3475dc-53ad-4aa8-b3f1-591754f27210,New York,Desktop,False
b3182695-1c78-486a-80b3-f9047cbe034a,2024-06-15,Billing Question,AI Chatbot,2.73,Resolved,0.3,3,0.39,68bdc4e6-0f95-46a0-b096-c8a541194f99,Oregon,Mobile,False
fbb3a8f0-6f11-4cc5-8d57-3856833a62d5,2024-04-19,Password Reset,AI Chatbot,0.57,Resolved,0.15,3,2.87,2c8fd35d-5b3d-47f6-922a-6be1666d549f,Maine,Desktop,True
6ee3faca-7d21-4455-8d9e-b2c4ac86f663,2024-02-23,Password Reset,Human Agent,10.14,Resolved,0.12,3,4.98,22188307-eb99-466b-ab2b-240ae1e99f48,Nebraska,Tablet,False
fbcf554d-965a-4788-9b0d-880cf42220d2,2024-04-11,Product Information,AI Chatbot,1.17,Resolved,0.34,3,4.67,11e48c47-ff6a-48a0-a174-e8a10f24e6d4,Utah,Desktop,False
816ba663-fccb-4664-a73c-b2923dca433b,2024-04-28,Product Information,AI Chatbot,0.7,Resolved,0.11,4,3.36,464df458-3c14-4ca9-8599-77e8368f00ef,Montana,Desktop,False
299d590d-e355-4246-9a21-b1d5d53e0cac,2024-06-12,Shipping Inquiry,Human Agent,6.43,Resolved,0.34,3,6.89,78c66504-6293-47e5-8827-d36b7a42d69a,South Carolina,Tablet,False
e959ccba-6cb4-490b-b2a3-a6c5bc4d7580,2024-01-14,Password Reset,AI Chatbot,1.35,Escalated,0.2,2,2.0,6f200648-4716-4a32-935c-855d7d3f25e1,Idaho,Desktop,False
ed3bed71-ad85-45a3-81ea-cfd9472b6cd9,2024-05-21,Technical Support,Human Agent,4.86,Escalated,0.51,3,8.39,2ff0ef67-d440-4442-822e-311fb32dee06,Vermont,Tablet,False
d593144a-0cd5-4988-8681-018875d171cb,2024-03-01,Shipping Inquiry,AI Chatbot,1.07,Resolved,0.41,4,4.74,ddf27445-2fd4-4d9b-9e9a-c0e728387985,Vermont,Mobile,False
cf0acada-08d3-4d9b-b590-b159fa9bef75,2024-02-17,Billing Question,Human Agent,13.33,Resolved,-0.38,3,9.5,4051a8bb-418b-449c-86cb-76b907efcc8a,North Dakota,Desktop,False
bc865d02-39b8-4543-9750-a16fd23d1a7b,2024-01-28,Account Update,AI Chatbot,1.13,Escalated,0.03,4,1.93,af0ad1c8-b2c5-4222-9ffa-4deb358885ef,Washington,Tablet,False
0b217cca-b2ab-4fd0-af3c-58403850814c,2024-02-03,Product Information,Human Agent,5.7,Escalated,0.49,3,5.65,ac022af2-b7f9-400f-a071-ab45917aef45,Maine,Desktop,False
d6d14711-1079-4174-aff7-6d383abcac96,2024-01-21,Account Update,AI Chatbot,1.03,Resolved,-0.02,4,3.68,019e1ed5-68e6-451e-9fc0-98014ca17705,Michigan,Tablet,False
1eb1f695-f809-4009-81cd-80cc622c8d9e,2024-03-24,Shipping Inquiry,Human Agent,10.11,Resolved,0.53,3,10.15,115b4647-56b7-4699-939c-15252e55bbe8,North Dakota,Tablet,False
f346f1b9-515f-48af-acab-408b497dba5c,2024-04-07,Account Update,Human Agent,4.52,Escalated,0.4,2,8.97,c91c09eb-c509-4168-9b15-e3aae50d30a7,Montana,Desktop,True
54f4c867-4bc4-4e95-b735-e5d04ecfde9c,2024-04-20,Shipping Inquiry,Human Agent,3.85,Resolved,0.0,3,7.76,e8d61fb8-643b-43dd-9c22-8528b2bf5d38,Texas,Tablet,False
0126d9ab-f96a-463e-9bfe-03938ada0404,2024-01-10,Account Update,Human Agent,9.25,Resolved,0.6,3,7.77,47bd8d7f-bdbc-4279-aeaa-41868b7550d5,Maine,Desktop,False
68626b14-eabd-4e5d-b834-fdae85778781,2024-05-04,Billing Question,Human Agent,5.4,Resolved,1.0,2,5.94,b81fe4ae-b9c8-4de3-8411-ae971722a768,New Jersey,Desktop,False
c77f3972-635a-4a6a-966d-141c2181194c,2024-04-13,Product Information,Human Agent,1.45,Escalated,0.3,3,4.36,ce15733d-f193-4635-bdac-e8b01a8c3407,Massachusetts,Tablet,False
c66cf228-2e96-41f9-a0dc-5788fdf5ea6a,2024-03-17,Technical Support,AI Chatbot,3.12,Resolved,0.23,3,3.02,bb19ef23-7c3f-4742-9506-a1b8856eaee5,Hawaii,Mobile,False
b01d6a20-8a3b-4aec-bf9f-e92bcee2ddd8,2024-06-05,Technical Support,Human Agent,8.74,Resolved,0.18,3,8.54,5f277962-e386-47af-9511-71b17f57d540,Nevada,Mobile,False
ccec79e4-64dd-498d-8824-29f624717bb0,2024-01-25,Billing Question,Human Agent,9.4,Escalated,0.46,3,7.31,e37451a6-af4b-432e-b8c3-367f3fe1bfaf,South Dakota,Mobile,False
54e16b71-9c51-45cf-9341-c0a3cf736f88,2024-05-15,Billing Question,Human Agent,6.66,Resolved,0.57,4,9.67,e0576b21-2d91-4586-8601-ce1e234832a7,Georgia,Desktop,False
feb8d432-2ad5-4505-9cfb-addf7f35e312,2024-04-05,Technical Support,Human Agent,11.66,Resolved,0.27,5,7.03,2420cfb5-9d53-44ee-95c2-3dec442200fe,South Carolina,Tablet,False
48563d65-27a0-4d59-8d98-9d1c3a77457d,2024-01-29,Product Information,Human Agent,2.11,Resolved,0.57,4,7.71,197b1d3a-98f4-41b4-8560-0877b43735b4,Georgia,Tablet,False
aae73b13-95bf-499d-8eaa-32014a1113fc,2024-06-01,Technical Support,AI Chatbot,1.21,Resolved,-0.25,4,0.75,96a8ac7e-8bfd-4479-aa42-63b6e17c769b,New Mexico,Desktop,False
f57062a9-99a2-49d3-a412-b2999136821c,2024-06-21,Account Update,Human Agent,4.48,Resolved,0.62,5,7.4,92b585c4-ea3d-46ba-aa87-48296c179cb8,North Carolina,Desktop,True
d97cd322-cfd2-41fe-a61e-a7c7e95ff42a,2024-04-01,Billing Question,AI Chatbot,1.29,Resolved,-0.48,4,3.76,e796bb61-5fd9-412d-a292-6cd6afe11ef2,Delaware,Mobile,False
3dda716b-44c7-4705-8d21-9f237cb8f977,2024-05-12,Password Reset,AI Chatbot,1.42,Escalated,0.24,3,5.42,91c95df0-40df-45de-b843-095a8f7f337c,Delaware,Tablet,False
9c8dad38-8756-4324-aaf8-6eabe7d44a70,2024-06-17,Password Reset,AI Chatbot,2.23,Resolved,0.05,3,3.1,978f5c4c-8483-4dd2-9320-60140d9a46e8,Alabama,Tablet,False
5823557e-a29b-425f-885a-1b0f03d5f88b,2024-02-04,Account Update,AI Chatbot,2.87,Escalated,0.34,3,2.51,779ac567-3b90-48b9-b52c-8cdce1088202,Texas,Tablet,True
b74ea1cd-38ed-41f9-9baf-077c1acc477a,2024-02-06,Technical Support,AI Chatbot,0.93,Resolved,0.47,5,3.3,540098cc-4ff8-4a01-8ede-e90c5f326ea7,Illinois,Mobile,False
6e8ede92-e9c9-4943-883e-024ecfaec396,2024-06-12,Account Update,AI Chatbot,2.29,Escalated,0.61,1,2.15,6bdc28fe-4cf6-4b6f-81d3-5e59bce012b6,Ohio,Desktop,False
5bc8af84-25f9-4586-a828-49a0ccaa86c7,2024-03-03,Password Reset,Human Agent,8.69,Escalated,0.29,1,6.6,d0e1e4ec-05b2-465f-8666-f8ed68b93a78,Hawaii,Tablet,False
01b3262c-23b4-4779-b342-e1c5b1ca81cb,2024-04-19,Product Information,AI Chatbot,1.33,Resolved,0.11,4,3.24,724b253e-f332-4882-b61c-b31e92a00aa5,Alaska,Tablet,False
92c6e14a-0ad6-4e8f-951d-5c53735e4019,2024-02-01,Account Update,Human Agent,3.89,Escalated,0.43,4,9.61,24191a48-3560-4207-8c3e-4a7d98dbc649,Nevada,Desktop,True
f0b623c1-90c6-4a84-8890-b9f620a093d1,2024-01-29,Password Reset,Human Agent,8.78,Resolved,0.35,5,7.35,e0330cf3-eef7-43ab-8db1-02f79ee4ea3f,Arkansas,Desktop,False
a6ccda3a-9aba-4310-b6dc-c5393ddec008,2024-05-29,Shipping Inquiry,AI Chatbot,1.28,Resolved,-0.0,4,1.83,63764f0b-95fe-4298-b2bc-c630d4a0e7b5,Kentucky,Mobile,False
efcc7dad-a849-4b71-ab9f-1ddc558f5868,2024-06-13,Technical Support,Human Agent,4.39,Resolved,0.57,5,5.23,3fd738ab-59ce-40e9-bd50-f8d4203780c8,Utah,Desktop,False
a750eb35-aa8f-4650-ad68-f548994c1a55,2024-04-03,Product Information,AI Chatbot,2.11,Pending,0.61,4,4.98,64f04c5e-5ee4-4929-b358-03e5fd8df3d3,Alaska,Desktop,False
97b5b2b4-941a-4172-8c2b-5ed06a434465,2024-06-12,Technical Support,Human Agent,11.23,Resolved,0.54,4,7.41,56e948c6-981d-49b1-9221-468ff3c85728,California,Desktop,True
73476bdb-d2b4-4901-9297-ead8b44c5399,2024-04-22,Account Update,AI Chatbot,1.13,Resolved,0.69,3,2.28,ef68bf64-5570-45e8-932c-f4500a7d475b,Alabama,Desktop,False
8802b929-7530-4c39-8e14-a707c93fe097,2024-02-17,Product Information,AI Chatbot,1.39,Resolved,0.14,3,0.73,8505bebd-94fe-4a42-8d91-74ffe765966a,Oklahoma,Tablet,False
4d89b389-6476-403e-885e-eb4bbcbd441d,2024-05-08,Billing Question,AI Chatbot,1.65,Resolved,1.0,3,3.75,a0ebec3f-9170-487d-959d-c1549c7cfb0d,California,Desktop,False
3fc3b1e3-9ad6-4e91-b86f-20049e705f3b,2024-03-18,Shipping Inquiry,Human Agent,9.8,Resolved,0.7,3,9.78,1ee39536-89d3-4141-a371-09c5a652300d,Delaware,Mobile,False
111da77f-ec88-40cc-9079-40ad0b03f8e0,2024-03-22,Technical Support,Human Agent,6.21,Resolved,0.68,4,6.47,d52893f8-2a7b-4d4f-8573-4ac0d9185769,Arkansas,Mobile,False
3350868e-5c3d-4d4c-967f-0480231c6bb4,2024-02-04,Billing Question,AI Chatbot,1.94,Escalated,0.06,1,2.59,7cb8dcd6-d57f-4ece-9439-fa4ee27af17b,Texas,Mobile,False
619833dd-304c-4fe9-961b-05cc750b5e42,2024-02-14,Billing Question,AI Chatbot,0.59,Resolved,0.18,4,2.27,03c52436-bb21-42e7-8ed2-86708be357eb,California,Tablet,False
32058645-6c0f-40a2-b4e3-582af21900b2,2024-06-07,Product Information,AI Chatbot,1.9,Escalated,0.26,3,2.64,218a415b-a49a-4350-9730-5ffa1c59e484,Arizona,Tablet,False
38d9b720-4528-4bd5-b628-a34b28a51c07,2024-05-19,Password Reset,AI Chatbot,2.05,Resolved,0.69,3,3.15,ad1c1c83-ba39-47ec-b4dc-bb439a1586e2,Nevada,Desktop,False
620b5776-b281-4e05-900c-030c0aaa47ab,2024-06-19,Password Reset,AI Chatbot,1.12,Escalated,0.68,3,2.74,e8c7ebd4-0e9d-4128-91ce-f27a626ac732,Alabama,Tablet,False
3cdcf112-9998-4394-8868-1150124c525e,2024-02-19,Password Reset,Human Agent,5.72,Escalated,0.84,2,7.81,257dfbdf-b35f-4747-a085-d8f6f9dce8bb,South Dakota,Tablet,False
e225a227-964b-4bc9-946a-90ea9bba67f7,2024-03-22,Billing Question,AI Chatbot,1.86,Escalated,0.11,1,2.61,aa8d3a76-4091-4d5e-80fb-d9ccbc90eda1,California,Mobile,False
265da8e0-13a5-4c03-a35d-d240ca3de9e1,2024-01-16,Billing Question,Human Agent,2.04,Resolved,0.52,3,7.31,aa61b253-7fd2-4d3e-8e62-5ef69e7fb366,Tennessee,Desktop,False
44dbfc6c-4c42-4a0c-80cd-4cb666f71c38,2024-03-08,Password Reset,Human Agent,8.86,Resolved,0.74,4,6.36,04c62f40-b7be-487d-946a-abd05c2e4eb6,Wisconsin,Mobile,False
a0498c75-aef4-41f9-9116-26192bbe342a,2024-01-14,Technical Support,AI Chatbot,1.15,Escalated,-0.16,4,4.01,ae7db29b-05c6-469f-bfbe-4e2c12ed08b0,Oklahoma,Tablet,False
c97f4a35-ffb0-4120-bf58-61164d7df175,2024-03-19,Password Reset,AI Chatbot,1.43,Resolved,0.19,4,1.89,a180cf2b-7a96-40a8-939e-91d6cd963fc5,Maine,Tablet,False
497c766a-debe-4283-b324-993def0b7616,2024-02-17,Password Reset,AI Chatbot,2.31,Resolved,0.01,4,1.24,29cb883b-ca62-405b-97e4-f6d6e9a6f2c2,Kansas,Desktop,False
7656b62d-a702-4a14-a8f5-0188f72aa606,2024-06-16,Shipping Inquiry,AI Chatbot,0.35,Escalated,0.41,2,-0.81,f50d1eee-83c8-4f3f-898f-dede53f2e707,Washington,Mobile,True
748a1dde-4736-453c-ac0e-43eccd81d67e,2024-06-08,Shipping Inquiry,AI Chatbot,0.99,Resolved,0.88,3,4.7,3c1383f4-6413-4c6c-8100-da74af4101e4,West Virginia,Tablet,False
541b2c4a-a473-43d0-9928-2d97cccdef99,2024-04-03,Technical Support,Human Agent,9.07,Resolved,0.32,3,7.63,b63cc598-7c15-4298-8d42-fe7e57df0e32,Vermont,Mobile,False
35ae12d6-278b-4fd4-be28-f54615106760,2024-05-31,Product Information,AI Chatbot,1.99,Resolved,0.43,3,3.28,d7ee27f9-3d0a-4aed-aaa8-145a7b44bb81,New Mexico,Desktop,False
ce8a8b5a-3756-4dc4-9e76-55e538c511e2,2024-02-27,Product Information,AI Chatbot,2.6,Resolved,0.31,5,4.32,26ea6603-dd8b-4106-b160-9cd8a7d3baae,Pennsylvania,Tablet,True
f8e7dc94-5101-4ca1-be29-5bd672f783e0,2024-03-26,Billing Question,AI Chatbot,1.77,Resolved,0.12,3,2.99,61719bb1-c99d-4c6c-b552-cf536b5cf88d,Illinois,Tablet,False
35ab472e-0119-4a33-87d6-ed5c1a7d85f5,2024-06-24,Billing Question,Human Agent,6.85,Resolved,0.4,3,4.6,ae00f8cf-1533-4b2f-9b8e-e2143644de20,South Dakota,Mobile,False
80a8cfa2-501f-4413-8d12-66d5592f9792,2024-06-14,Billing Question,AI Chatbot,0.85,Escalated,0.31,3,1.2,6b27349d-b02a-4407-a073-32d807cb104f,Tennessee,Desktop,False
a3b2f812-b686-46b9-b3e5-197f5e9088ee,2024-05-04,Technical Support,Human Agent,7.9,Pending,0.58,4,5.21,7126aed2-2a7c-45ad-92ab-90babc8abcd9,Delaware,Desktop,False
5a4b64dd-401d-449b-b000-03a0b21707d2,2024-01-03,Billing Question,AI Chatbot,2.08,Resolved,0.46,3,4.32,6d39dbb0-cd0d-4cf9-9f39-6bb92758a2a5,Kentucky,Mobile,False
dec49753-fe90-4463-82d1-82528cf09422,2024-05-22,Password Reset,Human Agent,8.5,Resolved,0.49,5,8.01,48c3d633-7aba-4c98-a123-7443e433a5ce,Pennsylvania,Desktop,False
2e2a24f5-e355-4b2c-855d-528cfaad60f0,2024-06-12,Password Reset,AI Chatbot,1.43,Resolved,-0.13,3,3.88,27baa8dd-048a-4ee8-b999-209109409bdd,Kansas,Tablet,False
edb91d7d-1015-4d55-8c46-77c4de4d7b6f,2024-03-30,Password Reset,AI Chatbot,2.08,Resolved,0.74,2,2.26,0ecbff30-f748-4a31-ab22-741e28302360,Arkansas,Desktop,False
170b36e1-dbe1-4adc-b9c8-035ba9f87e3e,2024-01-09,Billing Question,AI Chatbot,0.6,Resolved,0.52,4,4.45,67826589-bc90-4fd7-9a8b-cd5cd92ef6de,Nebraska,Desktop,False
ce9a6dbf-f896-45ba-bd18-7587edfe31de,2024-02-26,Account Update,Human Agent,6.12,Resolved,-0.24,3,6.37,a6ec0c40-2bbd-4aaf-afb4-47a9e26e57d0,Rhode Island,Desktop,True
1371c8e3-fbf8-41c3-8281-3148617fdcc5,2024-04-28,Account Update,Human Agent,12.45,Resolved,0.74,3,6.31,df6fc707-6502-4c57-9e31-8359144253f7,Louisiana,Desktop,False
a23a96bd-530b-48d3-ac2c-9d9432da929e,2024-06-22,Password Reset,Human Agent,11.12,Resolved,0.53,3,5.16,b21e0898-c49e-4ddd-92b8-533a7202046b,Utah,Desktop,False
a78e857c-f006-4158-810a-3a2ca5c231e6,2024-04-18,Password Reset,Human Agent,3.6,Escalated,0.42,2,7.23,a1579701-0176-4b6c-b16f-8c3bf52a2926,Louisiana,Desktop,True
51d96450-210d-4c52-bfa2-29b73c6933e3,2024-01-26,Shipping Inquiry,Human Agent,7.24,Resolved,0.35,3,7.45,cbb57a57-9fd3-4b65-b950-bf12dbced096,Mississippi,Mobile,False
06d2d6f2-6c98-498c-9016-23b401df6f8d,2024-05-25,Password Reset,Human Agent,6.29,Resolved,0.23,4,9.21,30e54a28-c716-4b35-888e-d47cb6610284,Arkansas,Tablet,False
8debcfa6-65f9-43b8-b555-301213449e5c,2024-04-16,Shipping Inquiry,Human Agent,4.6,Resolved,-0.72,4,8.02,5d2ee51b-555a-4499-bb29-2b7ebb291733,Wyoming,Mobile,True
a81af6b8-a97f-4c2d-83d9-72ec1af0b80d,2024-04-29,Billing Question,AI Chatbot,2.02,Resolved,0.19,3,1.9,3f6c667a-2807-4186-bf2f-839a1832f1fc,Ohio,Tablet,False
7e76f25b-b86d-483e-92f9-b8d619d00e6b,2024-05-07,Billing Question,Human Agent,5.11,Escalated,0.32,2,5.26,4647a565-9d24-4c05-842d-cd50aadf0feb,Alaska,Mobile,False
7250ba7a-c7ea-4da9-8f6f-7054b9c6494b,2024-03-19,Product Information,AI Chatbot,1.09,Pending,0.43,3,2.64,57aebb4f-8523-4806-87dc-a401d0631201,Arizona,Desktop,False
65d25742-6729-4ba7-8efb-4ed7829e2d05,2024-06-19,Technical Support,AI Chatbot,1.25,Resolved,0.53,5,-0.08,c286eb49-706c-48ea-aadc-b7c25492b30e,Vermont,Tablet,False
966a50cd-bab4-4823-8e2a-b7a1916c6331,2024-06-05,Shipping Inquiry,Human Agent,4.72,Resolved,0.29,3,8.51,ad02aed8-2820-4a55-af3e-7bd400bd77c8,Hawaii,Tablet,False
2fa36213-7ea9-4224-8537-cf8ad4e394f2,2024-03-11,Product Information,AI Chatbot,2.18,Pending,0.3,2,2.43,f2256406-f12d-4473-9698-46dba4da136b,Wyoming,Tablet,False
7a7338d3-cd6d-4876-b0b5-8e282004ad9d,2024-05-12,Billing Question,Human Agent,5.77,Escalated,0.57,3,6.74,0230f957-e1a9-47bc-97f0-8296899872aa,New York,Mobile,False
6c1ca13b-e916-4aab-a34b-d01ff0d4144b,2024-02-17,Technical Support,Human Agent,1.95,Resolved,-0.03,3,6.05,8bca081c-c74b-44c2-80da-f9dbf500c608,Washington,Mobile,False
b197adae-679b-44fb-b2aa-149d8ef16f19,2024-02-07,Account Update,Human Agent,4.52,Escalated,0.57,3,7.14,a0552e3c-f48e-4f50-91b6-586f797b12c5,Utah,Desktop,False
6dc7f81d-a2da-4d1c-bfd7-d38a96f12cdb,2024-05-16,Account Update,AI Chatbot,0.66,Resolved,0.7,3,5.91,26966108-ebdd-4a24-af96-54be9bbb7aab,Utah,Desktop,False
e8c41efa-6b03-413a-bfb2-bbdf0b1439bf,2024-04-11,Password Reset,AI Chatbot,1.47,Resolved,0.26,3,1.05,472ec487-68b6-4a2a-ad79-1448715b8a65,South Dakota,Desktop,False
128129f5-64eb-4e28-baeb-64989f94b4af,2024-01-01,Product Information,AI Chatbot,0.8,Resolved,0.05,4,3.86,a26961e9-b26f-4416-90c3-e40b1157b0e3,Nebraska,Mobile,False
c54cd503-9d00-41e0-b3a5-c3710fc28a30,2024-05-27,Account Update,AI Chatbot,2.46,Escalated,0.42,2,0.71,850ad2cc-ea9d-4a34-b319-93118ba5007d,Texas,Desktop,True
9bc83f7d-e53d-416f-b61a-7bc3f6fcb810,2024-04-25,Product Information,Human Agent,11.18,Pending,0.72,4,7.44,48b4c67a-4bd2-4434-847e-eaba8be02384,New Mexico,Tablet,False
f8349b52-a79d-40f8-ba3d-2b3b9055d0a4,2024-06-23,Account Update,Human Agent,2.67,Resolved,0.61,3,8.46,d6f57b4f-5dfb-4dbe-bd54-4448b65e9721,Rhode Island,Tablet,False
bd25cc4b-3743-47b7-99c1-d9379dab8f02,2024-01-17,Account Update,Human Agent,5.65,Resolved,0.26,5,9.08,004be523-4f5f-45a7-958e-d532dd3d2d73,Virginia,Tablet,False
51b48568-f56c-432e-b581-51289445d1c8,2024-06-17,Billing Question,AI Chatbot,1.31,Resolved,0.3,4,3.49,787a1662-0fe2-48de-a370-924dbdc04af6,Washington,Tablet,False
88db8725-2759-409e-bcf8-90199c844638,2024-03-10,Billing Question,Human Agent,7.55,Resolved,0.17,5,8.64,4ea57489-58b8-45b3-a69d-a0aa4d85e194,Delaware,Desktop,False
9753bb14-090d-4e13-99ca-c056ab5f9061,2024-05-05,Product Information,Human Agent,4.35,Resolved,0.13,3,5.9,6a532fd7-a20f-4c22-b21d-ddeb3142e6c2,Ohio,Mobile,False
f7d1e6d1-e4cb-49c8-b340-e0e4a8f4c31c,2024-04-10,Technical Support,AI Chatbot,1.41,Resolved,0.78,2,2.25,dbeac5eb-b559-44b0-a392-733049b42b3a,Utah,Mobile,False
5be51be9-0763-4968-8c51-ffaf54dcf815,2024-01-12,Billing Question,Human Agent,7.67,Resolved,0.71,4,7.36,f4ed5a8c-d7e6-46a8-8a14-6f56c84931ae,Rhode Island,Desktop,False
46a3542a-0855-4c4a-af3a-e2499f6e6736,2024-02-12,Account Update,AI Chatbot,0.2,Resolved,0.06,5,1.27,772c5828-434c-4d50-ba0f-2ac4f0833325,Utah,Mobile,False
f427fc84-fb8b-44e3-83a4-e360066da4c0,2024-02-13,Technical Support,Human Agent,7.24,Resolved,0.42,4,7.12,79e6a1b4-5902-4502-8fc9-b09117962727,Pennsylvania,Tablet,False
f8a6e442-c823-4d52-8171-d6579698f597,2024-02-26,Billing Question,AI Chatbot,0.9,Resolved,-0.12,4,-0.06,509600c6-fce6-46ac-9d0b-6f99a55dbc2f,Wyoming,Mobile,False
b200d770-f5bc-4edc-9305-0e2e77850dbe,2024-06-10,Password Reset,Human Agent,1.87,Resolved,0.6,3,7.31,9ff82b36-82b3-4afc-a6fc-3899f87a96ff,Vermont,Tablet,True
8cc3bdd5-8cea-4ca9-bc95-f2fb5619f0b4,2024-01-09,Billing Question,AI Chatbot,0.66,Resolved,0.51,4,2.88,17ec6c8d-7c11-485d-afec-745ed0110a5a,Hawaii,Tablet,True
494e69e6-132a-4a36-bca6-54adc0fbe747,2024-01-14,Technical Support,Human Agent,10.81,Resolved,0.28,4,8.26,2e9d0844-ba0c-442e-a984-aeb17c0f5ced,Montana,Mobile,True
c6bdf38a-cfd4-48d8-8b41-91c51fcb487d,2024-06-27,Technical Support,Human Agent,5.22,Resolved,0.11,3,9.72,a7b23232-8500-4ddf-9185-a7666d4faa59,Illinois,Desktop,False
de47638f-74c8-479a-88df-a54340769326,2024-01-25,Password Reset,Human Agent,7.67,Resolved,0.6,4,6.62,83d6f33a-e689-4eb5-9440-917f846a788b,Connecticut,Mobile,True
1c12af6e-82bd-4ed8-a4c7-64e105a47039,2024-06-16,Billing Question,Human Agent,8.91,Resolved,0.66,3,8.82,71e3e1f3-e3fa-4e76-bf84-1c489dec0cff,California,Tablet,False
49873fb5-747d-4302-b8f6-533ed93d9646,2024-04-07,Password Reset,Human Agent,9.7,Escalated,0.26,3,7.36,d3449a45-102e-4248-b35a-3ee54524bf8d,Illinois,Tablet,False
fe9bfc20-287b-4325-bfc4-9c8d6a41ee4e,2024-01-27,Password Reset,AI Chatbot,1.26,Resolved,0.22,4,0.7,1e43c4dc-f742-47f4-a283-c66b28cc5246,Nebraska,Desktop,False
7a6d3907-ffc6-4543-9ef7-651463b10fd7,2024-05-06,Password Reset,Human Agent,3.7,Resolved,0.54,4,7.19,aa61d373-6e5b-4406-9b05-80901867ae04,Washington,Desktop,False
fbba0c40-3afb-4861-9b6b-39d45d2d387f,2024-03-09,Shipping Inquiry,AI Chatbot,0.9,Resolved,0.41,4,4.46,ad1fbfcf-6275-47a8-ad54-fc1e8ff602fb,Connecticut,Mobile,True
1a3caf0e-ddc0-4bf6-a125-013c18659675,2024-05-17,Technical Support,AI Chatbot,2.22,Resolved,-0.23,3,5.83,bba1fcbc-faa0-48c2-8a95-4ddf7f8c951d,Wyoming,Mobile,False
dc5d5fb6-bc15-4ed0-af59-852f855f7557,2024-06-07,Account Update,Human Agent,3.16,Resolved,0.19,2,8.25,53783cfb-8845-4cd0-8ab5-9f1605a56674,Oklahoma,Tablet,True
54aa116c-ce97-409c-8756-971466bd7bc2,2024-05-10,Account Update,AI Chatbot,2.69,Resolved,0.24,3,2.76,684c4685-2b54-4dcf-8518-457ce870807e,South Dakota,Mobile,False
67676fa7-6c17-4a83-8015-79374608acfd,2024-03-21,Password Reset,Human Agent,6.78,Resolved,0.18,3,5.9,1b6c2d38-dc65-4da0-958b-6e6dd62c04af,Kansas,Mobile,False
62582e10-db4b-47d3-a561-ed8242bb73e2,2024-05-04,Password Reset,AI Chatbot,0.75,Resolved,-0.05,4,3.73,f8780271-c2fb-47cd-9216-bcf2896b187b,Massachusetts,Tablet,False
652d5489-462b-4985-9b39-d552aa70fc45,2024-01-30,Billing Question,Human Agent,3.86,Resolved,0.1,2,7.87,d1426110-45bc-4467-99c6-fc7f226a20f1,Florida,Tablet,False
91a2229f-5fac-4b54-b871-3689b645dc6e,2024-01-12,Product Information,Human Agent,0.73,Escalated,0.15,2,8.93,5ae3a96e-e231-467f-b846-1b93e1ff02df,Mississippi,Tablet,False
fef55a9e-c693-4b4d-9c70-33aef947ed0d,2024-01-19,Shipping Inquiry,Human Agent,8.31,Resolved,0.68,5,6.4,518453f6-0e54-4983-be7d-b353514d7cbb,Connecticut,Mobile,True
d4d8fc1f-11ff-4e82-9f08-27a3767ea059,2024-02-04,Password Reset,Human Agent,8.17,Resolved,0.64,3,4.57,6c4f7c71-f183-4ffe-81ec-cc98dc41b218,Nebraska,Desktop,False
8947f0d0-616b-475f-aa63-64fb5b7bd993,2024-03-08,Technical Support,Human Agent,7.46,Resolved,0.88,3,6.61,347973c4-e330-4467-81e4-eb3c5af0a7e1,Idaho,Tablet,False
db2f15e7-68ec-4111-9ecb-856e84f1fa2e,2024-01-11,Billing Question,Human Agent,13.15,Resolved,0.4,4,8.18,af015b92-f51f-4006-945e-ec182bf63e93,North Dakota,Mobile,False
60f23c42-07fe-40b4-b0e7-2cc30720e1d6,2024-06-21,Account Update,Human Agent,6.71,Escalated,0.82,5,6.24,5b4600d9-c6c5-48f3-88e6-a26dc85cc79f,Vermont,Tablet,False
14de923e-eb9f-4a99-abfd-ae92978f6a1b,2024-03-01,Account Update,Human Agent,5.65,Resolved,0.38,3,4.85,beb4f852-1957-4ad7-a065-b6f692e4c628,North Dakota,Tablet,True
fb250e4a-ad8a-42b2-9a62-3db506450180,2024-01-09,Technical Support,Human Agent,1.39,Escalated,0.85,1,3.85,98c1a68c-72e2-4c08-b7a2-98351f5620bd,Idaho,Tablet,False
5bc93e51-d101-4156-9932-7686c3733c50,2024-04-16,Product Information,AI Chatbot,1.69,Resolved,0.05,4,4.09,4c744a43-a925-480f-a804-b7c5fa3afa2c,Georgia,Mobile,False
168cce44-ccc4-4d97-9eef-293d8dfbbdfb,2024-04-13,Billing Question,AI Chatbot,1.16,Resolved,0.56,3,1.74,18faf90a-0eb3-44c3-96f4-859836dbf61f,Arizona,Desktop,False
bf4e5f18-75da-4000-8d77-075f99fb1fca,2024-04-07,Password Reset,Human Agent,6.74,Pending,0.24,2,8.6,c5773b1b-f98d-474d-8c0e-421f0851f5b3,Ohio,Tablet,False
a528fafc-f0a8-4755-872b-c6a8ebff1879,2024-06-15,Account Update,AI Chatbot,2.48,Resolved,0.66,3,5.99,fcddc62f-5fd2-4cb5-b19e-f6acd2dfc9ee,Wyoming,Desktop,False
c4748338-4323-400d-a33b-7e73d0c7d497,2024-01-10,Technical Support,Human Agent,2.42,Resolved,0.82,3,7.12,cb32b4d4-344a-45a7-b191-93ce142d92d0,New Hampshire,Tablet,False
dba04c08-056f-46e2-b796-76a0124e157d,2024-01-18,Shipping Inquiry,Human Agent,8.67,Resolved,0.7,2,6.35,815b4102-64e8-4d8a-9e95-2a3b1bfc0b5c,North Carolina,Tablet,False
ba42a1f3-eeaa-41d1-a229-9837acc078c4,2024-05-16,Billing Question,AI Chatbot,1.98,Resolved,0.24,3,2.33,5e417f2b-f129-4f98-9a27-8d8e1bb4d70a,Minnesota,Tablet,False
eff76fcf-9c50-491c-bb3b-8569138a7a35,2024-05-29,Password Reset,AI Chatbot,1.46,Pending,0.21,2,2.78,4e8b2860-4fab-42f5-bc40-aa90facda3b5,Massachusetts,Mobile,False
6e055b9b-0b84-4f0d-a0ab-792e437407b6,2024-02-05,Account Update,Human Agent,14.49,Resolved,0.19,4,4.24,6524091b-aa32-49e5-a312-85d990016c95,Wyoming,Mobile,False
4dd18d5a-ec44-490f-a84b-6a8ab0259d28,2024-06-19,Product Information,AI Chatbot,1.41,Resolved,0.42,1,5.9,8753f1ef-91bb-4dbd-806e-567a3a9f00e5,Virginia,Tablet,False
5496d2bb-4e9f-4f40-bd79-443dd373fcdf,2024-01-23,Product Information,AI Chatbot,2.0,Resolved,0.19,3,2.5,05a6be3d-8fc4-4a5e-a7cf-bfcece4e6e44,Idaho,Mobile,False
c4e26da7-8479-478b-9726-b4b19bd476f2,2024-03-14,Product Information,AI Chatbot,1.7,Resolved,-0.02,5,2.06,e9b7a9a2-c639-4f55-affc-49b533ec618a,Vermont,Desktop,False
b574a22a-d9f1-4d7b-bc8c-420372d42eae,2024-04-03,Password Reset,Human Agent,11.21,Escalated,0.3,2,6.78,2d41edee-5775-4744-8341-d603e502538b,Louisiana,Mobile,False
f7d2be26-7f18-4215-84ce-1d465f30104e,2024-06-13,Account Update,AI Chatbot,1.54,Resolved,0.14,4,6.91,9fe41b27-d08b-4499-9b33-f37473d61d5c,Tennessee,Desktop,False
08951d8d-4731-4e71-8c0d-6ed967fecc43,2024-01-29,Billing Question,AI Chatbot,1.81,Resolved,0.44,5,4.68,470284ab-84ae-424c-bc7d-5706ef60b89b,Indiana,Desktop,False
c944720c-cd38-435b-b40f-caa20c6d722b,2024-05-15,Technical Support,Human Agent,3.98,Resolved,0.69,3,5.05,2ac5f3f8-864f-4111-b877-c1c0043c2eae,Minnesota,Tablet,True
d4d81867-15ea-4d48-a7a1-7a0516187001,2024-06-24,Account Update,AI Chatbot,1.61,Escalated,0.42,1,1.79,5eaca95b-75b2-4648-9515-4efe2cd6b169,Vermont,Desktop,False
ea67cab5-49a0-492e-8c23-0e132d49ae96,2024-04-21,Account Update,Human Agent,7.55,Resolved,0.29,3,8.1,cb9ec224-1716-4450-b2fb-4cc7c82e5a2b,Utah,Mobile,True
9e4e3142-9cf0-4a4a-b564-24760d9e8ca4,2024-03-20,Password Reset,AI Chatbot,1.06,Resolved,-0.23,4,2.73,467d8b52-c257-4d7c-8d6a-431c234ae7c5,Mississippi,Mobile,False
bb0f3463-0bf1-4e80-9af4-6f2ebb41dc2d,2024-05-21,Shipping Inquiry,AI Chatbot,0.68,Resolved,0.39,4,1.85,150d81f2-c822-4aae-9497-717c2db6a7b0,Minnesota,Mobile,True
f728eec7-d652-410a-96ed-249997f7d098,2024-06-09,Password Reset,Human Agent,4.65,Escalated,0.26,2,6.31,b8da7ba1-0175-49a6-85b7-b5108fbfbcdd,Hawaii,Mobile,False
72fd7a44-6dc8-4c36-b329-c696ce2dee3e,2024-03-18,Billing Question,AI Chatbot,2.02,Resolved,-0.17,3,1.76,56c549bc-1bf0-4fa6-aa05-6890c8d76e47,Arizona,Mobile,True
5d971e6a-d573-408f-8116-4ae32a2a4af5,2024-06-01,Billing Question,AI Chatbot,0.9,Resolved,0.53,3,4.79,9dbb3088-2783-46ec-acb1-801164bad1d1,Wyoming,Tablet,False
d96111c8-898d-4cc2-b474-a49b6759b42b,2024-04-21,Shipping Inquiry,AI Chatbot,1.1,Resolved,0.56,4,2.14,86fe408e-6eac-46b2-90eb-abc4a8ae2775,New Mexico,Tablet,False
0bbb650f-019c-4151-a2f5-6992debb25a5,2024-02-20,Shipping Inquiry,AI Chatbot,0.65,Resolved,0.6,4,1.51,ae47a3cc-51f1-4a17-9afc-e82cff4f17e0,Louisiana,Mobile,False
17390fdb-2319-48a7-a48d-b923e7a08923,2024-06-20,Product Information,Human Agent,4.81,Resolved,0.52,3,6.04,f9d26a14-53a0-4a44-89fd-588a243db2be,Delaware,Desktop,False
556a7e21-24bf-46ea-a4bd-ca3fb3c0aff9,2024-06-11,Technical Support,AI Chatbot,2.65,Escalated,0.61,3,7.3,b8ea7ba3-5110-4da9-8e21-e9c89865da2e,Kentucky,Desktop,False
bab9a0c7-9b5b-4641-a3c0-7349cb6a21a9,2024-04-11,Billing Question,AI Chatbot,2.12,Escalated,0.4,2,1.69,ba4b3092-ef4d-493a-9c29-e6bbe62e33f9,Texas,Tablet,False
0773a4a0-b8bc-4deb-8b05-59cbcfa5d2b4,2024-03-02,Billing Question,AI Chatbot,0.54,Escalated,0.61,2,3.18,2f5e388e-649e-462f-a6d2-7afb4e4f8868,Alaska,Mobile,False
03e57f6c-6d8c-4bd8-8c06-a6e2e85bb4e2,2024-06-22,Product Information,Human Agent,8.84,Resolved,0.82,5,5.92,e5ba0483-d0bb-4faf-9ca4-1c19931863b1,Arkansas,Tablet,False
23c0af8a-9e16-4082-9fdb-ba5361fee0eb,2024-06-26,Password Reset,AI Chatbot,2.02,Resolved,0.06,4,3.48,c5bfbd84-75c5-48fc-ac02-d2c09abd4147,Wyoming,Desktop,False
fabf9967-cf18-4223-a648-c0bb04b363a2,2024-05-03,Technical Support,AI Chatbot,0.2,Escalated,0.37,2,4.47,ba25afc4-045b-4ba0-aab4-813b720905e6,Texas,Tablet,False
efd713de-dbd2-46db-b4ac-119e7fdafe7f,2024-05-05,Shipping Inquiry,Human Agent,8.88,Pending,0.52,3,7.92,3b0abd90-63f4-41ae-b686-180b2c17b807,Minnesota,Desktop,False
e2b4be41-c566-4993-8b31-5c3c0ad34425,2024-05-20,Shipping Inquiry,AI Chatbot,1.5,Resolved,-0.1,3,3.47,2a735e20-a8b2-468e-b88b-798036920499,Mississippi,Desktop,False
b43a91da-42dc-4e3b-aedc-e841e7f75164,2024-01-22,Password Reset,Human Agent,8.2,Resolved,1.0,3,6.27,6dc33edc-5dd2-42cc-b7a1-e0b827874641,Alaska,Desktop,False
8976dad1-5702-4a72-bbd0-9108f14d9650,2024-01-27,Product Information,Human Agent,7.57,Resolved,0.61,4,8.26,8423b38a-e2c1-426c-88e7-c03035c51a70,Rhode Island,Mobile,False
41a46310-2634-4474-8039-0734f660b93d,2024-04-09,Password Reset,Human Agent,11.41,Resolved,0.32,4,7.24,1cfb0030-8bf9-4b1d-bc44-ac19c2556cb3,Illinois,Desktop,False
8c4038dd-ff4f-453f-bc8c-090c7e19cc13,2024-05-17,Billing Question,AI Chatbot,1.24,Resolved,0.04,4,2.67,2c956f02-decc-443d-943f-ceb56bc6b688,New Jersey,Tablet,False
8b3be4af-7757-49e8-889e-9471a96f24bc,2024-06-14,Product Information,AI Chatbot,1.7,Resolved,0.43,3,2.46,5d28f2f7-f7da-403a-8f96-393d467c4012,Hawaii,Mobile,False
66982e2c-763d-4fa9-a06c-637660c52444,2024-04-17,Billing Question,Human Agent,7.5,Resolved,0.22,5,7.69,d7bb8f16-d197-474f-a3c9-2cff78ce59b4,Missouri,Desktop,False
cc97ae20-8009-4f13-8f5d-d0b87c247f3b,2024-06-01,Billing Question,AI Chatbot,0.75,Escalated,-0.06,4,2.55,f3392445-c2fb-4d50-a39b-7837533df0fe,North Carolina,Desktop,False
e51a46c3-1332-4a29-84e5-67739fd517ef,2024-01-04,Account Update,Human Agent,3.05,Escalated,0.16,4,7.69,88e7b9ca-e005-4890-b388-456cf2121fc0,Arizona,Desktop,False
af8fbc26-ef1e-4956-9891-ed0821954958,2024-03-19,Password Reset,Human Agent,7.34,Resolved,0.16,4,6.71,8dee7823-cd4e-4e4e-a7fa-7f36a920b107,Florida,Mobile,False
ddfa5819-cf8a-4a4a-b772-aae5b527389a,2024-02-26,Shipping Inquiry,AI Chatbot,0.2,Escalated,0.1,4,3.79,bb9018ae-06cd-4c4b-b8ec-cbf9c81ac979,Tennessee,Mobile,False
03ef53ad-98b8-4aab-b252-3b030e23c3db,2024-04-22,Shipping Inquiry,Human Agent,6.07,Resolved,0.59,3,5.61,cd6ad6d1-098a-4d90-86e6-977e4de69d18,Oklahoma,Desktop,False
f5b72be2-6e86-4862-907a-22aab153b0ac,2024-02-07,Password Reset,Human Agent,6.1,Resolved,0.16,3,9.23,b66048c1-2195-435b-9e88-c1a7445cb9ab,South Carolina,Desktop,True
2ab5ab4d-f0dc-4f51-ad37-1964575f6364,2024-02-17,Billing Question,AI Chatbot,1.43,Pending,0.24,2,1.83,e6a581f6-8b80-41ce-9693-b2a906947490,Alabama,Mobile,False
0599dcbc-81b6-48e4-a584-f58ffba914e4,2024-04-27,Product Information,Human Agent,5.63,Resolved,0.25,5,7.38,050fc5c6-879c-41ba-bb87-a827c008379e,Nevada,Tablet,False
89032e1b-a436-420a-b6e7-8a5050f12211,2024-06-24,Billing Question,AI Chatbot,1.08,Escalated,0.4,1,4.64,60ad2d71-67f5-4638-93a4-c98554f0536b,Mississippi,Mobile,False
6f7d510f-b0ca-4737-9657-247e9cd5fad8,2024-01-17,Billing Question,AI Chatbot,1.78,Resolved,0.03,3,3.36,082a18d7-787e-4a49-9994-788fb49c2a9c,Arkansas,Desktop,False
d254cf9e-a2b6-4b9e-99c5-d965f2d84a39,2024-05-24,Product Information,AI Chatbot,0.95,Resolved,0.12,3,1.64,18f75dbe-bf58-4a3d-998a-a25847b71c4f,South Dakota,Desktop,True
a55c182c-cba5-487e-8529-81a89e27f83f,2024-06-15,Password Reset,AI Chatbot,2.81,Resolved,0.11,4,4.1,9580930d-4436-4425-8b33-996c79136d48,Minnesota,Tablet,False
9f5f7dc4-ab10-4136-ae77-07a5573b9218,2024-05-30,Account Update,AI Chatbot,0.77,Pending,0.25,4,5.3,3f4e85c7-4b49-441f-848a-56a921b0dd8c,New Hampshire,Desktop,False
0b17bdee-d3ea-4c24-aabf-0fdef6380938,2024-02-14,Shipping Inquiry,AI Chatbot,0.8,Resolved,0.24,4,2.76,23e9c3ed-61bb-4fc7-9a5d-7290c2ce048a,Nebraska,Mobile,False
a21de23a-b308-4ae3-b475-bc64439be848,2024-05-06,Technical Support,Human Agent,10.06,Resolved,1.0,5,3.5,44e890ac-2c24-4b8e-82ab-605da547e66c,Idaho,Tablet,False
3b79dc7c-46ab-4014-bc82-d8fe4eed04ff,2024-03-23,Product Information,Human Agent,5.26,Resolved,0.48,3,3.15,e46a592a-cb6e-469e-901a-9024b260155e,South Dakota,Desktop,False
45c78354-af3d-41a7-900d-4cc03ccee104,2024-04-08,Account Update,Human Agent,10.46,Resolved,0.24,2,2.75,ed5a825e-212d-4bca-af81-599c68255853,Illinois,Desktop,False
3af2850f-5b6b-42b0-a4e4-02c3dff0bd8a,2024-04-19,Technical Support,Human Agent,7.04,Resolved,1.0,2,8.1,e547a3c3-1d10-4b7e-ab6c-c3aedb28461d,Montana,Desktop,False
043d4777-4420-47b4-b636-b333f7f10866,2024-05-23,Password Reset,Human Agent,8.03,Resolved,0.62,3,7.5,e139365d-08c3-4e84-b0af-a45b6181ca93,Vermont,Mobile,False
7bb72e9a-01ee-4874-ad3d-776c845897e1,2024-06-23,Technical Support,Human Agent,6.29,Resolved,0.63,2,6.02,4b912106-dcc0-4b0f-bb4d-dddce3545de7,Illinois,Mobile,False
26dd182c-3cec-4bbd-b1ab-7197b545f5b9,2024-06-01,Billing Question,Human Agent,2.78,Resolved,0.01,4,8.7,a5c62e3d-8f1c-4530-9a98-ef1ef98ec7bf,Delaware,Tablet,True
f42c4a97-af2e-4be2-8dd3-118a8b3ff578,2024-01-02,Shipping Inquiry,AI Chatbot,2.79,Resolved,0.02,4,1.94,332bb10d-0f5a-4bfe-8cbf-2291743bae62,Oklahoma,Desktop,False
e8cb2005-ae77-4169-96ec-461bc042aa03,2024-06-10,Account Update,Human Agent,5.65,Resolved,0.44,2,6.07,2cc0c7e8-e1a0-45e5-89cb-12f79f9310ec,Oregon,Tablet,True
6893b88c-7ae0-4c0c-9b0f-9311f7b3d7dd,2024-06-04,Shipping Inquiry,AI Chatbot,1.33,Resolved,0.35,4,1.25,c3cc2d05-d053-4ebb-befc-f6a1cd03f4aa,Hawaii,Tablet,False
3be8676b-9ee7-4bcc-aed5-6318d0184e52,2024-06-04,Shipping Inquiry,AI Chatbot,2.18,Resolved,0.2,4,3.03,b84ab091-cc75-4cc5-b530-bfea73afa247,New Jersey,Tablet,False
2aa43245-de7f-483c-9e8c-db736fc40e7f,2024-04-04,Product Information,AI Chatbot,2.4,Escalated,0.27,1,4.63,a801af7e-77e9-4bfa-9cf0-dbc16e0be7a9,Illinois,Desktop,False
b379d311-1fa2-4914-a223-e153925b041d,2024-02-02,Product Information,Human Agent,12.4,Resolved,0.26,4,4.94,ec97fadd-3cba-47ea-8d7a-eb4d52b03ca6,Texas,Tablet,False
e37c687e-a498-4304-be84-367d8a0d5f51,2024-02-24,Product Information,Human Agent,6.27,Escalated,0.29,1,6.91,c6a96bca-990d-49c4-af41-da31119a27e8,Connecticut,Desktop,False
dddc7ae6-99b2-45a7-b472-d8e32878bb66,2024-05-01,Shipping Inquiry,Human Agent,5.59,Resolved,0.99,4,4.43,778a7c92-0903-49c4-9b96-7275cd9c4fbd,South Carolina,Desktop,False
2a93c57d-37d1-4229-9dc7-b2bc8e298342,2024-04-15,Password Reset,Human Agent,0.92,Resolved,-0.1,4,7.26,d8bdc511-d857-4268-b87c-566d647cc29f,Kentucky,Tablet,False
411b5170-9010-429a-b443-90eaf3561fc5,2024-05-05,Password Reset,Human Agent,8.2,Resolved,-0.19,3,5.97,145a505f-5282-4b43-8fe9-e31551e1b6bd,Nevada,Mobile,False
bc4474cb-53d9-4199-a2a7-275a37c4e92c,2024-02-25,Shipping Inquiry,AI Chatbot,0.26,Resolved,0.08,4,1.39,0e48b443-4dcc-4655-9b12-9a5f73145f27,Arizona,Desktop,True
3577a38c-a39f-4a26-a17a-d0716f9f1098,2024-03-11,Shipping Inquiry,AI Chatbot,1.03,Escalated,0.69,2,1.87,f122bd2b-1407-4e7a-849e-a0692077890a,California,Desktop,False
8c9555cd-5c76-4641-a6a1-1d13d7d0485d,2024-01-03,Technical Support,Human Agent,7.92,Resolved,0.55,5,5.74,203624fe-143c-4fbd-b6d7-601d96a977ef,Pennsylvania,Desktop,True
d524d52d-23a9-4f7e-814a-02eb36ded661,2024-03-31,Password Reset,AI Chatbot,1.76,Resolved,0.06,3,3.3,c1dafdb1-ea01-4dda-bf2a-1a9f15d5082d,Delaware,Desktop,True
6f858011-3343-436a-82ee-8f148708cd2d,2024-02-16,Shipping Inquiry,AI Chatbot,2.43,Resolved,0.36,4,2.32,ebf41b95-ea85-4022-ace1-1563e49371b9,Tennessee,Desktop,False
cbcada14-d22c-4f96-8b66-4a9b5e332481,2024-06-03,Billing Question,Human Agent,6.97,Pending,0.85,3,6.9,7d7352fd-0bd0-4dc0-9c72-bad74fa0495b,Washington,Mobile,False
6fec682c-41ef-4593-8693-082dc1af4eb1,2024-02-01,Billing Question,Human Agent,10.98,Resolved,0.29,3,6.96,84818a59-52ac-4697-a5b0-796de9913ddf,Montana,Tablet,False
e4a8b280-5e83-4585-b447-e39f58ca5a28,2024-02-04,Technical Support,Human Agent,5.13,Resolved,0.58,4,6.49,df305c61-a3bc-44ea-869f-72816febba96,Colorado,Desktop,False
934e86e0-ae90-40c8-9ba9-ec925a881d9d,2024-04-18,Password Reset,Human Agent,8.69,Escalated,0.37,5,6.67,7a123060-5e5c-4a04-b389-ad6e34724884,Pennsylvania,Mobile,False
6e1d609a-d066-4d54-a5c1-63f5497104c5,2024-02-27,Product Information,Human Agent,11.42,Resolved,0.43,3,9.43,d2333ea6-5605-4bf0-b659-180c30305a2f,Nevada,Desktop,True
3257c07f-6749-4983-a0c3-32124329d88e,2024-04-08,Shipping Inquiry,AI Chatbot,1.81,Resolved,0.38,4,2.02,936edc9b-8606-4de5-b7fc-8a2b8cff7af2,Wisconsin,Desktop,True
24728028-4846-4af8-adfa-88ae2b4143ce,2024-04-20,Technical Support,AI Chatbot,0.38,Resolved,-0.27,5,8.29,bcce8dce-1d7b-4d8f-ac20-ec699a64f4f2,Vermont,Desktop,True
23db23c4-2a65-46ed-8efc-8071890d08ac,2024-02-16,Product Information,Human Agent,6.32,Resolved,0.76,3,8.12,da9088bc-f733-491e-9ef3-c2e94bd06238,Tennessee,Desktop,False
2cc2f955-9928-412e-a78f-a059952a6bf0,2024-01-14,Account Update,Human Agent,7.26,Resolved,0.13,4,7.38,f9970fce-28fa-457f-8f33-ab1de235cbce,Hawaii,Desktop,False
716b6b70-4dfb-4840-9ba6-25b975b9e13b,2024-01-06,Billing Question,Human Agent,6.14,Resolved,0.75,3,5.05,31ef373a-08b8-4aa2-8907-0076fe84ffb1,Georgia,Mobile,False
07d768b5-c9d7-4b4f-89b5-ba34ffc8d68b,2024-05-09,Product Information,AI Chatbot,0.73,Escalated,0.05,2,4.04,be895c7a-d02c-4ece-8c8b-980cad699ecb,South Dakota,Desktop,True
ac96a08a-b94d-4820-8967-6b0e6cf7ae9d,2024-05-16,Password Reset,Human Agent,8.09,Escalated,0.9,1,9.28,0bb42bb7-5b2a-4a44-a45e-b4176dd9221f,Oklahoma,Tablet,False
3e480ac3-503d-4fac-8992-038195fbfa2c,2024-02-23,Shipping Inquiry,AI Chatbot,0.94,Resolved,0.19,5,1.94,87b749d0-4144-462d-b334-eac2c9a4c866,Florida,Mobile,False
18cd8692-0f35-4fb7-b775-68b2eb3a40a2,2024-03-22,Product Information,AI Chatbot,0.88,Resolved,0.19,4,2.85,1e61fb66-f3af-4af6-a316-8d2bac9a9677,Delaware,Mobile,False
9018a776-30d6-4ebc-a504-98ec1c8db802,2024-02-28,Billing Question,AI Chatbot,1.91,Resolved,0.69,4,4.12,57fe0d93-c3e3-45d5-828d-783afa49b1c7,Maryland,Desktop,False
58bcf232-3b4d-4da3-b475-af331361606f,2024-03-14,Account Update,AI Chatbot,1.6,Escalated,-0.11,3,4.42,8ed6a617-f610-4239-b93b-b8ac6ed92766,North Carolina,Mobile,False
216e7f73-e46f-4689-8881-2883dfa08236,2024-02-27,Technical Support,Human Agent,8.37,Pending,0.35,3,9.68,18a9ed7a-95f3-4ecd-9e3c-b222318240c7,New Mexico,Desktop,False
ee2e574d-a846-411b-ba61-49ef42330475,2024-05-28,Product Information,Human Agent,9.39,Resolved,0.09,3,9.12,ed07042b-4247-4fc6-9a8b-bfb63e8c1a24,Maryland,Desktop,False
481d3c6e-6e17-447a-ac88-71a6b1ac7954,2024-03-16,Password Reset,Human Agent,4.5,Resolved,0.65,3,5.21,fa6ce324-d1a9-42bf-afbd-50fa3ac7aabe,Michigan,Desktop,False
dcbfcfa5-cd46-4a35-a95c-6bbe892f80e2,2024-01-29,Product Information,AI Chatbot,1.91,Escalated,0.02,3,2.8,c55d8e73-ffba-4fa9-a06a-26d85901dd76,California,Desktop,True
a65306ec-0e05-421d-a146-4e133f470896,2024-03-01,Product Information,Human Agent,11.44,Resolved,0.52,3,7.29,9947beda-4c17-4d22-94b8-a3343915ef41,Minnesota,Tablet,False
f86e0352-b97f-4529-84ba-6717a35fab97,2024-02-01,Billing Question,AI Chatbot,3.25,Resolved,0.13,4,1.58,f067937f-4f22-4088-82bb-b640547270be,Alaska,Mobile,False
fd157f1c-fb50-4edb-a410-b0c0bb83080b,2024-06-18,Password Reset,Human Agent,8.44,Resolved,0.6,4,7.25,4fc78a58-00ea-4154-b5fd-8a6eae204df7,Colorado,Mobile,False
787eea10-9248-4354-8024-477d63fcadc7,2024-04-28,Password Reset,Human Agent,5.84,Escalated,0.55,5,5.59,5c71a055-8863-4a08-a103-4e124cabb596,Missouri,Desktop,True
978c9727-4c37-493a-b1ad-f7537eaa5f63,2024-06-14,Product Information,Human Agent,1.8,Resolved,0.73,4,6.73,ac9db8cc-7bce-47c6-ac8e-6685f7a80fc1,Nebraska,Mobile,False
99885a49-580f-4e95-9c11-4774800e7b01,2024-04-21,Password Reset,AI Chatbot,1.25,Escalated,0.23,4,2.66,98524aed-4616-4d65-bb04-131d4a3a4d76,Wyoming,Desktop,False
05de6424-b617-40e6-801a-da572566a257,2024-05-13,Account Update,Human Agent,6.23,Resolved,0.35,4,6.93,ec6ec0f8-aaba-42a5-88ab-383cc1119e56,Kentucky,Mobile,False
9cd53071-b9e5-4bfb-8b92-43ca1fb98a3c,2024-06-09,Account Update,AI Chatbot,0.77,Pending,0.61,2,3.74,4e75be17-3c6b-4490-a773-bf9b35763e2d,Indiana,Tablet,False
1b998132-b7ba-4873-8dd5-f0dcdb240532,2024-06-14,Technical Support,AI Chatbot,1.43,Resolved,-0.27,4,2.58,c70aec5d-f76a-4056-aa10-3140e7de28c6,Arkansas,Desktop,False
f58f2d04-e662-4867-8d4a-1e9d3f4b8248,2024-04-28,Account Update,Human Agent,8.59,Pending,0.34,3,4.95,aa83c73f-2fdc-48ae-a39b-a4a9a07f72a8,Oklahoma,Desktop,False
86e89aa4-c034-4d96-b4ec-2430c556418f,2024-04-04,Product Information,Human Agent,3.16,Resolved,0.39,5,7.3,1805158e-df71-427c-aefa-81b5e172de7a,Wyoming,Mobile,False
b26fe17b-a6f5-465c-9379-a9ba85e464da,2024-04-06,Password Reset,Human Agent,6.73,Resolved,0.36,3,6.32,ee3c54ee-383d-4ff1-9ac0-b07c71301a5b,Massachusetts,Tablet,True
8a240111-29aa-42ba-b372-6e66863fd345,2024-01-23,Password Reset,AI Chatbot,1.76,Resolved,0.09,4,1.7,6574528d-f188-413e-9368-4d1eddd30d1a,Kentucky,Desktop,False
b9490075-f48f-4fcc-8d7c-0d064fb2757d,2024-01-29,Billing Question,Human Agent,7.84,Resolved,0.48,3,6.67,f13d4ebc-e7ac-4cf8-a789-be49267b034a,Louisiana,Tablet,False
6afbdfa9-0b9c-41fc-afb9-dc2e5c9b608e,2024-01-04,Account Update,AI Chatbot,1.62,Resolved,0.39,3,3.5,343f292e-f480-46c2-9952-263c29249f9a,Florida,Tablet,True
522b70b9-cac7-4985-9056-de1bbdfa94cc,2024-06-07,Password Reset,Human Agent,7.83,Resolved,0.03,4,7.24,2e8112eb-7881-4ea7-87a2-6b9a5220f1b9,Delaware,Desktop,False
cf1c17be-6566-4c2f-aeae-24f6a981e942,2024-06-07,Password Reset,AI Chatbot,1.4,Resolved,0.2,4,3.16,bcc65fd9-3a99-4973-9a77-708cee06af06,Massachusetts,Tablet,False
79f70ccb-8c2e-45d3-92bc-1a79bec8ba10,2024-04-13,Shipping Inquiry,AI Chatbot,0.91,Resolved,0.29,3,4.76,10d69354-6825-461c-a7d1-a29c8cd1744e,South Carolina,Desktop,False
fc9dc0ec-2963-4943-9f97-bba521943bdc,2024-02-29,Technical Support,Human Agent,6.09,Pending,0.48,3,7.44,38e3c582-579c-4ffd-9ec6-43036df0c315,Kansas,Desktop,False
a4fca681-a0f0-4eb3-8075-8daef3acca86,2024-04-07,Billing Question,AI Chatbot,1.92,Escalated,0.13,2,1.26,400cadfd-04e5-4201-a746-b311dab8b833,Iowa,Tablet,False
2cf6822c-7f8b-4d57-81ec-553ee86e8098,2024-02-02,Account Update,Human Agent,4.41,Resolved,0.61,5,8.03,b7e00177-2c90-4dda-aaaf-8ba18aa9c004,Arkansas,Mobile,False
b555f4bb-64e2-46d5-802f-76823257ccba,2024-04-02,Billing Question,Human Agent,9.28,Escalated,0.62,3,6.36,a665ce9e-0469-4c0d-8dd3-bde75d66a4bf,Indiana,Tablet,False
88a94356-e95a-4ecd-8487-2754483af54a,2024-03-07,Technical Support,Human Agent,5.38,Escalated,-0.05,2,7.56,ebda5e4f-dbcf-4706-a0d1-a2601f753c03,Alaska,Tablet,True
ac41f101-6f49-4c6f-972f-0c4ad23e3eff,2024-04-27,Password Reset,Human Agent,13.51,Resolved,0.16,4,7.0,305ded3c-f672-451f-a360-cedc5541673d,Florida,Mobile,False
cfbe61ff-49e9-46dc-8c5a-30058a95de38,2024-06-04,Billing Question,AI Chatbot,1.48,Escalated,-0.13,2,5.35,22f64666-a558-4bd4-88e3-6aff12fef5cf,Kentucky,Tablet,False
485d0eed-42f9-427c-bbf6-8c6928ceb677,2024-05-18,Technical Support,Human Agent,5.24,Resolved,0.17,3,4.22,56685ef4-9046-409c-bf8e-83d9f580b6f6,Maine,Mobile,True
c410d291-4429-46bd-9432-9cee111dd864,2024-04-03,Password Reset,AI Chatbot,1.19,Resolved,0.26,3,1.12,f42d3f9a-2eed-428f-80ce-2746ff70c606,Wisconsin,Desktop,False
1118a392-a09f-45f5-b70b-6e420ee05e8c,2024-02-23,Product Information,AI Chatbot,1.29,Escalated,0.42,1,6.43,c19adfd6-5d1f-43dc-9c31-2dd0b2357e68,Arkansas,Mobile,False
b9805b82-1628-44e6-8433-4eb59485656a,2024-05-03,Shipping Inquiry,Human Agent,7.16,Resolved,0.54,4,5.47,0ed96a4a-f2a0-40b5-a1e4-154e3d3950b4,Montana,Mobile,False
e0ed9d72-79da-473d-ae38-2bcf47110385,2024-05-28,Product Information,Human Agent,12.06,Resolved,0.61,4,7.39,d39b29ab-0652-494e-a725-253c6f7b5b90,Illinois,Mobile,False
74d82646-9338-4493-86b6-cfd5d99fae3a,2024-02-25,Shipping Inquiry,Human Agent,4.66,Resolved,0.54,4,8.52,89129b94-fd60-4f88-9bc1-0536722b6dbd,Utah,Mobile,False
0c1475b0-c8ae-4272-9280-eaba485ea9f4,2024-02-13,Product Information,AI Chatbot,0.99,Escalated,0.1,3,-0.03,a2d8ad1d-2d44-47d6-b228-ab1e280d4102,Massachusetts,Desktop,True
5caf9057-2d5c-4490-8855-d44ae1bbe941,2024-04-21,Password Reset,AI Chatbot,0.84,Resolved,0.44,4,4.9,c6a194da-337a-4075-9900-e09615380aa2,Louisiana,Mobile,True
5494e320-1213-4e1a-9372-465d626836b0,2024-04-28,Product Information,Human Agent,10.65,Resolved,0.76,4,7.24,8b2b0ecf-a05a-4b46-9f5f-7f0d3bec44a2,Arizona,Tablet,False
000e7246-5c5a-4129-864b-0cc4e36088ad,2024-05-26,Password Reset,Human Agent,5.89,Resolved,0.16,4,7.48,155a08a4-5fc6-4a9e-a238-469abf4787a9,Idaho,Mobile,False
7dc1494b-6d9e-4e1e-aaed-d947fab39ef0,2024-05-11,Technical Support,Human Agent,9.01,Resolved,0.58,2,4.82,ba8c77d4-2d3d-473b-8c69-769f8cd00f24,Georgia,Mobile,True
e2ecc2db-9c5f-42f6-a99b-8e10bdd9f18f,2024-06-15,Account Update,Human Agent,6.0,Resolved,0.82,4,6.63,b22b4d4c-8918-4809-8a19-307f58f953a6,Montana,Tablet,False
843164a2-a996-4926-955d-d057f93b32bc,2024-05-13,Technical Support,AI Chatbot,1.44,Resolved,0.47,2,1.36,3200fc99-0663-411f-915c-dfa5540b2127,Alaska,Mobile,False
3c66c04f-d523-4b04-b0c2-8a672955de97,2024-05-09,Account Update,AI Chatbot,1.54,Resolved,0.7,3,2.06,c70c9bb3-1269-415c-912f-7555935f4413,South Carolina,Tablet,False
9671e5ec-6d4b-47c7-bcd8-3293252414b1,2024-04-15,Shipping Inquiry,AI Chatbot,1.33,Escalated,0.21,4,5.18,c99f4e9b-34cc-48bb-af2f-11c94a74c34c,Tennessee,Desktop,False
95681ff8-1104-4649-9aed-245c34791b68,2024-03-22,Billing Question,AI Chatbot,0.66,Pending,0.51,3,3.22,66505829-41c7-4ef4-b973-d743453889ba,South Carolina,Tablet,False
3721ba25-4922-4ad3-b45a-2cd057f5170a,2024-05-28,Product Information,Human Agent,6.61,Pending,0.7,3,6.62,15ad9317-6a03-453f-a026-4732c7d12113,California,Desktop,True
038e87ab-1f13-41ee-b2ce-e8d961064072,2024-04-14,Product Information,AI Chatbot,1.13,Escalated,0.6,1,0.07,f086e703-b4cb-42a9-88b2-388e9aab0ce9,Connecticut,Desktop,False
9dd268c7-537d-4b9d-b77f-d4095f559255,2024-03-11,Technical Support,AI Chatbot,1.34,Resolved,0.5,4,5.2,3d8cb7ce-4772-4262-8ec4-fc9d60e8f08f,Florida,Mobile,False
af64ea6f-2f07-4fc0-818e-3c3a727d0b22,2024-06-09,Account Update,Human Agent,10.63,Resolved,0.39,3,7.62,1dfeedc3-aee0-4d27-9d66-8d71079ce64a,Vermont,Tablet,False
46ef6914-2710-45f5-847a-4f3af57af930,2024-05-31,Billing Question,AI Chatbot,0.39,Escalated,0.32,1,5.71,26955606-f76b-4ab9-bd2d-dc3e4afa17fc,North Carolina,Tablet,False
ec6b2044-3f09-415c-aa1e-29582e9073ed,2024-05-05,Technical Support,AI Chatbot,1.6,Escalated,0.32,4,1.18,b7fbce7d-6c87-4a44-bcdb-2fe318c5c843,Nevada,Mobile,False
8b68a574-1830-48eb-b2dc-f601e978fa16,2024-06-09,Technical Support,AI Chatbot,1.72,Resolved,0.35,4,3.58,d394266c-0eff-4aee-be53-e1d03ec753d6,Georgia,Mobile,False
494dcdc5-7022-48a1-97e7-0428470e518f,2024-05-15,Technical Support,AI Chatbot,2.08,Resolved,0.87,3,1.84,5aee99f8-711f-4584-8854-47deddf92961,South Carolina,Desktop,False
cc8bdc70-2f4b-4afc-b8df-d5ecaf5d3309,2024-02-27,Shipping Inquiry,AI Chatbot,1.05,Resolved,0.3,5,0.61,48f9ce91-77d4-4ac1-8fac-7df63b72d21f,Arizona,Mobile,False
3687ff31-cc51-48a2-a1c4-f24124abb918,2024-06-06,Product Information,AI Chatbot,0.46,Resolved,0.35,5,3.32,7aefab19-e189-4a6e-85e3-69f3554d028b,New York,Tablet,False
29a89a72-2df9-4e0e-8ab5-4e624028d5b0,2024-02-20,Account Update,AI Chatbot,2.16,Escalated,0.14,3,1.95,8735f7b5-2b17-4e3b-9e6e-e06b1b96fc1d,New Hampshire,Tablet,False
aec3c037-036c-4c79-83f7-815a59fb0536,2024-06-01,Shipping Inquiry,AI Chatbot,2.34,Resolved,0.06,4,3.08,8ac5b0f9-5ba0-4250-94cd-1a4c13661545,South Dakota,Tablet,False
82caac6c-fa2b-4add-b952-71210b017daf,2024-05-27,Product Information,AI Chatbot,1.28,Resolved,0.34,3,4.57,e7ef1ef6-a39c-4a95-9d5f-3e236e9225ee,Hawaii,Tablet,False
96eb4a43-469e-417a-a7d8-4417d12a5e40,2024-03-17,Password Reset,Human Agent,3.91,Resolved,0.14,4,4.37,0259be2d-76a0-4627-ac17-953c7c84d793,Florida,Desktop,True
385033d0-29ba-4612-8059-96905e0a825d,2024-04-01,Product Information,AI Chatbot,0.78,Resolved,0.26,4,3.21,4411437d-c469-4907-9989-83d9c4ca2a8c,New Hampshire,Desktop,False
1ae2e709-8b56-4ac3-bc7c-c304b857c4e0,2024-01-25,Password Reset,Human Agent,9.08,Escalated,0.45,3,7.42,72b08897-cb84-4281-adbd-ee82b72fa151,Arizona,Mobile,False
0844a7c4-d469-41a1-922f-799056619c14,2024-01-27,Billing Question,Human Agent,6.86,Escalated,0.29,5,7.99,66312e7f-4b44-4054-af88-24ab5172a739,New York,Tablet,False
aaee3aff-a166-4fad-9168-837e901f8940,2024-02-03,Product Information,Human Agent,5.65,Escalated,0.65,4,7.19,63b19c50-f584-4a26-a4b1-7ea2a799134d,Florida,Mobile,False
b92559b0-af6e-4461-8195-c1a89988cf88,2024-02-26,Product Information,Human Agent,11.53,Resolved,0.77,3,7.36,782f0a34-bba1-447d-80f1-040cb8b9e329,Arkansas,Desktop,False
85b61a33-d6ae-4386-be11-bdb55aef4dc7,2024-03-12,Billing Question,AI Chatbot,1.9,Resolved,-0.2,3,3.33,34f19483-7eda-4223-acd9-2c4de44f0ae9,Tennessee,Desktop,False
22c75b86-0a72-4db1-8d5c-c99790bd4b6d,2024-05-22,Billing Question,Human Agent,6.29,Resolved,0.44,5,7.61,803e8240-7d42-4a89-ab63-888cf8c2400f,New Hampshire,Tablet,False
6f3e362b-7e7e-486e-9e3e-16d14e0d9680,2024-04-12,Password Reset,Human Agent,3.74,Escalated,0.63,1,5.64,6fe02fd3-2f28-45db-8a73-b68f61d51f94,Texas,Tablet,False
ccd46e6d-e57b-41d7-8b7e-41a9196e4ae1,2024-01-01,Shipping Inquiry,Human Agent,7.37,Resolved,0.26,2,7.21,5e209fae-6e2c-4d01-ac34-c6c4b27cee65,West Virginia,Mobile,False
8a2e052f-1109-485e-a7bf-1045f5dad5b9,2024-03-24,Billing Question,AI Chatbot,1.35,Resolved,1.0,3,1.92,b1fe5921-7aec-4bd8-bd10-326d00786435,Maine,Mobile,False
f5bf7fe2-d8b5-476f-a6e5-24d78714fa0a,2024-02-21,Account Update,Human Agent,9.8,Escalated,0.82,3,6.3,0e771ff3-37bb-4034-916b-1c8584076afc,Georgia,Desktop,False
ba70f9f7-a2bd-4611-a1b9-0fe1b952c2ba,2024-03-05,Technical Support,AI Chatbot,1.82,Resolved,0.22,3,3.11,cd2b2f7d-4d6b-405d-8f1c-85ebd77a46f3,Tennessee,Tablet,True
5d5593da-b10a-4632-b293-2ede16c861be,2024-02-17,Account Update,Human Agent,7.34,Resolved,0.55,4,7.87,2d256916-a2a0-4ff3-b394-4691d9443046,New Jersey,Desktop,True
8654b880-1127-4d4e-92b6-175bcbdeb28e,2024-02-12,Product Information,Human Agent,3.79,Resolved,0.6,5,6.21,5c9401ff-ee9b-4ae8-a99b-5db40f82e756,Kansas,Mobile,False
14c28065-d138-4208-85df-f8643e359480,2024-01-14,Account Update,AI Chatbot,2.03,Resolved,0.49,2,1.8,793dbe0c-0f57-4864-a3ba-b79bf4a10acf,Texas,Desktop,False
ac97fb60-9edc-425a-804c-ecc9e111b3a2,2024-04-18,Shipping Inquiry,Human Agent,0.77,Escalated,0.26,2,8.64,4b3b45df-7322-41b1-82c0-858d25bd7c5b,Arkansas,Tablet,False
ed6aac63-93b2-4533-8574-42bce44411ef,2024-03-22,Password Reset,Human Agent,4.34,Resolved,0.09,4,9.05,2f7bb3d1-6856-4e55-9655-c07cee10cba2,Mississippi,Tablet,False
abf34d57-17ba-4dc5-8237-20c37c90c067,2024-05-18,Billing Question,AI Chatbot,2.29,Resolved,0.28,2,2.2,256d47e3-457b-4ede-94c0-27df13351724,Mississippi,Mobile,False
76589661-1702-4ecf-bdb2-316276af2952,2024-06-26,Product Information,Human Agent,4.71,Resolved,0.75,4,7.33,fa41822d-c733-4221-9231-14af7365977d,Wyoming,Tablet,True
ebf6149e-2ce3-4e01-adc2-5099f4855611,2024-02-17,Product Information,Human Agent,10.09,Resolved,-0.08,4,7.97,5960f246-1f98-45da-8105-8c33448effff,Texas,Mobile,False
22a6856e-3d37-4e42-b7b6-7abb1e0e8231,2024-03-10,Product Information,AI Chatbot,0.68,Resolved,0.42,3,4.14,3cfed760-a18a-4bf3-9108-cf3153bd9716,Missouri,Mobile,False
374a1f55-45b5-4970-b7a8-02d84afaf43d,2024-04-21,Technical Support,Human Agent,4.19,Resolved,0.06,3,8.33,21d268f6-4ba7-42ec-8309-eea04600d60d,Arkansas,Tablet,True
84539e90-9714-41db-adec-275fa804f944,2024-03-23,Shipping Inquiry,Human Agent,6.46,Resolved,-0.18,4,7.34,dbcbe5fb-6f8d-4200-9717-7b85d31f011f,Oregon,Mobile,False
ee04ef0d-5a31-4455-bbe9-db4ba6ef8c05,2024-06-15,Billing Question,AI Chatbot,1.29,Resolved,0.21,5,4.87,a7c51711-a0b9-480a-bceb-06625f4bedaf,Montana,Tablet,False
32f55ef2-ef36-42a2-a3cd-68c65d47f2ef,2024-03-28,Billing Question,AI Chatbot,2.18,Resolved,0.44,5,3.52,b7c2d73a-167a-4073-98f3-8007b7f3cfbd,Hawaii,Mobile,False
d818c181-29e7-42af-a395-b6a649ba3481,2024-01-25,Password Reset,Human Agent,7.71,Resolved,0.1,3,4.89,bc1d8c59-b950-4e83-9b30-77c99c645561,Wyoming,Tablet,False
fea5ad22-80c5-48e1-9bca-f05790db13ac,2024-01-21,Technical Support,Human Agent,5.6,Resolved,0.59,4,7.21,411a357b-0989-4fa7-8ffb-58efad3d64e9,Nevada,Mobile,False
fe61bfe5-1698-4d10-92ac-2fc6134622a5,2024-03-31,Product Information,Human Agent,7.57,Resolved,0.66,4,7.19,cb8376bf-8def-4d6b-8472-832b788f5f93,Kansas,Mobile,False
2b34983b-8cb5-4548-bb47-49746ab0c518,2024-06-04,Password Reset,AI Chatbot,2.25,Resolved,0.24,4,2.73,a889e4fd-0e1d-42d9-a6fe-250ec2d4d533,Texas,Mobile,False
c6d44e74-4ea9-46e4-b69d-c1fcc39091b1,2024-01-09,Account Update,Human Agent,6.96,Resolved,0.17,3,10.43,b06a292c-932c-4cd6-92b7-7b62f5a2c9b0,Louisiana,Tablet,False
45050c3b-02f3-4900-b5a6-a82c01794ce2,2024-06-27,Product Information,AI Chatbot,0.7,Resolved,0.33,4,3.34,67140e3b-e697-4209-bdb4-0acba513449e,New York,Mobile,False
21b06800-670b-422e-9f68-1441610f0b65,2024-05-11,Product Information,Human Agent,10.85,Resolved,0.99,5,7.95,af36a824-bbdd-44e6-962d-e63178fc3710,Montana,Mobile,True
a74af81d-3080-4555-92c8-91b5da5825ab,2024-02-28,Shipping Inquiry,AI Chatbot,2.07,Resolved,0.31,3,2.96,c990110f-0265-45fe-9552-d1db5888029e,Idaho,Mobile,True
416ca46d-8663-4649-a96d-517d7c0defd8,2024-05-01,Technical Support,AI Chatbot,2.62,Resolved,0.88,3,2.64,9d40a048-ac0c-45a8-948c-5804b7a079a8,Rhode Island,Desktop,False
7a9d5a53-5c41-4bf8-826d-5c82c693e55b,2024-05-13,Product Information,Human Agent,5.91,Pending,0.52,1,5.84,16bdd541-31fd-4dee-92b9-0d9180c7c315,New York,Tablet,False
25898cb9-e873-446c-b0d0-4ad4079cef56,2024-04-01,Password Reset,Human Agent,12.13,Resolved,0.62,5,4.6,adcaac2f-30ec-4685-a346-52c220e234a3,Utah,Tablet,False
47e75826-e3cb-46e0-ac80-3a12112ff3aa,2024-01-08,Product Information,AI Chatbot,1.51,Resolved,0.49,5,3.75,2ac2dd30-797e-4f54-987c-998dc2cd6421,Wyoming,Mobile,False
1963d6c4-302b-4ac5-8696-adadf8e4e60f,2024-04-29,Password Reset,Human Agent,10.45,Resolved,0.05,2,3.07,45e88fa1-9101-4e42-a40d-a42ad28bf897,California,Tablet,False
92603b77-a30c-4bb8-9f5e-96403b9c18f9,2024-02-26,Password Reset,AI Chatbot,1.38,Escalated,0.77,2,3.59,9855af13-60eb-4daf-9c04-089f1c23e7a2,Kentucky,Desktop,True
ba77ace6-a260-4021-a23c-7e7fd1d66ea0,2024-05-19,Product Information,Human Agent,8.81,Resolved,0.35,3,7.16,2951badd-21fb-443b-8316-6b779b3463c9,Georgia,Desktop,False
1301da8d-f788-40f7-a581-97b3e4dc4364,2024-02-04,Password Reset,Human Agent,10.85,Escalated,0.32,4,7.1,0d79725d-6755-40e3-a787-e97566cba76c,Indiana,Mobile,True
d88b8427-4d26-4eae-a390-1da851659c68,2024-05-07,Account Update,Human Agent,6.77,Escalated,0.31,3,4.8,a0108f46-699f-4b64-8776-48e373294fcf,Alabama,Desktop,True
e85d10bd-8a44-449c-962e-2031a601b541,2024-03-20,Password Reset,Human Agent,10.09,Resolved,0.31,4,6.44,a924ba25-3483-4ff1-8483-d43d73581f2e,Alabama,Desktop,False
abf905fb-b23c-4940-83b2-9756c020826f,2024-01-11,Product Information,Human Agent,8.94,Resolved,0.1,3,7.74,80679739-2055-4894-9119-1c9343cacbe5,Nebraska,Desktop,False
b1c23875-609a-4b71-8024-9cacf8eafc4f,2024-02-11,Product Information,Human Agent,8.31,Resolved,0.27,4,5.56,b6595735-9591-4e0e-b768-448a73a1677d,Idaho,Desktop,False
a36af576-f7b6-47a5-95d2-23444a47df06,2024-02-12,Shipping Inquiry,AI Chatbot,1.48,Resolved,0.21,4,1.43,3adc1029-009a-4029-b23a-b7751cbe2490,Arizona,Tablet,True
e317e722-9548-452c-afba-e22b2c12d1cc,2024-06-21,Billing Question,AI Chatbot,2.03,Resolved,-0.1,4,4.21,296a8b7b-4181-4649-92d5-cb4175f70284,California,Mobile,False
77f61da2-67e8-495a-828f-f84677fd6c0d,2024-05-22,Shipping Inquiry,Human Agent,7.02,Escalated,0.3,2,6.58,85aa0707-8f3a-4be2-a1a3-2423108d444e,Florida,Desktop,False
67804d9e-5722-49d7-9ebe-4e4b899900b4,2024-02-17,Product Information,AI Chatbot,1.11,Resolved,-0.13,4,5.23,0e5c6898-9338-453f-a1cc-23842572328c,Massachusetts,Desktop,False
b3f25c2f-5666-465a-90ea-a0b2483faff0,2024-02-07,Shipping Inquiry,AI Chatbot,1.39,Escalated,0.62,1,2.82,61582e6b-2953-4d1c-86c7-7bccb51a268c,Tennessee,Desktop,False
e56c4814-344f-4fd6-ba5a-ffe89895733c,2024-03-16,Billing Question,Human Agent,7.66,Escalated,0.02,2,8.18,571cd463-116f-462f-bcb7-ce555d840b2b,North Carolina,Desktop,False
e7bdff1c-8d49-4f52-8b13-3843726231cd,2024-02-02,Shipping Inquiry,AI Chatbot,0.77,Resolved,0.57,3,3.87,7ebab5dd-80d3-4cc9-abf8-77ab7d7a48b6,Louisiana,Tablet,True
16a0d8f5-d152-4a8f-b2a8-3593f1837b5d,2024-03-23,Billing Question,AI Chatbot,1.36,Resolved,0.61,3,2.88,d72a0fc3-a520-4e97-a550-30a6b9774ae5,New Mexico,Desktop,False
891ee390-4ac2-406f-8949-45f0f335cc5f,2024-03-05,Password Reset,Human Agent,8.59,Resolved,0.5,4,4.53,0e58f7f3-c296-46d6-8347-ca3d3af12857,Alaska,Mobile,False
e207d9b7-1e22-4659-a091-c9870427b2f5,2024-01-13,Technical Support,AI Chatbot,2.3,Resolved,0.52,1,2.54,620033a1-957e-4024-986a-34277a129cd3,Connecticut,Desktop,False
8339de0a-a8d9-463c-a309-d6c57708a2d8,2024-01-23,Account Update,AI Chatbot,2.24,Resolved,0.6,2,0.03,ae14eaac-775c-4f9d-a2d3-1c574a2eaf0d,Michigan,Mobile,True
08a715f7-34df-4d28-86e1-7891ea139fd0,2024-05-15,Account Update,AI Chatbot,0.85,Escalated,0.32,2,3.29,e1b57f3c-2035-4aee-bf42-ac0a9dae007d,New Jersey,Desktop,False
c15eaa56-f298-428f-9c71-f3b86b4d6be5,2024-03-30,Technical Support,AI Chatbot,1.68,Pending,0.37,3,2.56,a69457b4-66e1-43b7-abca-3c18a664d965,Nebraska,Desktop,True
691982e4-a02a-4333-8a4e-90bd83ac7037,2024-02-27,Shipping Inquiry,AI Chatbot,2.06,Pending,0.62,2,3.01,3e1e95b0-a5ca-49c1-a4f5-900e4c0e0292,Nevada,Tablet,False
ecf5bba1-c7b5-4e1d-aca5-0dba249e00d3,2024-01-27,Shipping Inquiry,Human Agent,4.32,Resolved,0.08,3,5.72,c07b3438-7bb0-411a-a50a-5151ec53322a,Mississippi,Desktop,False
eb0f3f29-0d54-4727-8c5c-ce1a8d09bf0d,2024-03-07,Technical Support,Human Agent,6.66,Escalated,0.43,1,7.18,bd19023e-9d86-42b3-91ed-9c384fb76955,Nebraska,Mobile,True
243bfdb1-cc10-4285-8ebe-f9c5daf8b39d,2024-01-30,Shipping Inquiry,Human Agent,4.05,Resolved,0.08,4,7.06,cfed57d8-af26-493e-9ad8-53a5926a856c,Florida,Desktop,False
bbcd831a-336e-4008-87c4-75070f935139,2024-06-16,Billing Question,Human Agent,10.05,Resolved,-0.3,3,8.11,930c1283-9ae1-47ce-95df-0fa78fa9af5e,Washington,Tablet,True
6483c8fd-f0ec-4412-aa1b-4094a3d6220b,2024-04-08,Product Information,Human Agent,5.09,Resolved,0.64,4,5.51,65bc6799-2d9e-448f-985e-951528f2a6e3,Delaware,Mobile,False
16e8eba9-ddbf-4cce-9191-2918f696b3db,2024-04-23,Billing Question,AI Chatbot,2.22,Resolved,0.25,4,-0.59,9a46243f-8d91-43c8-b067-6206561c54b4,Washington,Mobile,False
1180aaa7-3113-4fa2-8c2c-377deb043225,2024-02-28,Shipping Inquiry,Human Agent,3.54,Resolved,0.27,4,5.65,9b1cdb7d-b7ca-476f-b2af-9e5f9e68efda,Rhode Island,Desktop,True
a54eb7e1-7965-40d2-8ac5-9a7dde27a030,2024-04-25,Billing Question,Human Agent,5.48,Escalated,0.19,1,6.23,f7ac05ed-56e7-4522-a59c-098967af045b,Nebraska,Mobile,False
dc392141-9279-4f3a-8f97-1c26753f06b9,2024-01-14,Product Information,AI Chatbot,2.36,Resolved,0.47,3,3.33,630a646b-ddbe-4ceb-ac56-30b6d9c48de1,Maine,Desktop,False
9406ca2f-6656-41f5-9866-9e3c158a0dda,2024-03-01,Product Information,Human Agent,4.67,Pending,0.71,5,7.27,879be69b-b4af-4143-8333-a9bafe2fc713,Indiana,Mobile,True
8a1cac90-ca00-4acf-ba72-81513a1d5014,2024-06-09,Shipping Inquiry,Human Agent,11.02,Resolved,0.28,2,6.44,7c73a9a7-a42a-4d8b-b2f4-c4d0ab0eba4d,Nebraska,Mobile,False
96b2f84f-2ae8-4d5d-983e-9795081a2e35,2024-01-31,Billing Question,Human Agent,9.42,Resolved,0.33,3,6.9,cb46b1e0-79cf-40c2-9821-53b5fe7c838e,North Dakota,Tablet,False
7e61bd91-12a1-430e-80ba-28c25d78c5fa,2024-03-04,Billing Question,Human Agent,9.78,Pending,0.0,4,5.85,b761d671-760a-4f7e-bea6-cbaaf7316f6e,Connecticut,Desktop,False
4ddf7f49-09d3-4f6c-bb9d-09d45753efbf,2024-04-12,Technical Support,Human Agent,8.35,Escalated,0.15,2,7.09,4ca50c2b-2a98-4408-807d-67c7925e1ad4,Alabama,Tablet,True
93ec3b10-93f6-4929-8e59-4116923e02da,2024-03-13,Shipping Inquiry,Human Agent,6.6,Resolved,0.54,2,3.35,efc8583a-472d-42cb-9e46-c379012a6fdd,Mississippi,Desktop,False
a7b81d54-22cb-4304-8e35-ffb2a7068ae7,2024-04-08,Billing Question,AI Chatbot,1.78,Resolved,0.6,3,2.59,ac64933c-6f85-49e7-9ef1-356f23835830,North Dakota,Tablet,False
3274d627-21a5-4b3a-8216-3f4d59d4727b,2024-02-14,Technical Support,Human Agent,9.36,Resolved,0.13,3,7.31,58d849d3-6da0-42c3-bf29-b68beb45b657,Louisiana,Mobile,False
157ccdba-b692-4df9-9250-2dce2091f03e,2024-06-05,Billing Question,AI Chatbot,1.21,Resolved,0.25,3,1.73,e0fc8b82-58f9-43b5-a52b-9e5299eb11e1,Minnesota,Desktop,False
66c3cf2c-abfc-4043-9b94-613805840336,2024-05-02,Technical Support,Human Agent,6.91,Resolved,0.58,3,9.98,93468cc7-0dd5-47a4-8e3c-1d24d9992f53,South Dakota,Mobile,False
240924d7-c6fe-4929-9fe8-92b89c338671,2024-04-03,Product Information,AI Chatbot,0.77,Resolved,0.5,5,2.82,c607d054-335c-4ec1-a670-dc3c3f355c2d,Florida,Desktop,False
4d593b00-a7a8-48ee-934d-508e393f3df3,2024-01-16,Technical Support,Human Agent,7.33,Resolved,0.08,3,5.91,12da9a7c-760f-4ab2-b43a-fbd5083e27eb,Nevada,Desktop,False
9406bebb-6fe0-4f2f-be7f-e8b787826943,2024-01-03,Password Reset,Human Agent,4.25,Resolved,0.24,4,9.27,c41ee034-762e-4639-8c64-67134caa2831,West Virginia,Mobile,False
9f15478c-ee65-45ce-b425-55387e03f609,2024-05-07,Account Update,Human Agent,6.46,Resolved,0.65,3,7.36,44c080d4-0f49-4bb7-9f0b-2886a020b447,Delaware,Tablet,False
63cb4c61-020a-45c4-8d92-099da6223c17,2024-03-30,Account Update,Human Agent,4.55,Resolved,0.59,4,5.09,21699757-1bb9-4325-a542-156ce1afcf63,Maryland,Mobile,False
b1072039-cee0-451b-b6c1-7d831a4df5b3,2024-04-13,Product Information,AI Chatbot,1.88,Resolved,0.06,3,-0.09,16f0bdc5-3f88-4c8d-8f92-da306791ed83,Wyoming,Desktop,True
994f4bbb-7a47-4401-abd3-32c114c5f91e,2024-01-19,Billing Question,Human Agent,7.46,Resolved,-0.21,3,7.34,d539b81d-441b-4b27-848f-2ed09bf8e766,Alaska,Tablet,True
16805651-5f4d-421f-8397-98589bebd239,2024-01-25,Technical Support,AI Chatbot,1.12,Resolved,0.51,3,4.6,200f3d93-98b6-4671-8a38-a2b0e5d8a026,New Hampshire,Tablet,False
c22668b9-c4ad-4de8-aa82-ab7fc162c97c,2024-05-11,Password Reset,Human Agent,2.0,Resolved,0.58,5,8.01,8c90e644-8285-4b56-96b8-9f76a3bb30f0,Kentucky,Mobile,False
874fe3fe-900a-4df5-bb10-b66548590c79,2024-05-22,Billing Question,Human Agent,7.44,Resolved,0.24,3,7.68,3f7df7f7-e644-4054-b229-517293d12857,Minnesota,Mobile,False
2d883543-87eb-42fe-b281-e3ee3fe34547,2024-01-28,Account Update,AI Chatbot,0.33,Resolved,0.17,4,5.09,731c8f98-1e74-4ff2-b857-7bbceb56ce7b,Arkansas,Mobile,False
52fa987b-83e3-40ee-af2e-fe0168b06515,2024-05-22,Product Information,Human Agent,6.25,Resolved,0.73,4,7.31,038e8f9a-0b05-4f60-9b3c-fedce8f90e08,Utah,Desktop,True
dc8e2c2f-7eb9-4b3b-a663-1ebd2bb2e7d2,2024-02-29,Billing Question,Human Agent,11.44,Pending,0.28,2,7.72,0095d92f-eaab-4ba5-a257-774e3b585252,Mississippi,Tablet,True
c696edf3-1e6b-4248-96d7-1e379a0d394f,2024-02-21,Billing Question,AI Chatbot,1.65,Resolved,0.75,5,2.01,628a79e4-bb68-4fb4-982c-87d7cff39d39,Minnesota,Desktop,False
6b681329-4309-4b5a-9b66-70e52de3ee71,2024-01-16,Technical Support,Human Agent,8.57,Resolved,0.11,4,8.43,d630b694-224f-46b5-94bf-bbe9452f350e,New York,Tablet,True
2bdf02d4-c7f2-45ee-a177-f5e81d430442,2024-01-30,Password Reset,Human Agent,5.81,Resolved,0.42,3,6.51,69fccbd8-2271-4230-b1dc-46f1beca695b,Maryland,Desktop,False
3dcd6b21-229c-4243-af46-b01cc1153b62,2024-04-14,Shipping Inquiry,Human Agent,6.7,Resolved,0.78,4,7.58,a9d83299-25b7-4c7c-8227-d458f00e4625,New Jersey,Mobile,False
ce4f29aa-ee28-47d7-a0b5-2df95ae80008,2024-01-23,Technical Support,AI Chatbot,1.04,Resolved,0.56,4,2.92,beaab7e4-ec2c-422b-b875-0a34c364c53a,Washington,Mobile,False
95dd24c6-fa19-447c-ae94-79060cef25b7,2024-05-16,Account Update,AI Chatbot,1.43,Resolved,0.03,4,2.0,5a2693f1-ed05-4758-89db-79fd04912a58,New Hampshire,Tablet,False
dfe77d11-2d21-4611-beb1-99ac7ccfed29,2024-01-27,Password Reset,AI Chatbot,1.08,Resolved,0.14,4,0.79,b1c82eba-a569-427c-9581-6918e6165ea9,Texas,Tablet,False
8157959d-3147-4d0b-965a-6c5fc36fcaa0,2024-02-21,Shipping Inquiry,Human Agent,7.81,Resolved,0.21,4,6.74,cd88a630-62af-4f21-8040-d61d97e3e500,Illinois,Desktop,False
e2651a3f-9a86-44fc-815a-37a05624f604,2024-06-25,Product Information,Human Agent,3.98,Escalated,0.52,2,6.92,da83adbc-66e1-4488-b0f4-e81379a3a305,Utah,Tablet,False
84055756-5c7d-4856-98ce-caaba478c080,2024-06-17,Account Update,Human Agent,4.02,Escalated,0.21,3,8.69,9bfec801-66f0-4ed7-9199-0fcc5d2fb8f8,Idaho,Desktop,False
d589cfe7-e701-46c0-b65e-023c4507cd25,2024-03-16,Password Reset,AI Chatbot,1.13,Resolved,0.55,3,1.12,eea010da-8bda-4590-9c99-ef173d69eac6,Maine,Desktop,False
1b368d78-732b-4ba2-90f9-b5c9212bdf6b,2024-06-26,Account Update,Human Agent,9.54,Escalated,0.22,3,4.7,17dac5f9-8d55-40b8-8e88-e2f512f1975d,Wyoming,Tablet,False
0407add9-8163-4321-b904-0ccefce59f14,2024-03-20,Technical Support,Human Agent,3.01,Resolved,0.45,3,9.11,0879d6e8-e53e-4065-b762-c92668ae9c81,Ohio,Tablet,True
5fcf5e95-cd5c-4624-80b6-f0db056aeb3c,2024-05-02,Password Reset,AI Chatbot,0.68,Resolved,0.56,3,4.63,c22b5cd8-3027-4a3d-8112-ed9eb95c4727,Georgia,Tablet,False
83bde918-a809-4faf-ac6d-9c933f212345,2024-01-23,Shipping Inquiry,Human Agent,15.23,Resolved,0.73,4,3.22,b3393cb2-27fe-4b82-b453-44484e5b4ccf,Oklahoma,Tablet,False
fba06c62-4870-4184-aa0f-0762e705c806,2024-04-03,Password Reset,AI Chatbot,1.66,Resolved,0.66,5,5.53,687fd5ae-f30f-49d5-a151-a177589b72f9,Vermont,Tablet,False
6cad48e7-d030-4dd1-8f22-f453544481f5,2024-01-24,Account Update,AI Chatbot,1.07,Resolved,0.38,5,5.3,826966b3-9f45-43d2-9292-4be1540e7d0f,Kentucky,Tablet,False
5431c9b6-218a-4efa-a9f4-1d0e5a59cc64,2024-02-09,Product Information,Human Agent,1.68,Resolved,0.76,2,5.97,de7fbf32-b114-4d59-a37d-b359644fa0e3,New Hampshire,Desktop,False
264337a4-e28b-4cd6-a816-8eae3fe7c437,2024-06-18,Shipping Inquiry,Human Agent,11.48,Escalated,0.41,3,8.75,d92b93f8-9261-40d3-a16f-600c7abbe11d,Alaska,Tablet,False
49140434-9f93-4c56-83fa-5e2e872ba111,2024-06-23,Product Information,AI Chatbot,0.9,Escalated,0.28,3,0.99,2955d3c3-21c0-4d26-9211-d4e5e02c3418,Wisconsin,Tablet,True
70736741-f1ab-4da6-a373-b62426270e7d,2024-01-22,Password Reset,Human Agent,7.0,Resolved,0.39,5,4.9,44538c05-e034-4154-94f9-ace6b67e8fb8,Idaho,Mobile,False
96fd814d-6436-496f-a5c7-51c405832c68,2024-04-23,Technical Support,AI Chatbot,0.96,Resolved,0.12,4,2.59,4cadf541-d5d9-4f3e-ace9-be46e9838e78,Georgia,Tablet,False
8ea4323e-b4e4-4c8c-8b57-722312012f23,2024-02-02,Account Update,AI Chatbot,1.23,Pending,-0.1,3,2.91,2dc2c7e0-dc9c-4ab9-841a-9955bb262911,Alaska,Mobile,True
b7439771-0181-4011-8788-e32b2cde0805,2024-06-18,Billing Question,Human Agent,7.04,Resolved,0.68,3,5.79,7bc400f3-2d93-4188-acfa-e4b9a68594ce,Maryland,Desktop,True
a2d20114-3878-4ae6-8712-ea8113997300,2024-06-18,Billing Question,Human Agent,5.12,Resolved,0.34,4,8.73,3b9a6f3c-5029-4009-b1b2-c11c47c86ea8,Washington,Mobile,False
e433e82d-4dea-41d9-94e2-97e336f436ff,2024-03-31,Account Update,AI Chatbot,1.13,Resolved,-0.53,4,2.12,bde8b73b-5a77-4b83-8be8-7da4351c0851,Mississippi,Tablet,False
def8824c-004d-4b53-b77b-9279efc0d6c3,2024-01-07,Account Update,AI Chatbot,1.13,Resolved,0.27,4,5.02,01352792-7c89-40cd-abf1-e2877391ea6d,Iowa,Desktop,False
a585c17a-3ad6-4271-8435-bc22c9b485c1,2024-03-09,Technical Support,AI Chatbot,1.08,Resolved,-0.21,4,2.25,f64d02a7-bf41-436a-8740-899769589517,Illinois,Desktop,False
ff8f52e3-34f3-4f7d-a439-b3a290c2fac3,2024-01-06,Technical Support,Human Agent,7.98,Resolved,0.65,4,5.88,74dc41d8-a117-43ca-b795-c62d89123b2d,Indiana,Mobile,False
02eff15b-f1bb-4f78-898d-c20f83cee38a,2024-06-08,Shipping Inquiry,AI Chatbot,1.99,Resolved,0.52,4,3.23,87d9159c-bcf9-4963-8cef-152a306b9cce,Oklahoma,Mobile,False
e2d471f6-d0d9-46fe-8077-dba649072129,2024-02-11,Password Reset,Human Agent,9.45,Resolved,0.08,3,8.05,8a4ebd5b-396d-4888-854f-f7cea568d2cf,Kansas,Tablet,True
83c8e1bc-bae9-474a-ac8b-20e15f7804df,2024-05-16,Billing Question,AI Chatbot,0.2,Resolved,0.26,4,2.21,5f29dbad-8981-4244-ab87-1f4521449b07,Pennsylvania,Mobile,False
65e6ade9-2b1c-4c18-978b-0472a6be1cdd,2024-06-17,Billing Question,AI Chatbot,2.7,Escalated,0.19,4,5.26,7fbe281f-7816-4ca0-a217-56b4fd09d27b,Missouri,Tablet,False
341ac947-57b8-4668-86e5-1be1cef92ca1,2024-03-30,Product Information,Human Agent,3.58,Resolved,0.15,3,5.28,107a2b1b-cf30-463c-97b4-f60bae01104e,Mississippi,Mobile,False
f1d60b4c-ac4f-4574-8000-9d3a125ddb49,2024-02-17,Shipping Inquiry,AI Chatbot,0.86,Resolved,0.66,4,1.56,8821f437-210e-4aff-b6c8-f0c6bb101d1d,Pennsylvania,Desktop,False
f1a716af-fb32-498d-9949-b01f15519438,2024-04-01,Product Information,AI Chatbot,1.93,Pending,0.31,2,2.27,95e13ca1-afec-48af-9448-4ce4ab10d723,Montana,Tablet,True
d150bde8-ae7b-430d-9af0-8b7ba17aacc7,2024-03-04,Billing Question,Human Agent,13.15,Resolved,0.43,3,7.18,382f33d9-c592-4ef4-a88e-2ce8d0266c19,Delaware,Tablet,False
4949f4f5-10c6-488d-8aaa-86933116f7f3,2024-03-01,Password Reset,AI Chatbot,1.55,Pending,0.73,3,2.43,e1cc2fa3-c0b2-4e91-b3f6-bd82939d7e72,Arkansas,Tablet,False
30e53f6c-ac7f-4fc3-a271-186108e8dc89,2024-06-28,Technical Support,AI Chatbot,1.3,Resolved,0.45,4,1.96,969abecb-294e-49f1-85f2-b1a60935b42d,West Virginia,Mobile,False
16b6bd7c-39d2-4d88-b067-f87a911b71c7,2024-05-25,Shipping Inquiry,AI Chatbot,0.93,Resolved,0.55,4,2.16,78379e4a-ce71-4c59-afd1-2012d350a716,Connecticut,Tablet,False
0e81773a-5de1-448a-97e9-de87642dbf24,2024-03-13,Password Reset,AI Chatbot,1.18,Pending,0.76,4,2.88,4a91c95d-dae0-47fc-92aa-76d919cd634a,Ohio,Tablet,False
ceff15c4-8ada-4828-b8ac-c31010bb27ad,2024-05-03,Product Information,AI Chatbot,1.08,Resolved,0.26,5,1.43,1f6bb530-a8d0-4e66-ad39-eb6c084eafa9,Connecticut,Desktop,False
c88bb2e4-fc84-4ad8-aeb9-b729a4e54078,2024-02-14,Shipping Inquiry,Human Agent,4.11,Resolved,-0.15,2,5.77,1e7bb296-90d3-4094-8187-f94ed4eff4d9,Indiana,Tablet,False
cafe4459-e773-4817-b91b-85bc62f0bcd8,2024-04-23,Shipping Inquiry,Human Agent,7.91,Resolved,1.0,5,5.5,a77aac15-7e76-44ed-84da-77f7c606a0c7,South Carolina,Desktop,True
7d5a1bcd-f6ae-44af-a490-f772e0806af2,2024-02-03,Technical Support,AI Chatbot,2.35,Resolved,0.33,4,3.46,33924374-de7a-4002-9e36-cf6aa181f366,California,Mobile,False
8c06362d-06f9-46ff-896a-71a87b7e2d2a,2024-01-27,Account Update,AI Chatbot,2.49,Pending,0.19,4,5.47,3e5dafd4-a756-4acc-8923-0b123474a640,New Mexico,Tablet,False
6a4fba47-576b-4564-9a18-ac6a12501877,2024-03-20,Password Reset,Human Agent,5.89,Resolved,0.3,5,8.74,e8b37736-4187-4065-8026-88e76025de5c,Georgia,Desktop,False
830722a2-3a7a-48b0-88f4-2af8d746df52,2024-02-21,Technical Support,AI Chatbot,1.89,Resolved,0.7,4,4.29,e3a60f8e-175a-49a2-b2ee-5ced11ab3b50,Washington,Mobile,False
4041c6ac-2a82-4cad-bcbc-a482b8f896c5,2024-03-06,Account Update,AI Chatbot,0.2,Resolved,0.46,5,3.07,589f8255-6992-457f-9049-f6f7e7ca28fa,Connecticut,Mobile,False
f16d4dd3-a8bb-4471-869b-0819cbc3a9b3,2024-01-01,Technical Support,Human Agent,9.98,Resolved,0.82,4,6.44,473a1e82-c807-4359-8b57-d6e034a151b6,Alabama,Mobile,False
45e3e23e-3632-4fcd-bdf8-0c7050d2b40b,2024-05-10,Product Information,Human Agent,12.3,Resolved,0.34,4,8.56,f3c29a3f-8cb2-40ac-bec2-ef441593dcc5,Arkansas,Desktop,False
2f2597bb-b2ac-4123-8622-6ebb5566f014,2024-03-16,Billing Question,Human Agent,6.94,Resolved,0.11,3,5.68,8d183948-d218-4ab5-9d18-20494d1b2b90,Hawaii,Desktop,False
068561f3-b6ed-4887-9b08-04dddab593ef,2024-03-10,Password Reset,Human Agent,7.23,Resolved,0.6,2,7.98,75d3e72d-d02b-42da-8480-d72be34bbb24,Arizona,Tablet,False
e96b0ebd-c4c5-495d-9bc8-da2e5cfe6fbb,2024-04-17,Billing Question,AI Chatbot,1.45,Escalated,0.6,3,3.34,bfbdd836-232f-4c1b-ae26-1f3c81c8597f,Indiana,Tablet,False
edae00e0-1296-48d3-93cc-5ceedaa5547d,2024-04-16,Password Reset,Human Agent,5.13,Resolved,0.23,3,6.75,68af3552-fffd-49cb-9e03-51e65242c210,Virginia,Mobile,False
3d981222-a8af-4097-a26f-1e6dc1224c97,2024-04-21,Product Information,Human Agent,9.65,Resolved,0.37,3,7.73,318e33e1-53db-4f9f-a5d9-7f72782e7bcf,Louisiana,Mobile,False
1a4a3f45-2c64-42e5-99ac-7468265dcc0c,2024-05-26,Technical Support,Human Agent,9.82,Resolved,0.83,4,5.65,92d3d212-540f-4038-8986-b4d3dd2f0f6c,Wyoming,Tablet,False
a6b25578-14e6-4f9b-bbf5-259a809f4ae8,2024-05-01,Account Update,AI Chatbot,0.75,Resolved,0.05,2,3.72,dc700656-3803-4782-8a79-2f758f3def3a,Washington,Mobile,True
31be0039-717f-4370-a85e-fff479e44f0c,2024-04-16,Account Update,AI Chatbot,1.27,Resolved,0.18,4,4.14,ff47712d-e9d9-4762-a3bf-fa1f82c336df,Nebraska,Mobile,True
5901eb1c-fe85-4990-a54a-86936e068630,2024-03-23,Technical Support,Human Agent,8.42,Resolved,0.41,3,4.28,151b78aa-040a-40e4-b4b5-99549202b04d,Mississippi,Mobile,False
7e876d49-9a05-43d9-af2e-217f5efcfff5,2024-05-19,Account Update,Human Agent,7.52,Escalated,0.14,2,4.64,a5ac7a3e-f881-4e50-99d2-8addceaffaa6,Tennessee,Mobile,False
121b6abf-a61d-49aa-ac68-802d89078316,2024-03-19,Password Reset,AI Chatbot,0.93,Resolved,0.78,4,0.36,543c5885-2cfb-48f7-bda5-afbf4ac7ac68,Maryland,Desktop,False
4948de18-8f20-4105-a022-5bba5298e1d0,2024-01-31,Account Update,AI Chatbot,0.87,Resolved,0.31,4,-0.61,e70c5d4e-8e56-438b-a516-513936284278,Connecticut,Mobile,False
d4510145-d498-4aa2-a477-9cc9b87d816f,2024-01-18,Shipping Inquiry,Human Agent,7.39,Resolved,0.37,3,6.38,249dc62f-e4c8-4366-bccc-cd2cee7f3301,Ohio,Desktop,False
fe4f056a-cc70-4d87-afe9-d6e485472846,2024-05-21,Technical Support,Human Agent,7.63,Escalated,0.58,3,8.35,7fd19125-7f1e-4945-ba75-3500b2ef7f5e,Kentucky,Mobile,False
f23c3be0-7535-4093-b077-2008c1573224,2024-06-19,Technical Support,AI Chatbot,1.66,Resolved,-0.38,3,3.1,485d9046-e8b4-49db-af0d-58a969b4bd64,New York,Tablet,False
4d6c012d-f08d-40f2-9446-bd32493a4adb,2024-03-11,Product Information,AI Chatbot,1.79,Escalated,0.24,1,2.17,58f07cc7-a502-4709-8b34-0b83471e8004,North Carolina,Mobile,True
5dcbad58-b131-4039-8ff9-2f6d3b2f9267,2024-04-19,Shipping Inquiry,Human Agent,7.69,Resolved,0.08,3,8.35,01dbd6e2-69f8-4822-bece-01ed9994a0f3,Arizona,Desktop,False
016789f7-7d5c-4194-b99d-21b89b93b780,2024-01-18,Product Information,Human Agent,6.25,Resolved,0.25,3,6.83,c37479b3-7661-429a-878b-3b24d5da8a58,California,Desktop,False
bc376b46-e1b7-49e6-aa51-411b0e703a32,2024-04-06,Billing Question,Human Agent,9.66,Resolved,0.52,3,8.5,9eb64f49-ee14-4b98-80a2-60bcb048e888,Kentucky,Desktop,False
4f2a4bd0-f999-40df-b5e2-58733a84bbd3,2024-03-24,Product Information,AI Chatbot,1.13,Escalated,0.29,4,2.48,86eddd83-35ad-4f2e-a984-9898d611edda,California,Tablet,True
42bdab00-8105-4407-8d9e-94179fe38bb9,2024-01-05,Technical Support,Human Agent,9.27,Pending,0.12,1,5.37,dc6f1a37-814f-47e9-a834-13f6433292d2,New Jersey,Mobile,False
51734060-a404-4a34-9e2b-7974b167a023,2024-03-08,Technical Support,Human Agent,9.94,Resolved,0.1,4,6.76,0ee04334-10b8-473a-b5cd-6e39ad957182,Missouri,Tablet,True
83ece23c-7fc7-47d8-880e-68e2c6830fbd,2024-04-14,Product Information,AI Chatbot,2.4,Resolved,0.2,2,4.1,e83f6140-413f-4706-ba17-f91a0a573532,Wyoming,Desktop,False
12aab29f-3179-4d37-aa98-9779a6e4d557,2024-04-25,Account Update,AI Chatbot,0.56,Resolved,0.21,3,0.14,40955d24-8d8f-49cc-ae71-8fcf885dbe3c,Delaware,Tablet,False
01f9c66d-dcb3-435d-8be2-eae6e3c54ff7,2024-05-02,Shipping Inquiry,AI Chatbot,2.26,Resolved,0.59,5,3.75,713e484b-1ca9-49bc-9234-f3b060f60153,Pennsylvania,Desktop,False
b363f936-17d0-40e2-bbda-b80eba630f32,2024-06-28,Billing Question,AI Chatbot,2.61,Escalated,0.54,1,3.96,1155638a-b226-449c-a65e-e58c19be510b,Minnesota,Tablet,True
f7a77bf2-692b-4bcc-9331-32e3be8ab38c,2024-03-22,Shipping Inquiry,Human Agent,0.5,Resolved,0.82,3,7.57,b443ee11-915f-4ef9-b607-f03ccbb8ae38,Minnesota,Tablet,False
52ce8caf-20fb-43cc-9700-6474a78bdbae,2024-06-11,Shipping Inquiry,AI Chatbot,2.89,Escalated,0.57,3,4.34,27a074c0-fa8d-4911-84f9-cc23ca388c0c,Iowa,Tablet,False
be01e6da-e4b1-4edc-8445-62aa164a7879,2024-06-05,Product Information,Human Agent,5.83,Resolved,1.0,3,6.63,7a629dd5-dbed-4ef1-8a0a-bfa711c46967,South Carolina,Mobile,False
0d188556-b6dd-4b6f-9ba0-7d6c93b83f55,2024-03-07,Password Reset,Human Agent,2.34,Resolved,1.0,4,7.47,0f767a41-f669-4ee4-a4c5-0acb019fe717,Connecticut,Tablet,True
42260ec5-a720-420c-9b4c-fa7ed58e79f9,2024-02-28,Technical Support,Human Agent,6.71,Resolved,0.42,5,7.58,23075b6b-99de-4adf-accc-83abf6cb3788,Pennsylvania,Mobile,False
38ebf868-c3e8-4d34-9f73-be3e4c291000,2024-02-23,Product Information,AI Chatbot,1.88,Resolved,0.46,3,1.76,33a84a97-d1a5-462f-b894-12a2cb188951,South Dakota,Mobile,False
6dfaf25e-9cbd-4694-aec5-ea5273beb00d,2024-01-11,Account Update,AI Chatbot,1.63,Pending,0.07,2,2.09,75b4e0a3-66b5-4553-9c50-a353789565b8,Arizona,Mobile,False
0eab6907-a940-4f30-8e76-cd595540e5d1,2024-04-09,Technical Support,AI Chatbot,1.81,Escalated,0.19,3,0.12,3973d914-1a3d-4068-a606-b855fc02d30d,Idaho,Desktop,False
e28f85ee-c605-4b6f-b88f-cf4dc97f6f39,2024-01-27,Shipping Inquiry,AI Chatbot,1.49,Resolved,0.68,3,1.25,60af691b-98ac-4dd9-a0ac-44ae87dc7786,Pennsylvania,Desktop,False
4037e3e0-2a46-4b3a-a49c-705ffd2f843b,2024-06-06,Account Update,AI Chatbot,1.66,Escalated,0.44,2,4.2,b4bf6f64-04c3-4f23-83f7-c4931788e54b,Connecticut,Tablet,False
dfca52b2-d307-4599-ad57-9449e843ce0a,2024-01-15,Technical Support,AI Chatbot,0.61,Resolved,0.51,4,3.27,d4103ead-c448-4b21-92fa-28492b2e465a,Montana,Mobile,False
19ea34b9-5755-4c68-9850-7f2aaeb80c84,2024-06-20,Password Reset,Human Agent,8.53,Pending,0.09,3,9.44,5c0f4ca8-dcae-4b45-bca6-a1dd3bba6ca6,Vermont,Tablet,False
77adbdec-1e20-4425-b9b8-934a2a3119fd,2024-05-20,Product Information,AI Chatbot,1.69,Resolved,0.41,4,1.18,d1bac946-117e-4e4c-a55b-192bd8ca53a5,Arizona,Desktop,True
63230e19-4a46-4ac6-8738-a60a7ea461b2,2024-05-07,Account Update,Human Agent,5.67,Escalated,0.66,2,6.11,6a78ab2a-db36-4acb-8eda-ba2515c494d5,New Mexico,Mobile,False
1d7c04bb-5d87-4c8c-94dc-2c46afdb4b98,2024-04-12,Technical Support,Human Agent,7.33,Resolved,0.68,4,9.9,78e251a1-52c7-4bfa-bc0c-d81ea412eebe,Colorado,Tablet,False
d1febd98-3b9a-432c-9790-08b1837867ca,2024-04-27,Billing Question,Human Agent,5.45,Resolved,0.18,4,7.84,273361ce-29fc-41c1-bb9a-61fbc4352ecb,South Carolina,Tablet,True
a108dc44-0af4-4114-95fd-8871676ca298,2024-02-02,Account Update,AI Chatbot,1.03,Resolved,0.46,4,2.61,8c7fdb66-7e5f-4b28-9b7d-f98e11a6c163,Alabama,Tablet,False
9ab16678-5602-44f5-9617-2335614eaae0,2024-02-26,Password Reset,AI Chatbot,0.45,Resolved,-0.34,4,4.96,997f704d-e63d-4e40-813f-1c8ffad28b63,Idaho,Mobile,False
75ecabad-62bc-4e70-b1f2-943b0bd2738f,2024-05-19,Account Update,Human Agent,3.38,Resolved,0.09,3,7.62,39428a73-1cba-4d18-a990-05cf90391035,Montana,Mobile,False
f970112a-ab64-4177-8ba3-4e8f302dec97,2024-03-01,Billing Question,AI Chatbot,0.71,Escalated,0.28,3,5.49,9207ce8e-f8c7-4905-ba88-48fa09a2ad0a,Utah,Mobile,False
362fdbe8-01a8-4eb4-b520-13291a7b5a4c,2024-01-02,Product Information,AI Chatbot,1.3,Pending,0.01,4,3.15,36b6d5e5-3428-4c91-af4f-22e0ca45f7d3,Virginia,Mobile,False
eea31417-9f58-4356-9030-c5b3eaecc87e,2024-04-03,Billing Question,Human Agent,2.49,Escalated,0.91,3,7.15,34fc0295-4e36-48f6-a7b3-178ec74d619d,Pennsylvania,Mobile,False
186f2583-52ad-4aa0-816e-7f9b69e831d6,2024-06-18,Technical Support,AI Chatbot,2.45,Resolved,0.51,2,2.12,ad24deb6-1133-4585-a2b5-d0922faaa94f,Tennessee,Tablet,True
d3ac072f-b196-49d4-8e81-3713f56ec993,2024-01-03,Password Reset,Human Agent,3.86,Escalated,0.31,5,7.03,6c829c7a-958a-4e57-8176-e2526ddf25f2,Missouri,Desktop,True
6eef869b-8d32-4b30-bb19-a02098d0c5e5,2024-05-27,Password Reset,Human Agent,5.42,Resolved,0.87,3,6.95,315de2d0-95a1-40e6-ba44-b42d3c56d6f0,New Jersey,Tablet,False
8696e8ee-4629-43a9-942b-b7f25dfa426f,2024-05-04,Password Reset,AI Chatbot,1.7,Escalated,0.79,2,3.24,e31e5670-7da5-4a61-a1ed-82b787f926b7,Maryland,Tablet,False
c2d328a9-991b-44f2-9990-62e173f71702,2024-02-10,Billing Question,AI Chatbot,1.39,Resolved,0.41,4,2.99,b2fd2db4-cc87-44cd-aeb3-a2bdc015627c,Tennessee,Tablet,True
38adf86f-c19d-4d64-8cc2-03423c60a7b6,2024-04-10,Product Information,Human Agent,10.05,Resolved,0.81,3,6.84,f5a76c33-62a2-403a-9685-14205a93063c,Florida,Tablet,False
45a6bdff-67df-4715-b3c3-8a8e75fd5a47,2024-01-08,Password Reset,Human Agent,4.64,Resolved,0.16,4,8.09,525616ec-4839-494c-8d0e-6d85d48dd3b9,Illinois,Tablet,False
93ba0125-2f40-4ca9-9c7b-8eb2b9269637,2024-04-01,Password Reset,Human Agent,4.86,Resolved,0.8,5,6.31,ffb61859-260a-451d-b3e6-02243477f36e,Hawaii,Mobile,True
276a290d-dc5d-4877-a1cc-7fc114e4b564,2024-06-22,Password Reset,AI Chatbot,1.8,Pending,0.24,4,4.25,a82e45ed-62b6-4993-839f-75ee0ff1a82e,Maine,Desktop,False
5438d2ac-74cf-4dbe-813c-ab3b073b6d53,2024-03-07,Password Reset,Human Agent,1.29,Escalated,0.43,4,6.28,e40d47f5-7e81-49ec-8808-8c27fafa95d5,Wyoming,Mobile,False
12a7cc8a-6ae2-402c-b108-ad9d3b026f75,2024-04-03,Account Update,Human Agent,6.16,Resolved,0.35,5,7.37,8f84d149-d645-4308-ad62-a6aad9e81ed1,New Hampshire,Mobile,False
51c3731a-fbfa-4594-a201-d859886a5a91,2024-03-03,Billing Question,AI Chatbot,1.41,Resolved,0.13,4,2.62,a8d4af06-6f1c-483a-b472-e59ef5008a16,Pennsylvania,Desktop,False
bf7a9ae1-9dfd-4888-b4ed-6ad3418b8e8e,2024-03-06,Billing Question,AI Chatbot,1.77,Resolved,0.24,2,4.67,b0296ace-e502-4a94-8cd4-eb3bfa14f49e,Alabama,Tablet,True
8def47de-f3ad-406b-8635-84abcb6748d6,2024-01-14,Shipping Inquiry,AI Chatbot,0.2,Resolved,-0.03,4,2.43,bc9f5898-fc02-4e89-9db1-b4abf66a49cc,Maine,Mobile,False
f8d67714-03fd-4076-a638-4f4afc9a9d43,2024-01-21,Technical Support,AI Chatbot,0.81,Resolved,0.01,3,3.22,30521cf7-16c7-4eb2-9135-57a109a3de61,Washington,Desktop,True
03774565-0df2-4971-aa4b-0d5403e94576,2024-05-29,Technical Support,Human Agent,5.63,Resolved,0.56,4,5.66,d7cf385f-9834-4cf6-aa4c-c13c75b39c5f,Maine,Mobile,False
09406eaa-5e9d-4fe7-bb26-42c1ce9e7e67,2024-01-14,Shipping Inquiry,AI Chatbot,0.97,Escalated,0.14,2,1.77,afca3735-652b-412e-9819-df5dc348c43c,Kentucky,Desktop,False
3d32f39d-c44a-4b76-9fde-ee04e0ca4615,2024-01-07,Product Information,Human Agent,4.5,Resolved,0.23,3,5.98,537a5883-5b03-4899-abd6-3e8896189096,North Carolina,Mobile,False
b0749377-19b6-4367-be8b-23968ac3ba4f,2024-04-06,Technical Support,AI Chatbot,0.34,Escalated,0.33,3,4.21,d25f8de3-2e16-405d-98c5-cb0460a3655f,Hawaii,Tablet,False
2f319c6e-b24a-4c8a-ab4b-690c974bcd29,2024-03-27,Account Update,Human Agent,3.44,Resolved,0.1,4,5.27,967cfbbf-200e-4421-940c-81eddfcdfe41,Kansas,Mobile,True
709e25f4-c787-4708-af7a-f274cfd73371,2024-01-30,Billing Question,Human Agent,10.72,Resolved,0.25,3,7.35,a169fb30-4514-4fd3-ae60-17691e342f6b,Alaska,Desktop,True
15095573-608a-4782-92b7-9223f5d85306,2024-06-25,Product Information,Human Agent,7.98,Resolved,0.73,3,3.1,7e06c00f-fbcb-4133-afb8-328d0986971c,Virginia,Tablet,True
522f95f2-1303-4335-8e4c-f4f927fc4487,2024-04-26,Technical Support,Human Agent,8.2,Pending,-0.04,1,7.43,10fc9690-08da-49e7-93ab-50a15d6d7ecb,Kentucky,Desktop,False
b2849821-a7c5-4016-ae37-2437ef46b385,2024-06-17,Product Information,Human Agent,6.97,Resolved,0.4,5,10.38,51103042-15a1-435c-a6b4-57fef0e8ec9c,Iowa,Tablet,False
712e1b01-3a99-4e2b-999a-deb73698479b,2024-01-12,Password Reset,AI Chatbot,2.41,Resolved,0.58,3,3.29,591d9256-413b-4f36-9c6a-ce801bc38b87,Minnesota,Desktop,False
18317d92-2da7-4457-a253-6a271fe07626,2024-02-23,Technical Support,Human Agent,4.17,Escalated,0.12,2,9.49,6f518056-404a-49de-a9fb-bbcfa1a62fad,Wyoming,Mobile,False
b45ed9bb-dc3e-4984-a43e-29f10b7fbd99,2024-01-04,Shipping Inquiry,Human Agent,1.76,Resolved,0.42,4,8.42,299e7073-d862-482f-af1f-ed6dfbec1138,Oregon,Tablet,True
d4aee4ba-6f5a-4cdb-9b14-d6e50aeeb1b9,2024-01-29,Account Update,AI Chatbot,0.87,Resolved,0.22,3,3.98,e86f77af-237d-4a44-a7f7-76d190dc06f5,Tennessee,Mobile,False
43b398c3-8179-45e6-a4ff-3b52503e7b24,2024-04-01,Shipping Inquiry,Human Agent,7.37,Resolved,0.56,5,6.64,49c313cd-85ab-4d42-b6d6-9850d8a5021b,Vermont,Desktop,False
374454d3-d304-452f-a249-218a3e761a2a,2024-03-10,Product Information,Human Agent,3.0,Escalated,0.59,2,3.6,fd943d97-27d8-4a78-8867-ef898542d045,Georgia,Tablet,False
8be71980-7def-4b12-9f29-3cc439805c5a,2024-02-20,Account Update,Human Agent,6.87,Resolved,0.35,4,5.25,8d23a0de-5606-4f67-bfd6-e133ae518960,Virginia,Desktop,False
c9cd12b5-16f8-46d8-bead-0c9cedf8fa20,2024-01-28,Technical Support,Human Agent,2.09,Resolved,0.35,3,8.83,f5349325-5486-48fd-87a7-227df186c524,Washington,Tablet,False
0bbc9761-afa4-4455-9c2e-f2dffe698bb4,2024-02-24,Account Update,Human Agent,6.69,Resolved,0.4,4,7.01,d1c266d4-b74f-44ff-aaf8-4a89c171e608,Delaware,Desktop,True
aa08084e-a913-483c-81c9-fc89a1903967,2024-04-04,Technical Support,AI Chatbot,1.02,Resolved,0.35,4,0.42,2da3b098-3179-4e1d-941e-0ee54fea95f9,Montana,Desktop,False
d3a6776e-448b-4501-85a4-8036d29e64f6,2024-05-21,Account Update,AI Chatbot,2.05,Pending,0.72,3,3.79,294afd3b-d6af-4d9b-88ae-f5cfd22c36bc,Massachusetts,Mobile,False
a1b04ffa-3cdf-4997-8ec0-93336047acaf,2024-04-05,Product Information,Human Agent,3.42,Resolved,0.35,3,6.15,50fecdf7-8cc3-4c16-9ca7-893eeeb20e46,Illinois,Desktop,True
1daeb6a2-c240-4adc-85cf-d56f9db89f84,2024-01-06,Shipping Inquiry,AI Chatbot,1.13,Resolved,0.61,3,4.64,2f9e463d-fdfd-44a2-9b23-f18bdf2a24c2,New York,Tablet,False
476c7271-028c-44f8-a4ef-35a6ce785927,2024-02-25,Shipping Inquiry,Human Agent,10.56,Pending,0.8,4,4.91,3d8c3d03-ddaa-48d7-866b-92369f89ff68,North Dakota,Tablet,False
ef53441d-596f-4cf4-8b4b-e706093de73c,2024-03-28,Billing Question,Human Agent,7.83,Escalated,0.52,3,8.67,9d899054-13ea-49ce-9222-1590e2c03c63,Arkansas,Mobile,False
f144974d-7981-4490-ab7b-8170f74c9bf9,2024-03-04,Technical Support,Human Agent,7.62,Resolved,0.2,5,7.26,9f0b5db9-553e-40d6-9896-aeda434199f5,Oklahoma,Desktop,False
3d5b2a3c-3837-471a-a7a4-c0b1968512b0,2024-05-02,Password Reset,Human Agent,6.96,Escalated,0.31,4,7.1,3661eabd-c147-473f-8dbd-d3a2843f6d63,Maryland,Mobile,True
edfae796-6c50-4663-b444-911c9dca44ed,2024-03-26,Billing Question,AI Chatbot,1.72,Escalated,-0.06,3,4.09,cc736a08-6ea2-4d06-8e31-edaf3b2262ce,New York,Desktop,False
e7e14cfb-4e29-470e-b322-fc6827c3715f,2024-01-23,Account Update,Human Agent,5.53,Resolved,0.08,4,5.92,8d6b546a-26f0-4cb0-bd16-9e63584bdd50,Alaska,Desktop,False
75e62479-fe0f-4832-97d5-448fff2f1be3,2024-04-21,Billing Question,Human Agent,8.06,Resolved,0.65,4,5.44,ea167fbd-81e1-415d-a221-16bc07fda4dd,Colorado,Desktop,False
1b449721-c956-4d23-a220-e0d454982036,2024-06-06,Account Update,AI Chatbot,1.36,Resolved,0.2,3,0.35,b8022f15-1a2f-46df-817c-bfe514a47013,Washington,Mobile,True
9ea7527e-715a-4b08-84c2-9f4501ed41e9,2024-06-03,Technical Support,Human Agent,5.92,Resolved,0.34,4,5.64,6befeb11-b876-4b72-adce-8461794359a1,Kansas,Desktop,False
75dff2fb-e85d-40a0-be9a-d645701d37bf,2024-03-08,Password Reset,AI Chatbot,0.44,Escalated,0.13,3,5.75,8fe4f238-edc7-4414-9182-35aa567cf674,Hawaii,Tablet,False
d8beb495-66ac-48c1-a25b-30db9df5b824,2024-01-05,Shipping Inquiry,Human Agent,11.6,Resolved,0.72,4,7.06,04942ea1-0db0-45ea-9ab0-81efc28216ff,Oregon,Desktop,True
eebc835d-2ef6-4b6d-b32e-957b8082f7fb,2024-03-09,Account Update,Human Agent,4.58,Resolved,0.54,2,7.56,11ad1dcf-e7f8-4ac7-88fd-9feb55ec9010,Minnesota,Desktop,False
95778260-cca3-4565-808b-567aa99749a7,2024-06-15,Billing Question,Human Agent,5.38,Escalated,0.19,3,7.17,db820653-2db1-4483-a04b-23683dfd864b,Nevada,Tablet,False
ef824690-5f32-40ec-bc20-fe196afb344c,2024-04-18,Password Reset,Human Agent,4.83,Pending,0.33,3,9.07,c5cf1af8-19ee-4d82-8bd6-98d985077519,Colorado,Desktop,False
a9b46377-339c-4142-ba5d-1eec005f3892,2024-03-06,Password Reset,Human Agent,3.99,Resolved,0.58,3,8.93,bce6cda6-84ad-4ef9-941b-8d7481962a38,Wyoming,Tablet,True
9b9dacd2-ca78-416f-9909-c18583bda2e1,2024-02-25,Product Information,Human Agent,10.78,Resolved,0.37,5,6.93,710d2352-449b-4054-9c4f-f701816f8662,Missouri,Mobile,False
baf4c075-955d-4764-ba34-9224b09be359,2024-04-21,Technical Support,Human Agent,0.5,Resolved,0.51,4,8.38,ccd6980e-8493-4e5e-9790-7f69adf277ce,Illinois,Mobile,False
dc7b28a9-4ee5-43ed-8938-e3fce25b4b95,2024-01-16,Password Reset,Human Agent,9.32,Pending,0.13,2,7.17,c9d23223-1ebc-4552-99ea-3a670dfc97a7,Delaware,Desktop,True
1ea9e725-29a2-40db-8dc0-1694658e255d,2024-05-27,Password Reset,AI Chatbot,2.45,Resolved,0.36,3,4.39,01e27253-fc86-48dc-bcee-745fbe4f9976,Minnesota,Desktop,False
37fc9d3c-a94e-4179-9128-1517229589ee,2024-04-10,Shipping Inquiry,Human Agent,0.5,Resolved,0.37,4,6.76,3f4558ef-cf07-4167-9647-88a4c383e9cd,Minnesota,Tablet,False
370d6b71-4d33-4b20-bb41-17e5e6bb06ad,2024-06-10,Shipping Inquiry,Human Agent,7.15,Resolved,0.12,3,8.32,a95f2507-323c-4748-b678-e772dbff6b37,Washington,Desktop,False
d5dab653-80e9-45f4-bafe-e7a613822c5c,2024-02-06,Technical Support,AI Chatbot,1.84,Resolved,0.28,3,3.33,6feb0c69-963a-4965-a5ec-47c00c2e4698,Oregon,Tablet,True
400f16f3-b002-43d8-8452-744986e0e475,2024-05-22,Billing Question,Human Agent,4.78,Pending,0.52,2,8.43,622f3e43-c523-4322-8d52-621b00724e68,Virginia,Mobile,False
9c17db40-9b3f-496e-9258-0c5a095790f4,2024-05-27,Product Information,Human Agent,3.06,Escalated,0.48,2,4.99,2412df49-5fce-46fb-b915-86f4217e0d7f,North Carolina,Mobile,False
7b059790-6543-49ad-bebf-f9cb826fdc16,2024-02-16,Password Reset,Human Agent,11.24,Resolved,0.26,4,8.2,2b661f6e-3062-4b52-b662-3550df64dac1,New Jersey,Desktop,False
bf6cbc99-830c-4675-a85b-b8bfc9dfb0d2,2024-02-08,Shipping Inquiry,Human Agent,2.99,Resolved,0.52,3,7.31,e9051470-258d-4177-b811-d497eb022350,Washington,Tablet,False
725c8456-54f3-4129-be5f-712dd58381d6,2024-02-27,Account Update,Human Agent,6.32,Resolved,0.65,4,6.34,9c2cf9df-8c3f-4d68-ab6b-a21f3ec1de3e,Delaware,Desktop,False
b673d3f9-3581-471c-af97-13792ed8efc5,2024-01-17,Product Information,Human Agent,6.37,Escalated,1.0,3,4.92,7da560f5-328d-44e3-86c9-8e364fc2306c,Georgia,Desktop,False
25651899-db62-4155-a51a-405da4aa77ec,2024-03-02,Technical Support,Human Agent,8.19,Resolved,0.69,3,7.05,4e681e0c-82ce-4e5a-bf25-44e71350c023,Arkansas,Mobile,False
2be99cd8-1f99-486c-965e-3adc7a021f5d,2024-04-24,Shipping Inquiry,AI Chatbot,1.01,Pending,-0.01,3,2.03,78078490-85cf-4599-a7af-06080174f68a,Ohio,Desktop,True
868515d4-886b-4708-bae4-ad8aee6fc8cd,2024-01-27,Technical Support,Human Agent,5.2,Resolved,0.27,3,7.84,9ac45d06-02ef-48d9-b63e-1708c4c3f9a7,New Jersey,Mobile,False
f2b62622-e369-4a6a-a391-fddbae4c9151,2024-04-17,Billing Question,AI Chatbot,0.42,Resolved,0.51,4,1.43,a5d19472-6d9a-41d6-a80f-c3f1f171b175,Wisconsin,Mobile,False
51e826d2-09ec-446d-9897-7f07476da839,2024-05-20,Shipping Inquiry,AI Chatbot,2.93,Resolved,0.63,3,3.56,5dbb06e6-7556-40c0-bb15-7eddabd07f74,Kentucky,Mobile,False
6644b923-ce4e-41df-95ea-433d9d839fcf,2024-01-07,Account Update,Human Agent,7.38,Resolved,0.46,3,6.22,bf2c460b-b7ed-474d-87b0-7ff3649ddbfe,Oklahoma,Desktop,False
271c796f-5dab-49e8-9834-ec301aa538a2,2024-03-20,Shipping Inquiry,Human Agent,3.78,Escalated,0.25,2,6.82,c24a49a8-bbb8-4374-99e1-a5671951f5db,North Dakota,Desktop,False
aa7d3ed6-c6f0-4113-94da-d30ad0b3ebe0,2024-06-24,Shipping Inquiry,Human Agent,10.45,Resolved,0.38,5,7.45,6645adae-6134-4ee0-b4f3-164baa049c1f,Vermont,Mobile,False
1420725c-e6d2-4292-b2cf-3910dff235e3,2024-05-20,Shipping Inquiry,Human Agent,5.66,Resolved,0.56,3,9.25,d346a768-60d3-461d-91d1-1cff9982ca7a,California,Mobile,False
ef01994b-3c16-4f7a-8e9e-171022befcb5,2024-01-03,Technical Support,AI Chatbot,1.01,Resolved,0.09,5,5.69,75af3ac2-4a77-4dc2-96f3-5af65bdb35d7,New York,Mobile,True
85245e70-8698-4ee4-87e7-3ba82e2b45b0,2024-02-01,Product Information,AI Chatbot,1.0,Resolved,0.23,4,3.7,3e8c5926-ec78-4c4a-8006-ea7926a3fd0f,Virginia,Tablet,True
b02af326-5eb0-4a3a-8242-b4b17f48f472,2024-03-01,Password Reset,AI Chatbot,1.26,Pending,0.49,3,2.33,23975c6b-521b-442a-b367-127f04183f4e,Utah,Desktop,True
18b7209f-dec2-4eaa-be7c-c3fb7012ab85,2024-04-16,Shipping Inquiry,Human Agent,7.17,Resolved,0.36,3,7.24,ecd566ec-448e-4e77-ac6a-123925f63bd7,Utah,Mobile,False
e47015b0-0ec1-4b8a-9456-30ad1b60258a,2024-01-14,Billing Question,AI Chatbot,1.71,Resolved,0.11,5,1.2,17130692-07fe-473a-8bbb-8011f7f8f141,West Virginia,Mobile,False
0d2694ad-d771-4248-985f-35841e5b8889,2024-04-13,Password Reset,AI Chatbot,0.25,Resolved,0.52,2,2.93,46ea09eb-782f-46c2-be82-83da9a8353d3,Kentucky,Mobile,False
a12f483c-ddef-4182-bd43-e6475bf2416d,2024-06-01,Password Reset,Human Agent,10.15,Escalated,0.41,1,3.89,7a9efd1b-cdb7-4a4d-b896-64faf445f16a,Illinois,Mobile,False
36b85ad8-2ae0-4df0-8b15-455f35e62114,2024-05-09,Product Information,AI Chatbot,1.07,Resolved,-0.03,4,6.08,f1f28bc5-fd81-411c-ad1f-b052154e495a,Colorado,Tablet,False
d5c78899-8df6-418f-a9cb-916ea724983c,2024-03-04,Account Update,Human Agent,4.01,Resolved,0.45,3,8.56,fc43d0cc-eb86-468c-a06e-459acae4c493,Vermont,Desktop,False
b46c9576-01aa-4e02-8ffb-bd4b3a6920df,2024-06-02,Technical Support,Human Agent,3.95,Pending,0.56,2,5.34,4e687e6d-0508-45d4-aad9-53951c9456ae,Texas,Mobile,True
128e2a67-3850-453c-b570-d8f5481cdb08,2024-03-13,Technical Support,Human Agent,6.8,Resolved,0.66,4,6.26,c89f5575-77b9-440e-8de0-0059f41bd5cc,Tennessee,Tablet,False
e9ec13ed-9a62-4ae1-98c1-f25fb381a74d,2024-04-28,Technical Support,Human Agent,10.59,Resolved,0.38,5,9.97,44e23b01-2176-4260-b333-6964f4fafd37,Texas,Tablet,False
601e5094-9068-4e0d-b384-78fff4a78d38,2024-05-09,Product Information,Human Agent,5.7,Escalated,-0.54,3,8.37,04aefa70-4d2a-4415-876d-7b89c60256ff,Kentucky,Mobile,False
8085b652-7a7e-4fe6-8c7e-a0fc88a73b33,2024-02-02,Technical Support,Human Agent,7.9,Resolved,0.19,5,7.71,36cb7084-56e4-4f10-ac18-4c1ea1681587,Alaska,Mobile,False
a7f3532e-6951-4fc1-94c7-06c8614d1d2a,2024-02-08,Account Update,Human Agent,7.71,Resolved,0.45,3,8.66,c9e2a3b2-8e27-4294-8b27-cd928285ffeb,Arizona,Mobile,False
05e9ce30-09da-414a-a5f0-ee2bf4c62f4e,2024-04-25,Billing Question,AI Chatbot,2.15,Resolved,0.32,4,7.14,c2a28794-fa40-4353-9f17-afb3d9251190,Oklahoma,Mobile,False
ef90bd94-0d38-4a06-87ea-e8364dfff0ec,2024-05-19,Product Information,Human Agent,10.3,Resolved,0.77,4,5.01,1d41e0b1-28e9-4f99-b858-9491fd867286,West Virginia,Desktop,True
0a69ad7b-7818-41e2-8c4c-ec2385b6106a,2024-06-16,Product Information,AI Chatbot,1.94,Pending,0.34,4,1.91,dead1862-d6ba-49f2-afee-59945036f55e,Delaware,Tablet,False
6791e238-7ad4-41aa-9053-dbce6d4b3b4b,2024-06-28,Product Information,AI Chatbot,1.65,Resolved,0.27,4,2.26,dc49fe63-e842-4b07-8f23-ca7850c182e4,New Jersey,Tablet,False
24926555-adbc-4172-af4e-8233ef9561cc,2024-01-07,Account Update,Human Agent,6.99,Resolved,0.11,4,5.9,bc34a6a2-35de-4fd1-acf4-7fc2c1456b5b,Connecticut,Tablet,False
a140abfb-fdfd-4806-8037-39ba05b7ab7e,2024-06-07,Account Update,AI Chatbot,2.07,Escalated,-0.07,4,6.81,7a1e7a77-2c82-4e48-bf9b-344cc4494ac6,South Carolina,Desktop,False
6c96c9ed-70e6-4eda-aaaf-62f2132e6b5d,2024-04-28,Account Update,AI Chatbot,2.53,Resolved,-0.03,4,3.82,6b69a388-cf65-4c62-beaa-0891ef9a1928,South Dakota,Desktop,False
200c4d8b-e5bf-47f4-8918-23202d4cc352,2024-03-26,Shipping Inquiry,Human Agent,3.05,Resolved,0.7,3,5.82,aca61073-eb35-4840-b9fa-babc08d8dbcd,Kentucky,Tablet,False
c62cf938-25a4-476d-ae44-4bcc9cc1485d,2024-05-28,Technical Support,Human Agent,4.56,Escalated,0.31,2,7.32,bb2d1693-c525-486d-a99b-b8b283c9a1e5,Arkansas,Mobile,False
3196aed8-5f7b-47c3-b070-f3cf55a6b2f1,2024-05-29,Password Reset,AI Chatbot,1.02,Escalated,0.68,3,3.13,7ad08624-30d1-4b88-941c-bbe2e0af4de5,Montana,Desktop,False
e362302b-3cb7-48b5-bd81-58e32c0ea55d,2024-06-16,Technical Support,Human Agent,5.86,Resolved,0.15,1,6.5,c1c68499-95d6-4b0e-88bf-5e187714309d,New Mexico,Tablet,False
a7d2a096-b8a7-4331-898e-a2a3aac1f78a,2024-06-13,Product Information,Human Agent,8.9,Resolved,0.79,2,5.73,f9db2ec6-0f39-4e82-9c76-3992df1c7303,Maryland,Tablet,False
44612b90-342a-4754-97a7-850750316dee,2024-03-27,Billing Question,Human Agent,1.15,Resolved,0.56,2,6.01,26ebdaa2-cb54-405a-953c-6121e010db77,West Virginia,Tablet,False
2e459530-2f45-41e4-975b-b844b8add9d9,2024-06-16,Technical Support,Human Agent,3.53,Resolved,0.36,3,9.09,cda06498-b048-485e-aa89-0b1c9020e733,Minnesota,Desktop,False
d86da92c-9446-4bc8-a9f3-2489d6647a45,2024-01-25,Technical Support,Human Agent,10.75,Escalated,0.78,1,5.16,3c34463a-d570-4051-9ba3-d8c0077ed72b,New Mexico,Mobile,False
5fe16ea1-7a56-460e-b92f-ccccfa8bf53b,2024-01-12,Product Information,Human Agent,2.48,Resolved,0.83,5,7.24,68d6b4f5-b129-48a2-ad31-70c43ef59cbd,Alabama,Mobile,False
f6c10503-73aa-437a-8ece-a2c283aef0ae,2024-06-16,Account Update,Human Agent,0.69,Resolved,0.38,3,6.52,8a8aed36-e01f-4631-9ff7-bdb3fffc8267,Maine,Desktop,False
538ae7e0-bee3-4db6-821e-f7fcc76c2a87,2024-05-21,Shipping Inquiry,Human Agent,6.38,Resolved,0.49,3,8.4,d1c8dfce-78b8-4f43-b273-090bc56385fa,Nebraska,Desktop,False
81f8f268-ba4a-4616-ac2e-92d7ed3f78da,2024-01-09,Technical Support,AI Chatbot,1.01,Resolved,0.22,4,2.46,86b18dbf-b270-429c-a383-921dee7bd1cc,Utah,Mobile,False
5be74cd6-e6cb-4956-9d2b-a3cb552b35cf,2024-05-27,Product Information,Human Agent,2.86,Escalated,0.6,4,6.66,699b7535-126e-4cd2-9294-0b5c02be2431,Colorado,Mobile,False
76ce42da-0864-49c5-9492-07ef3c53fb4f,2024-04-28,Account Update,AI Chatbot,1.27,Resolved,0.72,3,0.07,1f12eff7-490d-498b-9fdf-abbf0d5e1a33,West Virginia,Tablet,False
dfcfb3c0-2cae-4313-93d1-e669b029b3cb,2024-03-02,Shipping Inquiry,Human Agent,10.61,Resolved,0.48,4,5.57,2a6661e3-443f-40aa-bcae-410a12f4cad0,Colorado,Mobile,False
8d691f2d-2696-4647-a2cb-6c0afb5ef7c1,2024-05-29,Billing Question,AI Chatbot,1.71,Resolved,0.55,4,4.43,e114dcfd-9673-4d1c-969f-efa67e274d61,Montana,Tablet,False
0b8bdb2b-bc5f-484c-a724-3b67f2575469,2024-05-03,Account Update,AI Chatbot,1.81,Pending,-0.11,2,2.63,e9bbf3ca-2056-4110-9665-6f34f4bf8328,Alaska,Tablet,False
a199f4f8-4eec-4110-8f52-c16fafc56a7a,2024-05-26,Technical Support,AI Chatbot,1.04,Resolved,-0.15,4,6.7,2de76645-5991-4ab3-bf28-9abbb1eae038,South Dakota,Desktop,False
afd5cd6e-2c3a-493e-9900-111487720206,2024-04-15,Technical Support,Human Agent,7.69,Resolved,0.52,3,2.48,9d533964-d25a-43e3-a971-2a0ad154a0d1,Oregon,Tablet,False
30157fbe-bee5-4894-88f0-dad31ab3390d,2024-01-26,Technical Support,AI Chatbot,1.85,Resolved,0.16,3,2.42,1767a85c-6c0f-4f7f-96b0-b83408c246ec,Arkansas,Tablet,False
d4ed8f52-4a44-4bd3-8af2-f040984be30a,2024-02-27,Technical Support,Human Agent,6.13,Resolved,0.37,4,7.19,94d45379-152c-43b6-9054-2dc66b3c3141,Kentucky,Tablet,False
a99b8818-b27f-489f-93d2-00c5a9a1ee70,2024-01-07,Technical Support,AI Chatbot,2.65,Resolved,0.3,4,4.55,cb4c1374-3ace-4345-b38a-6bd5a22fba97,Minnesota,Desktop,False
bbb74f99-0705-4181-a46d-c2865ce0142e,2024-05-16,Account Update,AI Chatbot,1.15,Escalated,-0.08,2,3.75,a22b4ce0-2765-406a-9b2c-4b6d0d564b9e,Indiana,Tablet,False
9beb6139-91a4-4f14-91bd-6df4cf48c05f,2024-01-30,Product Information,AI Chatbot,1.8,Resolved,0.21,4,3.52,a40ffe47-74a3-45e0-b356-308cdcc810d9,Oklahoma,Tablet,False
42350ca4-fe83-4baf-b7a2-d4ce3182334e,2024-05-27,Shipping Inquiry,Human Agent,9.02,Escalated,0.45,2,7.75,25224c67-5931-49e6-a303-6dd65773a450,Missouri,Tablet,True
727455f2-961e-46de-b3d1-ce6aed47632f,2024-05-22,Shipping Inquiry,Human Agent,6.77,Escalated,0.2,2,7.43,9a84fca5-e036-4b42-9631-d5e85e8226de,Oklahoma,Desktop,False
f3b85f9b-6f3b-4a12-b58e-9db6b4a0e125,2024-06-16,Password Reset,AI Chatbot,2.08,Escalated,-0.04,2,6.65,9c34b13b-807f-4bd5-8aa6-ff4886e69789,Vermont,Tablet,False
705995a1-b02c-4c5e-9f67-5581ec49f854,2024-01-16,Shipping Inquiry,AI Chatbot,2.36,Resolved,0.53,3,2.97,b4eca402-db25-4925-9945-3084d918ac3d,Montana,Tablet,False
91f75be5-50fb-4feb-820b-c3fdaf7ab797,2024-02-24,Shipping Inquiry,Human Agent,5.03,Escalated,0.2,2,7.69,edf26e4a-1f60-4364-aaf6-bb20f140c8d6,Georgia,Tablet,True
37e95908-3e24-4b0a-aca0-a234a962913a,2024-04-04,Password Reset,Human Agent,7.07,Resolved,-0.19,4,9.39,4453365b-3c65-472d-a9b2-a51ebeec9f06,Michigan,Tablet,False
6720395f-bae9-4bf3-ab88-7387a74eab54,2024-06-28,Shipping Inquiry,Human Agent,7.0,Resolved,0.27,4,6.09,b16c9a81-5aaf-4f19-893a-320d93b0ebc3,Indiana,Tablet,False
7a7d9192-446c-4113-8024-73f84d27c5a8,2024-05-20,Shipping Inquiry,AI Chatbot,0.2,Resolved,0.5,3,0.47,0a8b4ec8-4e83-4268-97ce-e34e8f20b0c9,Rhode Island,Desktop,False
05b30243-4878-4592-a52b-4ffb7493e716,2024-06-23,Shipping Inquiry,Human Agent,6.41,Resolved,0.62,3,9.01,a886b87e-0d02-44e1-a585-4fc2ea6132b9,Illinois,Desktop,False
a3eef62e-ed0e-487f-89b2-7f1907cea90a,2024-05-18,Product Information,AI Chatbot,2.64,Resolved,-0.12,3,2.8,87aadad3-1343-487a-9d08-054265498938,New Mexico,Desktop,False
199e1133-d048-4772-9084-8bda1afb82f2,2024-05-10,Shipping Inquiry,Human Agent,5.36,Escalated,0.65,3,7.67,880cff76-aa04-4d90-94ac-8e8d609d0ff4,Tennessee,Tablet,True
44345515-7000-4661-b949-109d947bac4d,2024-02-09,Product Information,Human Agent,9.76,Resolved,0.35,2,6.03,dfb7e2c3-bf69-4165-b823-f07bece08ccf,Virginia,Desktop,False
557b2468-c398-4526-b1c9-e8a38966a46e,2024-06-06,Password Reset,AI Chatbot,0.84,Resolved,0.33,4,1.64,92382056-b66c-4c84-af30-487f774c23fd,Michigan,Mobile,False
6080250e-a1e6-4f84-8f3c-edbac7fbe519,2024-04-09,Shipping Inquiry,AI Chatbot,2.76,Resolved,0.54,3,4.22,b690f583-88cc-4ff2-b204-911c44671983,Louisiana,Tablet,True
d77781ef-614b-4964-988a-3ba662084375,2024-02-24,Account Update,AI Chatbot,1.8,Escalated,-0.11,3,4.82,725091a1-35b6-4f5a-b613-83a5e62bf146,Minnesota,Desktop,False
e0bbc6de-c917-4d52-845c-e4e1e8d3f29e,2024-03-06,Product Information,AI Chatbot,1.06,Resolved,0.79,4,1.76,19f4c1fd-fd50-45b5-b189-16108ac6fc8e,West Virginia,Mobile,False
e1433b63-13b6-4988-ae78-4ed8da664cd8,2024-02-23,Technical Support,AI Chatbot,1.17,Pending,0.78,1,5.16,eb4394d7-e4dd-46c6-84eb-5ebde581d1b8,Montana,Mobile,True
9edfae51-1cba-4569-ad22-885bb87667bd,2024-05-12,Technical Support,AI Chatbot,0.8,Resolved,0.36,3,5.38,7037aade-373c-4b62-b98b-594c6e46a736,Maryland,Mobile,False
80d3b745-1fa6-485a-b3f0-28a11f727cd9,2024-04-28,Billing Question,AI Chatbot,1.5,Resolved,-0.16,4,4.97,b09a079f-d421-4417-9574-8356d8921fb9,New Jersey,Tablet,False
20acc4af-406a-4b37-83ad-3c153bcb606e,2024-02-15,Shipping Inquiry,AI Chatbot,1.68,Pending,-0.08,2,3.32,11afe512-6d21-407b-a8fe-b27862a60e28,New York,Desktop,False
a389bf1e-f64c-4312-996d-7cf62313d82f,2024-02-10,Password Reset,AI Chatbot,0.59,Escalated,0.49,4,1.85,33af1055-d8df-4d98-a63f-754ba19c0b09,Kansas,Desktop,False
a4b9b3bd-2acb-4cdd-9bd7-d3b8aa5dc886,2024-01-04,Product Information,AI Chatbot,1.79,Pending,-0.02,1,3.89,c448259a-1196-4d07-9aba-49f64dab2c58,Michigan,Tablet,True
8b3d08b7-f0bb-43b1-886d-602d3c8ca2fc,2024-03-17,Product Information,Human Agent,3.05,Escalated,0.07,2,6.39,a74f1513-6d16-41ff-a245-7cb5722a2046,Iowa,Mobile,False
69084972-59e8-4cac-92b6-16a9e5125be0,2024-02-06,Account Update,AI Chatbot,0.86,Resolved,0.23,3,1.4,86c0fc0b-a94e-42cd-9c72-2513ad3e7884,South Dakota,Mobile,False
645554cc-3827-49c4-b0d0-395262e56b96,2024-04-15,Account Update,Human Agent,4.3,Resolved,0.13,4,5.0,d73331b9-c50f-497e-89a2-515b4d9327fb,Mississippi,Desktop,False
19002242-8206-4910-a530-cb89b2f49108,2024-04-21,Account Update,AI Chatbot,1.16,Resolved,0.72,3,5.68,a5353a26-357d-41dc-b0f3-fa18c057c6bb,Hawaii,Desktop,True
9a06567e-35b2-4823-aa17-a405baa25324,2024-02-03,Product Information,AI Chatbot,0.9,Resolved,0.3,3,3.27,e4fe935f-f7b8-45a0-81ed-f7a3ee72b27a,Alabama,Desktop,True
c37f08be-1ab4-498d-af3a-10efb78a2bca,2024-05-04,Technical Support,AI Chatbot,0.72,Resolved,0.39,4,0.65,53f1a106-be39-4b08-88cc-b1973cd84bb7,Connecticut,Desktop,False
e7c319a0-3ccd-442b-9e37-ed9d3a6dd0ba,2024-03-21,Password Reset,Human Agent,5.92,Resolved,0.32,3,6.54,35735159-a197-496b-9789-6af6b2efcab7,Alaska,Mobile,False
baad35e9-13a4-4c46-be13-6a1a87b883c1,2024-04-17,Password Reset,AI Chatbot,1.81,Resolved,0.46,4,3.66,d90e1167-5506-40f0-8fdc-8a75c9b16911,Arizona,Tablet,False
c6fac90d-a97f-4cca-b607-d338162c9e10,2024-05-24,Product Information,Human Agent,9.46,Resolved,0.44,3,8.58,138f892d-c4fe-44b3-b760-f1dfa44d7690,Louisiana,Tablet,False
e5978693-c6e7-400b-a7b6-be396671427f,2024-03-10,Billing Question,AI Chatbot,0.2,Resolved,0.25,3,2.22,5117ceb3-75ae-41b9-a11e-1186ff66fa9f,Montana,Mobile,False
3243d7a1-0199-4ea8-9257-a0f2dd83f16b,2024-04-02,Shipping Inquiry,AI Chatbot,1.64,Resolved,0.2,3,2.25,bbc4b9dc-dcb8-4516-a899-15b159634cb6,Missouri,Mobile,True
a642582e-7305-4f66-8e1e-be4bc4e2cb07,2024-03-09,Account Update,Human Agent,6.21,Resolved,0.13,3,9.08,56f1d324-4bd4-4325-a068-f1001b8cfeef,Pennsylvania,Tablet,True
59e2577a-894f-4786-8488-d1a92a19b1b5,2024-03-19,Shipping Inquiry,Human Agent,8.32,Escalated,0.39,3,2.73,ed56f707-bcee-40c7-a5a5-408833d8dbba,Louisiana,Desktop,False
bd515268-9492-4b82-b9cf-3f6a1ba38baa,2024-02-10,Shipping Inquiry,Human Agent,7.16,Resolved,0.53,3,9.74,7175784a-6c86-4a39-abf9-1768bc05f443,North Carolina,Desktop,False
5361459a-619c-4d2c-aaf9-461595c182a6,2024-02-05,Product Information,AI Chatbot,0.94,Pending,0.21,3,-2.64,2ca09c02-fa46-4189-8d46-16fbdd2ed12a,North Carolina,Tablet,False
1957c39e-8446-473d-8d3d-0af63ea678d2,2024-04-02,Technical Support,Human Agent,5.14,Escalated,0.18,1,8.16,354341d3-bbea-4dca-8d2e-713f1643c888,Kansas,Tablet,True
19d13149-16ca-4867-abcf-8b410167682d,2024-05-03,Billing Question,AI Chatbot,2.54,Resolved,0.17,3,0.72,3c4fe7a0-0b33-42a5-826b-795df246cd40,Virginia,Desktop,True
139f7696-1007-4421-bb7b-43cf7eda7437,2024-02-21,Password Reset,Human Agent,6.96,Resolved,0.13,3,8.51,50cf7452-a5b3-47e3-a092-fa42019abfa8,North Dakota,Tablet,False
12dcbe01-85ca-4423-b565-9ba7abbb50cb,2024-03-01,Billing Question,AI Chatbot,1.24,Resolved,0.34,4,3.8,ec4c340d-c208-4681-a791-f50dcef75583,New Jersey,Tablet,False
afae9b7d-1af6-4943-86fd-5236ab8d6163,2024-05-05,Shipping Inquiry,Human Agent,7.33,Resolved,0.42,4,7.4,276e4163-6a11-4614-85ef-9ea22379aecd,Nebraska,Mobile,False
ecfff74b-14cc-4b7d-89f6-50d4971e6cb2,2024-03-08,Technical Support,AI Chatbot,0.28,Escalated,0.35,4,3.96,f68a4ca2-e5dd-4c25-b815-eb80ac01e242,Hawaii,Mobile,False
40332348-0acc-4bae-9855-b2deaac930c2,2024-05-14,Billing Question,Human Agent,10.55,Resolved,0.25,5,7.27,a4504797-7211-4d68-a1d4-44bfc5215b6f,Illinois,Mobile,False
f0779077-f5f7-4dd9-bf4e-0c5f9a9a4544,2024-01-24,Shipping Inquiry,Human Agent,6.62,Resolved,0.41,3,6.99,d48ba0c5-686d-4ddb-9fd3-836f58f46da6,Kansas,Tablet,True
c3332d68-04f8-4560-b421-49ba9c1a0ef5,2024-03-11,Technical Support,Human Agent,5.83,Resolved,0.73,4,7.86,ff994f32-7920-41a5-9fe5-88b86864fd4b,Alaska,Mobile,False
e80d416a-8f01-459e-99d3-d7afcfcd67cf,2024-04-13,Technical Support,AI Chatbot,1.03,Escalated,0.34,3,2.78,8a7d12dd-8f03-4ee1-8d79-44ca7c67ee5b,Indiana,Desktop,False
bc51899e-d5cf-44f9-b738-6d9e6111ffb0,2024-04-25,Billing Question,Human Agent,4.31,Resolved,0.11,4,6.68,9254887e-1c82-4c1d-9dc1-fec518256638,Nebraska,Desktop,False
46948c20-f50a-453c-a199-f37b66b13a75,2024-05-03,Shipping Inquiry,Human Agent,11.16,Resolved,0.12,5,6.85,de35b89c-35bb-45c7-999c-746f00e22f13,New Jersey,Tablet,False
63a2aa31-d9ee-4da6-aa66-0827e4430f2c,2024-05-16,Account Update,Human Agent,11.28,Resolved,0.36,2,7.99,893af8c5-720c-4655-ac31-bf89a77b2f58,Oklahoma,Tablet,True
55ef12d6-9745-4f15-a4f8-0def7228a707,2024-05-25,Password Reset,Human Agent,6.68,Resolved,0.74,4,8.07,5a7df979-08a6-43fe-8eb2-3a32996a8c4b,Missouri,Desktop,False
580aea12-66b4-4776-b4f3-620ced879554,2024-06-27,Account Update,Human Agent,4.04,Pending,0.02,4,6.68,e23b10a0-49f2-46f6-9b32-181f804fee4d,Washington,Mobile,False
9ac34d33-2cf4-4cf1-b476-67b378f7dc38,2024-02-12,Account Update,Human Agent,3.85,Resolved,-0.12,2,5.78,79488bc2-e963-42ad-bf9e-1dc17176b9e0,Iowa,Desktop,False
d16927a4-33e4-49fa-9637-8ccd0a491c94,2024-01-08,Billing Question,Human Agent,9.68,Resolved,0.42,3,7.84,b097c3ce-0bf6-4ea4-a8af-1061845eda0b,Wyoming,Mobile,False
2eb0e3cd-ac85-481b-b74e-4e190694c921,2024-04-26,Technical Support,Human Agent,6.44,Resolved,0.8,4,7.55,d5a52b20-7c50-40b8-9a09-7a5c802b1382,Mississippi,Tablet,False
69a81156-c87e-4539-9f76-b1edc1ddbc20,2024-06-01,Password Reset,AI Chatbot,0.92,Resolved,0.42,4,0.62,43f3ff62-fafb-4531-a007-be6134215bf7,Montana,Desktop,False
f12a6837-9ae5-4dc2-93f7-5e5330a64a74,2024-04-08,Billing Question,AI Chatbot,2.79,Resolved,0.6,3,1.85,74cec2ff-3967-48d8-97ba-e8668c67a428,New Jersey,Tablet,True
e303bc39-6a50-4f3e-be3d-67ceb0ae29a4,2024-05-05,Password Reset,AI Chatbot,0.99,Resolved,0.14,5,3.03,1d8efc87-0825-4a40-8690-aa890caaec1e,Missouri,Tablet,False
36a57f10-d9aa-447a-a99d-cca2627e7383,2024-01-28,Shipping Inquiry,Human Agent,13.35,Resolved,0.04,2,5.99,08d5ccc2-0d5d-4e14-8711-f4bfdd36e148,Oregon,Tablet,False
d4ca9947-c3ad-4848-bdda-c9e065825bb5,2024-02-16,Technical Support,AI Chatbot,1.21,Resolved,0.55,4,6.39,3d617b04-19ba-4925-b447-8653b50b4682,New Jersey,Desktop,False
d4af38de-9343-4b6c-ae0b-267d0a6df71a,2024-04-29,Account Update,Human Agent,9.61,Resolved,0.29,3,6.13,158c7af8-38c3-4f11-a9ad-e46ff0b417bd,Missouri,Desktop,False
7ab14589-965a-467b-b918-757b55115564,2024-05-15,Password Reset,Human Agent,9.08,Resolved,-0.02,4,7.5,79c7f562-8b40-4c3f-8e5b-36b3f097ba2c,Washington,Tablet,False
ed96b423-c8c6-4041-8224-732e78eae782,2024-05-19,Password Reset,Human Agent,11.84,Resolved,0.86,2,9.24,761cb098-6621-4695-849d-3dc681cee1bd,Nevada,Tablet,False
abed00bd-c424-4d58-9cf6-e44afa3c1a8e,2024-05-04,Account Update,Human Agent,4.96,Resolved,0.53,3,6.74,8c8939bb-9d9a-4fef-b1d1-368c503b2549,Wisconsin,Mobile,True
26701dea-2177-49c2-b173-27081979779b,2024-03-19,Technical Support,Human Agent,0.74,Escalated,0.45,2,6.99,81a58314-cc7f-4811-9557-2cbf1b504698,North Carolina,Tablet,False
532b5871-186e-41ff-af9e-88c16a35a76f,2024-05-05,Billing Question,AI Chatbot,1.83,Resolved,0.01,4,4.1,8d5d54dc-fce2-4dfd-afef-609b724e2959,Tennessee,Mobile,True
366b1c8a-fa00-432e-a588-23a427cef0e9,2024-05-12,Billing Question,Human Agent,8.46,Resolved,0.26,3,7.05,a2cc5375-59c7-404c-9c6a-58471cc9baf4,Colorado,Tablet,False
ceb362a8-1028-4249-9b67-e2a8530b2ab3,2024-03-02,Password Reset,Human Agent,5.96,Resolved,0.06,4,6.49,0899be9b-be92-46a5-925d-402658b4871f,Iowa,Desktop,False
2f337bbf-0f87-456e-aae4-fcc8d5887709,2024-03-28,Product Information,AI Chatbot,0.24,Resolved,-0.01,5,2.23,80cdf64c-d30e-4568-8a67-5f7b1b4fc5f2,Kentucky,Desktop,False
69417b45-3c1e-46ff-9838-a62db74989ed,2024-06-03,Password Reset,AI Chatbot,1.88,Escalated,0.42,1,4.7,936536ce-92d4-4c83-9b06-298a72975ecc,Colorado,Desktop,True
3ac0c976-87b3-48b0-8fb5-4dc479dd0b02,2024-06-05,Billing Question,Human Agent,6.97,Resolved,-0.15,3,5.68,f7c00a0f-ddb4-4c08-9757-a039deb4e3c2,Vermont,Desktop,False
ee9a867a-78fb-4e4b-a0c3-ab0dc6dffc16,2024-01-27,Password Reset,Human Agent,4.11,Resolved,0.33,4,7.76,6b767ed1-d514-4234-bfa1-ac9f93031b77,Oklahoma,Desktop,False
9038dd36-7241-4bc1-bf31-d5b0fbd25ccb,2024-01-30,Password Reset,Human Agent,10.72,Resolved,0.08,3,6.8,46bd5723-7e32-493d-a377-51b6f134343d,New Jersey,Desktop,False
0b9d9b5d-3afa-4edd-ae64-bf14103aed99,2024-04-06,Password Reset,Human Agent,10.1,Escalated,0.34,2,7.54,902794de-ddeb-4b23-b8fe-1605cb1f2613,Mississippi,Desktop,False
1ce42925-59c4-4b85-acdb-ae46d5ae1e9e,2024-02-14,Technical Support,Human Agent,7.55,Resolved,0.52,3,5.17,5fe2b2e6-0f3d-48c2-9f62-2b9d96617934,Missouri,Tablet,True
29cbc4be-2fab-4ce5-98e8-28774906015f,2024-05-24,Account Update,AI Chatbot,0.58,Escalated,0.17,3,4.83,23021b4f-a711-4fcc-9349-72147a67bb4f,Minnesota,Desktop,False
d9bd64c0-1add-4169-910c-20f767241018,2024-04-26,Account Update,Human Agent,10.07,Resolved,0.08,4,5.24,40915624-77da-42c2-9524-8ecd6550a338,Missouri,Tablet,True
0b2a1ae6-ac5e-4588-9729-0a5146a38d4d,2024-01-09,Account Update,Human Agent,7.98,Resolved,0.38,4,7.57,08bc963b-0095-40f1-a71e-9c754f489ab9,Nevada,Mobile,False
5ce1dc9d-6ca4-40cc-b33a-03d925ff2f6d,2024-04-06,Account Update,AI Chatbot,1.07,Resolved,0.27,3,1.35,87ce2afd-313b-4141-9109-375ffa06d328,Massachusetts,Mobile,False
5b2a02ab-b126-4ed7-9cb6-a43322225016,2024-02-19,Billing Question,Human Agent,8.11,Resolved,0.27,3,7.63,c2eead5d-96f9-4a88-800e-e46ddab55a67,Wyoming,Desktop,False
3d92859d-f302-4948-84d5-d9d1c41aa160,2024-02-09,Account Update,Human Agent,6.68,Resolved,0.35,3,8.09,6b45883c-5a60-4ac2-90c8-de24a212352e,New Hampshire,Mobile,False
4f9d405f-3dc6-46be-8096-4dd32b0338e8,2024-04-09,Password Reset,Human Agent,9.43,Resolved,0.68,5,8.17,880f854d-be99-4b20-b866-5de591f0352f,Maine,Mobile,False
1677b249-5f1c-464d-8294-0ecc7406487e,2024-05-12,Account Update,AI Chatbot,1.39,Resolved,0.08,3,3.08,72c07013-83d5-4f8b-a105-7c48dbeba6a4,Virginia,Tablet,False
7e0ee5be-edda-47ce-b1e6-55fa229f8a43,2024-02-14,Shipping Inquiry,Human Agent,4.57,Resolved,0.27,4,5.72,b14dd378-d11c-4cde-b01d-9cd5e2211f8a,New Jersey,Tablet,True
a999b503-712c-4b18-82d4-5628cb5e0f44,2024-03-09,Product Information,Human Agent,6.32,Resolved,0.08,3,6.76,dac3c157-088f-4a43-92b5-80d229ef3aa1,Delaware,Tablet,True
697e6b41-5029-405c-a701-919a80a35e66,2024-03-07,Shipping Inquiry,AI Chatbot,2.53,Resolved,0.41,3,3.0,9797a01d-a585-4c26-a8da-7ca2a10f737d,Nebraska,Desktop,False
a0b2dd85-4181-44eb-ab21-d622892a8b09,2024-02-20,Account Update,AI Chatbot,0.63,Resolved,0.42,5,2.6,eba889e7-d19e-4dc9-8454-41fa38e27da3,Michigan,Desktop,False
4fea5183-1d35-4e38-b59c-df06548c3bd9,2024-01-13,Product Information,AI Chatbot,0.89,Resolved,0.56,3,5.35,c92c81e9-6ac9-45d2-9766-60d5bcb3d9b4,Wisconsin,Desktop,False
41306953-e8ef-4885-8fa7-8ef6b483d291,2024-04-04,Shipping Inquiry,Human Agent,0.5,Resolved,0.51,2,6.21,3366f6c3-0aa6-4cb4-a4c1-f935915db13d,California,Mobile,False
2728d04f-6ff3-4cdb-9f91-af5dad9baab9,2024-04-09,Shipping Inquiry,AI Chatbot,2.03,Resolved,-0.1,4,3.0,ce1fa23f-ff84-4ce2-bd64-dffe690dd0f3,Oregon,Desktop,False
79d93098-681b-495d-9678-4c8c2a95da89,2024-04-22,Account Update,Human Agent,7.02,Escalated,0.61,2,8.59,40db2d79-8c74-4ef1-bd19-e8fcdb051d70,South Dakota,Desktop,False
961de31f-28f1-486d-82d5-d8ac606db5e3,2024-01-19,Product Information,Human Agent,10.3,Resolved,-0.17,4,8.82,1a385ed4-28a6-4e24-a115-7515380e0f56,Michigan,Mobile,True
a2fbb2c1-53a2-4399-a257-6175947db738,2024-04-01,Product Information,Human Agent,9.87,Resolved,0.19,5,6.24,b5dfa868-f77b-4073-b919-96111f21a1be,Utah,Desktop,False
43133d7b-2222-4116-895a-573ef5e6291a,2024-02-23,Billing Question,AI Chatbot,1.85,Resolved,0.1,3,3.16,7ff62e41-be5a-406c-b0df-4243c9c9336a,Indiana,Tablet,True
cec00d78-d789-4857-ab64-99a9a566d2d3,2024-03-13,Password Reset,Human Agent,5.29,Resolved,0.54,3,5.14,f696c54c-04da-4155-881b-094add34d0c1,Nebraska,Tablet,True
1ac49a57-b3c9-4342-8655-15059f9a2401,2024-04-10,Billing Question,AI Chatbot,1.61,Escalated,0.07,1,2.32,7d636513-53b2-478a-9bfe-64f7d08e6bbf,Nebraska,Tablet,False
d0795466-bfd2-4459-913b-3444f1f53dd8,2024-06-25,Shipping Inquiry,AI Chatbot,0.2,Resolved,0.33,3,0.83,f2d4c825-3c10-43a4-a9cb-1d53404c34db,California,Mobile,False
b654ae75-013b-41da-9c90-6733318b151e,2024-04-06,Shipping Inquiry,AI Chatbot,0.97,Resolved,0.21,5,3.0,b7cd79da-b486-4a29-becd-a8f143b2bb54,Hawaii,Desktop,True
7bcb09f1-bf84-4abb-9d3e-ecdf2521abe2,2024-03-25,Billing Question,AI Chatbot,2.06,Escalated,0.11,3,2.65,4f58e6ae-b8d6-4624-b25a-941b40b03f54,Tennessee,Desktop,False
3e1ca94c-1b68-4473-811b-151df9fa89f4,2024-01-03,Product Information,AI Chatbot,0.87,Escalated,0.37,3,-0.9,4517b6d5-5b78-48e9-8dc3-35a82f369c59,Tennessee,Desktop,True
e078425b-a2ce-461d-a884-60e3b6b8d886,2024-02-16,Product Information,Human Agent,7.19,Resolved,0.89,4,9.23,8c07c845-a326-4509-bb79-10a2c611ac26,Connecticut,Desktop,False
9ceedf7c-7da5-4feb-a807-3e18c92f27c1,2024-02-04,Account Update,AI Chatbot,2.09,Resolved,0.85,3,2.74,7b4f7aa2-298e-4749-8422-0c17af912e88,Vermont,Mobile,False
ed771405-8134-4e67-ac54-84593cc87799,2024-05-08,Shipping Inquiry,Human Agent,6.45,Resolved,0.14,4,8.76,1e980188-5b60-4b1d-b6fe-57f7c3d30d93,Vermont,Mobile,False
2b8e5c90-c44f-4961-87fe-8a84ee62bfa7,2024-02-06,Billing Question,Human Agent,0.93,Resolved,-0.03,4,4.07,e64a2155-1c69-4db1-87b8-ecaea1fd1a84,Oklahoma,Mobile,False
9cb5301f-fa30-49f1-a0bb-1bce0ca67e88,2024-06-01,Technical Support,Human Agent,6.39,Resolved,0.24,4,8.33,38f150a1-cbf0-4077-b2af-465aa304da9d,Montana,Tablet,True
c297e5b2-a2d2-4de2-b55a-87f936839ece,2024-05-11,Billing Question,Human Agent,4.54,Resolved,0.19,3,5.18,c973c125-df96-44ed-a712-1436b0817e22,Iowa,Desktop,False
25d78a63-dda1-439b-b7c4-7546f5415812,2024-03-16,Account Update,Human Agent,12.11,Resolved,0.68,4,7.33,63dfab59-57e6-4ff9-a03a-8ff103443e6b,Arkansas,Tablet,False
396cbac1-0de4-433d-bbe0-243858ccabcd,2024-02-22,Product Information,AI Chatbot,2.2,Resolved,0.41,4,4.81,c207fb71-09b0-4316-8faa-3e5b1fb8f96d,Indiana,Desktop,False
49abb675-f554-4038-9972-0c8d665c9861,2024-06-14,Password Reset,AI Chatbot,2.0,Escalated,-0.21,2,3.89,46fa2815-5f41-4bdd-b008-eea147f6ea3c,Nebraska,Tablet,False
3da5603c-f2d6-45e3-a069-c2a6e312653f,2024-05-22,Account Update,Human Agent,7.01,Resolved,0.58,4,4.83,7ae2ed8a-e14f-4d57-b29c-fabd1ba6bf64,Texas,Mobile,True
74c85428-b1f2-4982-a812-f5223ac38bb8,2024-04-22,Billing Question,Human Agent,7.14,Resolved,1.0,3,8.44,2db914a9-714b-45b2-acc4-3d6a2e95838d,Massachusetts,Desktop,False
7a66d4fe-a4f1-4354-8359-64547d27ba12,2024-04-05,Shipping Inquiry,AI Chatbot,2.42,Resolved,0.11,3,5.95,5e79b07d-9538-47e7-8313-92e9564bef26,Nevada,Mobile,False
3aceed0c-1505-4599-a6da-b8015044e91e,2024-06-07,Account Update,AI Chatbot,1.19,Resolved,0.51,3,4.97,a4a0ed28-48bc-47ba-8af7-deef07dcc4f1,Colorado,Desktop,False
93747e15-f4de-4a6e-bc93-af1c81ecf7db,2024-04-30,Technical Support,AI Chatbot,0.32,Escalated,-0.23,2,2.58,667ae2ba-7c0b-4027-9212-933a7749fc0a,Maine,Mobile,False
16d39748-6bf8-49ee-9365-55df7cc5110e,2024-06-06,Account Update,AI Chatbot,0.49,Resolved,0.05,3,3.8,e623952b-ac53-48e2-9466-6fd1e3da5971,Nevada,Tablet,False
5cf851d2-eb62-43a9-a814-267c8d833e7f,2024-05-25,Account Update,AI Chatbot,1.39,Resolved,0.01,5,6.74,6ce8a42c-f687-495e-8445-e8b7495efbf7,Louisiana,Desktop,False
64db9c56-13ca-44c1-8c2a-cd5871d898d2,2024-03-26,Product Information,Human Agent,8.23,Resolved,0.12,2,6.61,c7bcc390-4253-426a-937c-3a574606d874,Montana,Mobile,False
9a27b8b0-0fd7-4017-82a9-2b4fd3f20177,2024-04-25,Product Information,AI Chatbot,3.0,Resolved,0.25,4,1.64,33ae2d3d-b9fa-406e-a179-80a385bf7b94,Rhode Island,Mobile,False
eef235f3-34d6-4d0b-ad79-caeef717a204,2024-05-06,Password Reset,AI Chatbot,2.86,Resolved,0.5,3,3.53,1841eb13-0170-4c34-8d37-84a9c0d5db6c,New York,Tablet,False
1fd8d12c-6061-41c6-aad5-dc2c103bfef0,2024-04-27,Billing Question,Human Agent,8.43,Resolved,1.0,2,7.27,4d55ab1c-a5ba-4d32-af08-0c9b9f50d612,Oregon,Desktop,False
110a0c09-7585-469a-9d30-2d68ad85af2f,2024-03-27,Product Information,Human Agent,8.23,Resolved,0.56,4,6.69,5bb9df19-f4ea-44e4-a2d5-431d7c140e5e,Louisiana,Mobile,False
9f49f8d8-60c1-4b4b-8323-42066cbc475b,2024-06-09,Billing Question,Human Agent,11.63,Resolved,0.75,3,4.46,9376783d-c57c-4865-903a-bd163c42b372,Nebraska,Desktop,False
6c6430d2-10b6-4941-a8c1-56c0ec9c9986,2024-03-28,Password Reset,Human Agent,5.9,Resolved,0.5,5,6.67,c1077a2c-d72a-4d4c-9975-3dee7b3c17e4,Vermont,Mobile,False
27497941-42e4-43c8-8ad4-a298cb31202c,2024-04-04,Billing Question,AI Chatbot,2.12,Resolved,0.17,4,2.16,1021fec7-d4cd-44af-9b5e-5d4cbaa0266d,Vermont,Desktop,False
d96b7722-14bf-4f19-a734-2e3f7c9d3273,2024-05-25,Product Information,AI Chatbot,1.37,Resolved,0.17,4,4.02,4c52f3bb-ccc3-4919-a7aa-d9c1b56584f3,Mississippi,Mobile,False
88c7b542-8559-472c-a8e4-ac69df9b7b44,2024-06-01,Shipping Inquiry,Human Agent,8.43,Resolved,0.15,3,6.51,dfa05927-ce2f-46ca-8c70-95075895fedb,Vermont,Desktop,True
3600004a-b5f4-4574-993f-a565c47309d3,2024-01-30,Password Reset,Human Agent,6.35,Resolved,0.33,4,8.38,45451ffa-0166-45b6-b1ac-dee909c26916,New Jersey,Mobile,False
004ae623-81d6-4475-a7ea-6d2d25084376,2024-04-13,Product Information,AI Chatbot,0.34,Resolved,0.67,5,4.58,a2717aaa-fdbf-4760-98eb-ca8611ebdaa5,Washington,Desktop,False
6a4abd0b-8b1d-4f38-a875-472adff067f7,2024-06-10,Shipping Inquiry,Human Agent,7.88,Resolved,0.38,4,6.65,61298c48-f776-4a51-8edb-5068152c572b,Georgia,Desktop,True
1326f91b-28e3-4b7f-94c8-88b1c6fe9257,2024-06-22,Technical Support,Human Agent,5.12,Resolved,0.06,3,7.89,298e6fc4-270d-4366-990e-f6309a470633,Washington,Tablet,False
01b8fe6b-f2aa-44d1-8567-2287f9bc89d9,2024-06-16,Account Update,AI Chatbot,0.2,Resolved,0.5,3,1.35,4d684e21-53b2-4f83-a39f-f09263f34288,Idaho,Tablet,False
031effba-0932-4e0a-b69f-89828ad3eb3a,2024-05-19,Product Information,Human Agent,4.0,Resolved,0.64,4,6.79,1d63827a-0c49-4d33-8cc8-e3b623543880,Iowa,Desktop,False
28f84d0d-96ca-4d64-8445-ad1f0db30757,2024-05-05,Billing Question,Human Agent,6.35,Resolved,0.55,4,7.87,13bef3a6-ceed-43f2-a3b2-74cea99e11c5,Oklahoma,Desktop,False
fc7ab22e-58b0-4738-bec6-63f4a1da81a5,2024-02-22,Technical Support,Human Agent,9.17,Resolved,0.22,4,5.92,1a1d016f-740a-4f0e-ab45-7b25a048aee9,Oregon,Desktop,False
2584aa97-e469-4844-b5b9-c63beb337984,2024-03-28,Account Update,Human Agent,8.62,Escalated,0.67,3,7.23,4976fbe1-9b08-46e5-be2d-2a262dcb4234,West Virginia,Mobile,False
d0cf2176-c476-43c2-9e94-1dc475b6e951,2024-04-28,Password Reset,AI Chatbot,0.99,Resolved,0.74,3,2.27,ff342ae9-fe25-4753-acf6-743abf1fe4c4,North Carolina,Tablet,False
e99c446d-6d3a-4ad8-a73c-6ea819226411,2024-01-29,Account Update,AI Chatbot,1.6,Resolved,0.32,4,3.63,7edbcec0-1b0c-43ab-80b3-cbf386850649,Kansas,Mobile,False
f543cf3e-b01f-4a0b-ae6d-41a8a5a9fffd,2024-03-31,Product Information,AI Chatbot,2.34,Resolved,0.13,5,4.57,f2e7dd4c-0f5a-4ec7-bdbc-4d3ce93c8735,Mississippi,Mobile,False
d408ff37-7819-4422-9b4c-22c804998a82,2024-05-22,Billing Question,AI Chatbot,2.5,Escalated,0.66,3,4.9,52b0f024-ceda-4db0-a4e1-9628fb8e6bc7,Louisiana,Mobile,False
15e3e57e-1011-499c-a679-942d40b1c9d8,2024-04-27,Password Reset,Human Agent,2.38,Resolved,0.36,4,7.42,cffd8359-7198-46d1-9f4a-55e3b33ff7d9,Utah,Desktop,False
b8bd87c4-386f-444d-aee4-30d36132bd69,2024-05-21,Technical Support,AI Chatbot,1.9,Resolved,0.29,4,1.82,fed9716f-aa45-4d0d-9d21-f541b2124534,Washington,Mobile,True
20f50c7d-b156-433f-a02a-2b1449bb0601,2024-04-20,Account Update,Human Agent,1.92,Pending,0.45,1,9.53,883f3e9a-82ba-404f-ad84-575a322d7654,New York,Mobile,False
6bbc0818-5068-4b21-b81f-bf28a4fbadda,2024-06-07,Account Update,AI Chatbot,0.49,Resolved,0.86,3,1.27,05224bc0-eabc-4a45-8dc4-90244e78a4ad,Kentucky,Tablet,False
991d33c6-9467-4e4f-b0ed-34067caf9869,2024-05-21,Product Information,AI Chatbot,1.47,Pending,0.46,2,3.52,253d7ba6-75fc-4594-ba68-06f6cb2f6467,Wisconsin,Mobile,False
8e5543a1-7239-4672-9d3b-6d48ccc020e1,2024-02-03,Password Reset,AI Chatbot,2.19,Pending,0.72,2,2.41,57bdc024-609b-4832-9988-74ede4e83f1b,Indiana,Tablet,False
17489027-a63b-48b7-9504-e35f174edfc9,2024-06-16,Account Update,AI Chatbot,1.07,Resolved,0.23,3,3.77,a323f33d-761d-4289-9650-326372d49889,Kentucky,Tablet,False
a2fb882a-fde3-4676-96ee-b78c0a7937af,2024-05-02,Billing Question,AI Chatbot,2.0,Escalated,0.13,2,3.52,6ecf8aff-5c2a-4d0c-ab3f-04f6bd1d0946,Hawaii,Desktop,False
9fe2bc05-9a3a-4c7a-8630-e3f8ab9d1d95,2024-05-23,Shipping Inquiry,AI Chatbot,1.31,Resolved,0.53,4,2.0,733fdd8c-6109-4ed6-bd0b-0b2de73c7bf0,Vermont,Desktop,False
0f7f3eee-3e9d-41df-ac29-5f025b9d61bc,2024-05-16,Billing Question,Human Agent,3.16,Resolved,0.09,4,5.89,da806e68-d599-4d3f-81c3-ef824cc1b17d,Arkansas,Tablet,True
178ef3e0-4e9e-4c1d-8a38-93d2a3c9e540,2024-06-22,Shipping Inquiry,Human Agent,7.07,Resolved,0.1,4,9.03,061d3fda-3a8b-4691-82c4-87ef401b6b70,Wisconsin,Desktop,False
6134c2a1-17a9-487a-a068-8763d8572287,2024-04-23,Account Update,AI Chatbot,1.09,Resolved,0.79,4,1.61,acd6dbfa-3553-47c3-9668-29549e141ea4,Florida,Mobile,False
d00dd511-1ad9-43ef-9cfe-cb5a250b3e99,2024-06-10,Technical Support,AI Chatbot,2.02,Pending,0.45,3,2.36,8c5fc864-9a8e-4b69-8eee-a533ddf6f28b,New Mexico,Tablet,False
c8f7d472-ca23-4a8e-9d9c-0ee64f021f7c,2024-06-24,Product Information,Human Agent,10.07,Resolved,0.36,5,7.45,ccd070e3-1eb6-46db-8122-38d9b734b2ec,Nevada,Tablet,True
bef795e3-4c18-48a0-a2a2-1c11714052fb,2024-01-18,Technical Support,Human Agent,9.81,Escalated,0.29,4,6.58,21bf6acc-ed5e-40c4-8729-3db84b84687a,South Carolina,Desktop,True
5df3e4a7-2ad8-48b4-8973-6ca4d3ce3aa1,2024-05-04,Password Reset,AI Chatbot,1.61,Escalated,0.89,2,3.29,1fd2e3d6-74e7-4778-ac7e-0ec80db37476,Kentucky,Tablet,False
13fdf360-7c15-4c2a-a8b6-93fb813e1f87,2024-04-05,Product Information,Human Agent,9.36,Resolved,0.77,3,7.46,4528953c-4d66-49c0-810f-ae43f981cdfe,Montana,Desktop,False
f5f68c2d-6aeb-4db9-9708-91ad6e620de4,2024-06-10,Technical Support,AI Chatbot,1.13,Escalated,0.12,3,3.34,1a3a0677-781c-4ebc-935e-443ff7e62960,North Carolina,Tablet,False
84a76775-2cd0-4a35-9076-86e4f7445e7d,2024-02-10,Product Information,AI Chatbot,1.86,Pending,-0.01,3,4.09,3d1646f2-5e9b-40fd-b70b-3229bad95451,New Mexico,Tablet,False
9ebb3eca-7f47-4333-957d-d08b0023d470,2024-04-21,Product Information,AI Chatbot,1.72,Resolved,0.24,4,2.88,8c268236-10f4-4657-b6dc-e414e0f9ba60,Ohio,Tablet,False
0de3b1b7-dc43-4a45-9732-69a8acb7bfbe,2024-03-03,Billing Question,AI Chatbot,2.71,Resolved,-0.06,5,2.84,a5f2b58b-603b-48ac-8483-a6265657e35c,Delaware,Desktop,False
427bc9a6-1f2f-41de-9700-6a3ccb1c6aaa,2024-04-10,Billing Question,AI Chatbot,1.23,Pending,0.4,3,3.89,60270050-0203-456b-953d-b8b49084687a,Virginia,Mobile,False
c63d2fd0-c5cb-4efa-8202-5509201f0b26,2024-03-01,Shipping Inquiry,AI Chatbot,1.93,Escalated,0.41,3,5.21,fd40b81e-bce0-45f0-ab84-ff2a7000b775,Florida,Desktop,False
9001dbbc-b8fa-4413-b632-9dca25af830a,2024-03-02,Product Information,Human Agent,3.09,Resolved,1.0,4,4.39,c7b7d4dd-d209-4b06-924c-f73cb52cf662,Utah,Mobile,False
d96dd451-907f-40f4-b1dd-5baf64c64156,2024-02-24,Billing Question,AI Chatbot,0.78,Resolved,0.16,5,4.03,4d1c8fc2-5e3a-4cdc-aeef-375447a26008,Connecticut,Desktop,False
46bbdcca-4d76-4ef9-bfc8-7ed1d799994d,2024-01-01,Product Information,AI Chatbot,2.6,Resolved,-0.15,4,3.03,3d6ba8ee-8366-4080-b0bc-be01c7dace44,Montana,Tablet,False
fd56ea31-632e-4e8c-8c9d-db584977c7a4,2024-06-24,Shipping Inquiry,Human Agent,7.81,Resolved,0.53,3,7.97,7cc0477f-9863-4557-a61c-e4030e3514f3,Pennsylvania,Tablet,False
c0e0540d-54dd-4304-98f3-320dea1b5b17,2024-04-20,Account Update,AI Chatbot,1.02,Escalated,0.67,3,5.02,c524bbb2-6e9d-4972-b1ea-c60042215ebc,New Hampshire,Desktop,True
067f09f5-45f3-412b-9079-87a1503bfc9c,2024-05-19,Password Reset,AI Chatbot,1.75,Resolved,0.39,5,3.44,62c41169-fe10-4e64-813a-c2bb03beecb9,Louisiana,Mobile,False
c21cea8f-0c24-4668-a419-667783ad683c,2024-01-30,Account Update,Human Agent,6.63,Resolved,0.42,4,6.22,475a01bb-9a74-4fa4-a462-1671b337bd6f,Arizona,Mobile,False
7a66394a-7172-4550-8518-3343ab26ff39,2024-05-11,Billing Question,AI Chatbot,1.36,Resolved,0.05,4,4.04,cdd26ae8-2e14-4aef-be3b-8a51f852be62,Nevada,Mobile,True
2fbd2556-2b43-44a6-add9-93aa7ccbe516,2024-06-14,Password Reset,AI Chatbot,0.85,Resolved,0.23,4,4.69,af0244d6-10cf-4eca-a3b9-aeac7c264e5e,Oregon,Desktop,False
f93f444c-ab3e-4f45-93dd-3afbe3f4ee5e,2024-02-06,Billing Question,AI Chatbot,1.38,Escalated,0.05,2,4.01,953a608a-50e1-40c5-adc4-c22fe1fefcf5,Mississippi,Tablet,False
b4950181-6399-4046-954c-241b52345553,2024-01-18,Product Information,Human Agent,10.8,Escalated,0.13,3,7.83,67c89425-5222-45ee-8e00-60b28fd725f6,Mississippi,Tablet,True
77ef6139-c5e8-456f-a989-ada02c31d74f,2024-01-28,Billing Question,Human Agent,10.15,Escalated,0.12,1,8.98,553f2ce3-e0cf-48cf-af2c-b611be341ee8,Wyoming,Mobile,False
002757a3-ae53-4e86-827f-a95f8e3f8fc3,2024-03-16,Technical Support,Human Agent,7.12,Resolved,1.0,3,5.26,08cf7b20-23ca-4a15-9a17-b2cb869b84f9,North Carolina,Tablet,False
0dbe8d13-eec8-40dd-9fb5-b1db83e6c0e9,2024-06-16,Product Information,Human Agent,3.28,Resolved,0.2,4,4.45,e9671240-3de0-48fd-a9cb-6b4fae32b017,West Virginia,Tablet,False
3d719c32-d899-4ef1-830d-2bd10ec7e160,2024-02-05,Product Information,AI Chatbot,1.66,Escalated,0.29,1,5.4,0225b897-50e2-46df-acba-b13ffecd7533,Hawaii,Desktop,False
9c2242b0-1f91-4110-bce7-bfe75e86bc40,2024-04-30,Billing Question,Human Agent,8.39,Resolved,0.51,4,8.37,b70d78a9-2d58-405a-a4ee-17bc89c37347,West Virginia,Tablet,True
a62a8ac7-f584-4e51-a3a7-1c78ffeb6ca5,2024-01-29,Technical Support,Human Agent,4.91,Escalated,0.58,3,6.38,91785278-3923-4ed7-ba25-d9c87e7475a7,Minnesota,Mobile,False
763a0af6-fa84-4983-9678-42879ef46ff1,2024-06-17,Shipping Inquiry,Human Agent,3.86,Escalated,0.54,1,7.54,e1bcc744-a0b6-4b28-8835-0ae7c248631a,California,Tablet,False
09f81d40-bfc3-48d1-b9bd-36fd1c57b996,2024-01-28,Billing Question,Human Agent,11.57,Resolved,0.34,4,7.85,8e0ccc20-dd98-469f-8a08-6b4ed72f34e2,Mississippi,Tablet,False
83734a18-bc76-4661-920e-f04b986abd50,2024-05-14,Product Information,AI Chatbot,2.35,Resolved,0.52,5,5.15,22d86df1-cbc8-409c-a3be-5aaa6d87135c,Massachusetts,Mobile,False
fe279bbf-cb4b-42c9-88fa-686f609befaa,2024-05-31,Password Reset,Human Agent,4.98,Resolved,0.83,4,6.02,32ff6d9c-27f1-4d07-8c55-0b5204c359f2,Rhode Island,Desktop,False
98e3e67b-ec6f-4ebb-b406-118145afa738,2024-02-14,Shipping Inquiry,Human Agent,9.59,Resolved,0.48,4,9.68,99843f27-3cbd-4090-8cd0-7e5518fe94b3,Arkansas,Tablet,False
a82b25d6-224e-4050-9ff0-33a3a588422a,2024-06-19,Account Update,AI Chatbot,3.22,Resolved,0.47,4,-0.18,0d91876d-e4c8-4b73-a38c-80e2ea3916c8,Idaho,Tablet,False
61fa0cf9-ca6a-4001-ace6-3727f9544087,2024-04-23,Billing Question,AI Chatbot,1.42,Escalated,-0.15,2,2.63,0ee1c8be-55f4-42a8-bbb0-85f6928889ca,South Dakota,Desktop,False
cabf4c51-5741-4f56-9f3d-316b230ceb55,2024-05-29,Product Information,Human Agent,8.5,Resolved,0.58,4,9.0,e2651a5e-747c-4504-b6ab-9a2da9729a90,Texas,Desktop,False
f06568c1-988b-4e2b-84b3-57a6cde57d57,2024-03-15,Account Update,Human Agent,5.56,Resolved,0.5,5,8.47,6d2df944-4a86-4692-bcc6-99ae1f9872d3,Rhode Island,Desktop,False
c32837de-09be-4268-a38a-c833c2fd3a86,2024-02-18,Account Update,AI Chatbot,2.25,Resolved,0.12,3,0.05,52480152-4f91-405b-ad6c-3e8cfa5b38ee,Washington,Mobile,False
7fed950f-d460-46e8-b165-00e70248645c,2024-03-08,Password Reset,Human Agent,7.68,Resolved,0.8,3,5.38,b452f718-c7d9-470c-b214-2f27c7e60fe6,Colorado,Mobile,False
e0e26559-1335-4da1-a6a3-1ade0b5463d3,2024-04-17,Technical Support,AI Chatbot,2.15,Resolved,-0.21,4,3.0,bc74f7c3-91b0-430a-a546-957c1071b305,North Carolina,Desktop,True
1f782c7e-0155-4ca6-9b10-90146f6dde5d,2024-01-10,Password Reset,Human Agent,7.58,Resolved,0.19,3,9.2,7887123b-5dab-4de0-905b-acafcfc7fb08,Arizona,Desktop,False
4cc3f0e0-e47f-46eb-ac1e-f27cf1a5106e,2024-02-05,Technical Support,AI Chatbot,1.91,Resolved,0.05,3,3.89,01234eb7-313d-4582-ab23-1e3c3042fd05,Connecticut,Mobile,True
a94ce7aa-55c6-4d8b-9a06-8d0a15692a02,2024-04-08,Billing Question,AI Chatbot,0.2,Pending,0.48,3,4.12,2de03d64-1c62-454e-9118-e2112e3f43be,Arizona,Tablet,False
854feedd-633c-44d9-8648-54bbeaf94d68,2024-03-27,Password Reset,AI Chatbot,1.82,Escalated,0.13,3,3.65,bc92f4bc-ddde-4309-ada1-334fc4477470,Wyoming,Tablet,False
40348f93-3336-4bcf-826c-06bbd43f66dc,2024-03-27,Billing Question,AI Chatbot,1.43,Escalated,0.33,3,2.62,68bd33b4-8cd9-4f41-80a2-8a90d3232ea3,Montana,Desktop,False
6616c8fa-f395-447c-a700-00990f1445e6,2024-04-17,Password Reset,Human Agent,9.59,Resolved,0.15,3,4.65,6141957c-0d56-4bfe-aefd-19ca5c45441b,Arkansas,Tablet,False
fe0b2425-f006-4bca-90a1-6db028731231,2024-01-12,Account Update,Human Agent,8.15,Resolved,0.75,4,5.78,f7c0f248-def4-4a4e-b704-66ec2c347e49,Utah,Desktop,False
9396d6eb-6971-4967-9857-72483fe64819,2024-03-17,Account Update,Human Agent,8.18,Resolved,0.55,3,6.61,696c9611-bda1-4750-9533-6102da24b02b,Oregon,Desktop,False
e6790945-2b66-4be8-9355-743587cd2500,2024-01-29,Account Update,Human Agent,4.99,Resolved,1.0,4,8.39,770a591e-9857-4c83-99ad-d100f8fdaf38,Hawaii,Tablet,False
1bbb6368-a1e4-432e-9e6a-f8392eab9057,2024-02-03,Billing Question,AI Chatbot,1.88,Resolved,0.24,3,2.31,75c0eb27-df35-4c0b-907d-243969650e07,Nevada,Mobile,False
60879041-6b3f-4646-ab65-a73a35726e99,2024-06-21,Account Update,AI Chatbot,0.83,Resolved,0.56,4,1.83,ae94b9b7-6b85-4c7f-8a71-391abb01f8da,California,Mobile,False
6dfc7714-b76f-485e-96ae-51275f574f1b,2024-03-24,Billing Question,AI Chatbot,1.4,Resolved,-0.03,3,3.68,d8101433-4f91-4dd1-8b84-4fcfd80679f0,Alabama,Desktop,False
66ba9943-df1e-496f-98fb-27201c2e389a,2024-01-03,Product Information,AI Chatbot,2.39,Escalated,0.43,3,1.43,fad5f36d-7d8b-4a28-b2fa-7b8ad5051330,Washington,Desktop,True
1a50df43-ae57-400a-a829-975473814f20,2024-06-12,Account Update,AI Chatbot,1.11,Resolved,0.2,3,2.09,b5b63ebc-15a1-44c1-9f2a-215579af1186,North Carolina,Desktop,False
2004deb6-92eb-4dfa-a886-d24fd6eaf5e1,2024-06-24,Product Information,Human Agent,7.83,Escalated,-0.15,5,6.43,77f00d4e-1ded-4a6a-b4a2-0f57f3696992,Florida,Mobile,False
3fa82f8d-114f-435c-ab47-7ef745434d38,2024-06-01,Password Reset,AI Chatbot,1.25,Resolved,0.16,2,3.02,437b442b-7630-4982-bbb8-5e3832b9e077,South Carolina,Mobile,False
c516bba2-b3b8-4107-b555-d4db231da996,2024-05-27,Technical Support,Human Agent,10.52,Pending,0.76,2,9.78,3b573317-5f8e-4733-8ef0-52c01857d35b,New Jersey,Desktop,False
db6be68c-1c62-4def-9e9f-3983db5c8ec7,2024-06-24,Account Update,AI Chatbot,1.02,Resolved,0.59,3,0.77,f162abc3-373c-4482-94e5-905623ec67dd,Texas,Tablet,False
601f88e9-9792-4586-bf01-4df1b4688a2a,2024-02-02,Shipping Inquiry,AI Chatbot,1.27,Pending,0.32,1,3.05,4d3bf847-8766-469f-af71-88dbee1c96c6,Delaware,Tablet,False
546ec8d2-37e6-4859-a224-5e27b7ce3fb9,2024-02-10,Account Update,AI Chatbot,0.2,Escalated,0.0,4,5.18,85cd0f30-da7f-4f68-abae-6c727dc32637,Minnesota,Desktop,True
9e02bb44-9dc4-47f0-9c03-d719472c6513,2024-03-20,Technical Support,AI Chatbot,1.93,Resolved,0.46,3,5.39,d382170e-eb11-4475-bdcc-123e11929a97,West Virginia,Desktop,False
93c76393-7a05-4047-a634-28536b03d366,2024-02-13,Technical Support,AI Chatbot,2.39,Resolved,-0.0,3,2.4,b051c542-2e91-49d4-98dd-94309bf576a8,Alabama,Mobile,False
d63a4aef-1d25-42a3-ab60-ea5d34e7d9f9,2024-03-05,Password Reset,AI Chatbot,1.35,Resolved,-0.1,3,4.41,a867ee02-38d5-46af-ad66-5dbea93185ea,Michigan,Desktop,True
3bfd06e0-4a44-424d-baff-690d7c763077,2024-06-01,Product Information,AI Chatbot,1.55,Escalated,0.32,2,3.23,591a559d-abc3-4174-8778-78d715ff1e90,Washington,Tablet,True
62a4e399-d973-4269-b8d1-276e18969b07,2024-05-18,Shipping Inquiry,Human Agent,5.81,Resolved,0.27,4,7.6,d97a8c9a-1f60-4524-bde9-7848630cca84,Tennessee,Tablet,True
4c0bc431-5360-4bfd-8ad7-5c20aca0e0ed,2024-02-20,Product Information,Human Agent,4.27,Resolved,0.16,4,6.37,5a59c952-a254-417b-82ce-ca458407bbe3,Wyoming,Tablet,True
50504735-b2ad-4eb1-a4e7-00488dbd37ce,2024-02-11,Account Update,AI Chatbot,1.49,Resolved,0.31,3,2.92,036a157c-bab5-48e3-b52a-087170e9fd2e,Minnesota,Tablet,False
f0d00bbf-721a-4ee2-b5e7-bb9f67ee41ee,2024-01-17,Password Reset,Human Agent,6.85,Resolved,0.55,4,6.81,4c65b837-bf6e-4688-aae9-0b34d6a8a63e,Texas,Tablet,False
f603c9db-2e7c-40e8-baa0-2c2ccac3720b,2024-01-30,Account Update,Human Agent,3.16,Resolved,0.25,4,7.8,bba28f0b-c73e-4363-a20f-0f5f9f7f93d0,Maine,Mobile,False
6ec58535-793f-4769-87d4-32536dbff321,2024-01-30,Account Update,Human Agent,5.74,Resolved,0.03,4,7.68,bb7a7d0f-35be-4f24-9842-134c381e050a,New Mexico,Mobile,False
332a7585-c08a-4169-801a-0e67df3fbc74,2024-05-25,Technical Support,AI Chatbot,1.01,Resolved,-0.16,5,1.88,b2e8ef7b-d3af-423b-b18f-f2d980675857,Oklahoma,Mobile,True
90fea33d-5cce-42a9-a6d5-5c1f01376caa,2024-04-22,Product Information,AI Chatbot,2.31,Escalated,0.23,3,0.66,68efd6c1-9744-4f66-923e-81f5b1c52a2b,California,Tablet,False
617f0901-e888-43fa-b750-d49015462bba,2024-01-17,Account Update,Human Agent,10.38,Escalated,0.45,2,7.95,ecf6c64f-54b5-4f50-b992-cdb7ec3f8faf,North Dakota,Desktop,False
8e3a186a-c58d-426d-8ab0-ffd2480e5424,2024-03-22,Technical Support,Human Agent,4.66,Resolved,0.08,4,7.37,0f046c90-e7b7-4f64-ac6c-5326c53ccdea,Florida,Desktop,True
5da3a3ac-2897-4e7b-a4a2-9b207ad38d1f,2024-06-21,Shipping Inquiry,AI Chatbot,0.33,Pending,-0.12,3,5.27,e1df6da2-76e8-4af9-967d-f99fc8d2b35b,Delaware,Mobile,False
3c28058e-1ff0-4caf-8dbf-b5098aa5b0bb,2024-01-05,Password Reset,AI Chatbot,3.04,Resolved,0.22,4,0.24,5af8920e-19a1-4988-9b36-2c351a4a4038,North Carolina,Tablet,False
8dcafc5c-1f64-4e7f-9894-7d7d975f9a41,2024-04-04,Billing Question,AI Chatbot,1.69,Resolved,0.92,3,2.28,f8de2ab9-8e6e-43ef-84a7-4d1fb18e34bb,South Dakota,Tablet,True
96da8f21-c6b6-408a-8784-3934f827c28b,2024-06-11,Technical Support,Human Agent,11.64,Pending,0.05,1,8.53,1ed92ec6-3991-4fb7-9ce9-d3503a3298c1,Florida,Mobile,False
ac4a2964-9882-49cb-848b-1af22f875eb7,2024-04-01,Product Information,Human Agent,11.04,Resolved,0.51,4,6.93,f8cf21ac-5b61-4c5f-b009-7d821cf550bc,Minnesota,Tablet,False
b0c20f94-15d8-4dbc-a262-b1788d4374c9,2024-06-07,Account Update,AI Chatbot,0.57,Escalated,-0.02,2,4.47,ee7a0a73-8eb2-44c4-aa14-e1149bfa7f37,Pennsylvania,Tablet,True
6d4830d2-ac04-48dc-8819-52e488468c85,2024-01-28,Password Reset,AI Chatbot,2.27,Resolved,0.17,2,2.88,a1e54169-e9de-4e48-864a-3cd26bf0b3f6,Alaska,Tablet,True
27e59dce-2529-4e74-8411-f335c8e1e757,2024-04-25,Password Reset,Human Agent,9.49,Resolved,0.7,3,6.09,a9b2d327-50f2-497f-beba-00c678c98708,Georgia,Desktop,False
e0161ac2-7f1a-44cd-be22-1e1e02e96272,2024-04-15,Billing Question,AI Chatbot,1.18,Resolved,0.57,5,5.28,460cd574-4df5-4705-9412-0330d0dc77b4,Oklahoma,Tablet,False
08c4eb73-4364-455d-aadc-ed050822c6a9,2024-01-15,Shipping Inquiry,AI Chatbot,2.06,Resolved,0.23,3,3.45,a5cc1c24-936e-4367-b79b-1f45ef47d4ea,Nevada,Desktop,False
a3dfb626-c5b0-4849-bc26-c7fd0e5939b1,2024-06-23,Account Update,Human Agent,5.9,Resolved,0.47,3,7.75,e5688efd-8549-48f7-9db5-4008882b14ba,Oregon,Tablet,False
04e79914-900d-40d3-90b3-edd0df3248df,2024-02-13,Billing Question,AI Chatbot,0.68,Resolved,0.18,5,2.05,c924d27f-ea93-46f7-9c4b-35aa1cca8011,Missouri,Mobile,False
168840d7-a9e0-4f47-a2af-4dbba525b518,2024-01-22,Billing Question,AI Chatbot,1.19,Resolved,0.36,3,3.26,a2495ec3-bf58-4a0f-8d6a-ce7b817783a7,Rhode Island,Desktop,False
ff3652b6-001e-4402-9907-7fbabb12ece8,2024-04-10,Technical Support,AI Chatbot,1.94,Resolved,0.23,4,1.9,c4d36959-86cd-4e83-840d-0837eec0d419,Maine,Desktop,False
80e3726b-71c8-4e13-90c8-e538fb6bda07,2024-05-08,Password Reset,Human Agent,6.06,Resolved,0.61,3,9.82,f1715589-531e-4ea1-a0b2-bd9d51b010a3,Idaho,Desktop,False
6010947a-18bc-4fef-9ef3-7c2ae1573076,2024-03-22,Product Information,AI Chatbot,1.69,Escalated,0.3,3,5.01,b6dfa250-6972-410c-b7f1-0b316a881e1f,Vermont,Desktop,False
0c2c4a01-1da1-4929-832f-4b6bed331ac8,2024-05-09,Billing Question,Human Agent,5.8,Resolved,0.43,3,5.38,5e413612-22bc-4325-bc15-63d390ba7e65,Missouri,Mobile,False
a4af0182-d52b-4358-a525-a7fed2fb1fff,2024-02-11,Billing Question,AI Chatbot,0.82,Pending,0.55,2,1.44,c9897c90-2ca3-4806-8a62-24f789f39525,Florida,Desktop,True
251b4b09-a513-4e35-953f-d171bbeee56e,2024-02-29,Shipping Inquiry,AI Chatbot,3.16,Resolved,0.06,4,2.31,7d7f8f3e-9a83-4bb9-8593-efebaab54f7c,Idaho,Desktop,False
0000ace4-59c4-4e77-9f3e-f191e6688d00,2024-04-21,Technical Support,Human Agent,4.51,Escalated,0.7,3,6.8,71bccc50-b661-4732-a505-58a34ce03ab2,Utah,Mobile,False
91e25e4b-f885-401e-965f-73b8c5de26ef,2024-05-03,Shipping Inquiry,Human Agent,6.35,Resolved,0.89,3,5.21,93bb088c-aebb-4220-87c4-415c9a512482,Oklahoma,Mobile,False
8e425947-eb49-405f-9ccb-554ec8221b17,2024-06-24,Shipping Inquiry,Human Agent,7.21,Resolved,0.75,4,8.75,18ad2c70-30cd-4942-8927-b074b552a33c,Delaware,Desktop,True
850b0f64-be65-4cd3-b7b7-32774d675807,2024-02-14,Account Update,Human Agent,9.54,Resolved,0.2,2,8.05,8bf9b999-ccb1-48ce-bcda-3e6a6fe71d60,Maine,Desktop,False
95266084-70ac-41d6-8ad9-5168a7f1353d,2024-04-21,Technical Support,Human Agent,5.04,Resolved,0.43,4,5.82,56e9d6f3-deab-46c2-945d-fafa8211c21d,North Dakota,Desktop,False
bd2a431b-d950-4815-bb8e-33710e50c5e1,2024-04-27,Product Information,Human Agent,0.59,Resolved,0.21,3,7.37,8382358c-1d8e-441c-a552-b022b82aafb7,Texas,Desktop,False
4ce99f81-d250-4461-badf-d4d4ae99fd12,2024-06-01,Account Update,Human Agent,6.81,Resolved,0.61,2,4.76,c8d2ef0c-3455-4bf9-a43e-1fa5a9a9f295,Nevada,Mobile,False
301089e9-77bb-4b02-ac65-5d06d8bd948d,2024-01-19,Account Update,AI Chatbot,1.62,Escalated,0.29,2,3.51,ae836a97-28df-4a72-9ea6-d3d3290210ad,Idaho,Mobile,False
170a88ca-8534-4f65-8b81-dc38cb5f1d57,2024-01-19,Billing Question,Human Agent,7.82,Resolved,0.09,3,7.56,447e6f5d-fbe9-4168-96f8-e64582c9ab36,Utah,Tablet,False
9fee12f7-005a-436e-8ca6-b3442c794407,2024-02-28,Billing Question,AI Chatbot,1.89,Pending,0.67,1,0.61,befaf710-da51-4933-b815-885269405254,North Dakota,Tablet,True
11b90e7a-072a-46a4-8c86-8ae96cc18750,2024-03-05,Product Information,Human Agent,1.77,Resolved,0.25,3,6.02,19abe583-ec00-4a48-8fe6-4dfb2816350a,Wisconsin,Mobile,False
019c28f2-f13f-4392-b419-707d8f4c0b21,2024-01-28,Shipping Inquiry,AI Chatbot,0.41,Resolved,0.47,3,5.86,f8b3dcec-2f8d-48bd-add5-cbff2116537b,Indiana,Tablet,False
d610765e-49b6-42aa-97f9-442ae066ecec,2024-01-31,Product Information,AI Chatbot,1.86,Escalated,0.01,4,6.08,c94c0050-c8bb-482b-9a3d-4f3c9c387a88,South Carolina,Tablet,True
38cd9059-3233-4818-870d-1f97664688ac,2024-06-15,Password Reset,AI Chatbot,2.75,Resolved,-0.37,5,4.11,4328c6bd-b79b-4c60-bf2c-b5d869ee5b67,Minnesota,Tablet,True
77fe844a-285a-44d9-a4dc-ece2af8f87a4,2024-03-16,Technical Support,Human Agent,11.26,Resolved,0.24,3,8.61,18c07d4e-912d-41c1-a63d-1e5f69f49652,Minnesota,Mobile,False
6e7507c4-3e64-476c-a80a-82a62364cb42,2024-04-12,Shipping Inquiry,Human Agent,8.82,Resolved,0.49,3,7.94,1f886bf5-fda0-4e53-8fbc-8afafd9eb02a,North Carolina,Mobile,True
1a25ebbb-c6cf-4bda-93be-e6701ebf3711,2024-06-20,Product Information,AI Chatbot,1.17,Escalated,0.56,2,4.1,4ad760ae-ed58-4bff-af44-c6f9ec3f615e,Arkansas,Tablet,False
c4deac13-4a71-4c89-b58b-a617c4410145,2024-01-21,Password Reset,Human Agent,7.13,Resolved,0.06,2,6.59,f60ddabb-220d-4df0-a32b-c661208acebc,Hawaii,Tablet,False
6c828494-6b00-4484-b922-9c356385a463,2024-05-03,Technical Support,Human Agent,8.81,Resolved,0.62,4,5.88,3a3394f7-928c-41cb-8ee1-1c3e05bb3c64,Delaware,Tablet,False
471d1770-abd1-4973-b905-e7a266a9e5f7,2024-01-20,Password Reset,AI Chatbot,1.02,Resolved,-0.4,3,-0.05,be870ba5-acfc-4d66-ad57-ff94172296bd,Kansas,Desktop,False
de75a043-0a98-40d6-b425-8e7aa9aeeaf9,2024-06-28,Shipping Inquiry,Human Agent,6.88,Resolved,-0.21,4,6.99,44457d16-711c-44c0-9928-e4c72ab8a5fb,Delaware,Mobile,False
e6b31e59-969e-4827-894b-add29add7e1a,2024-05-31,Password Reset,AI Chatbot,2.64,Resolved,0.36,3,3.99,ad325c38-1487-4313-8444-5cdb080d7c81,New Mexico,Mobile,False
e6b39bfe-83b0-4980-8402-5ec9e13c2ed3,2024-06-05,Billing Question,AI Chatbot,1.51,Resolved,-0.08,4,1.85,d586707b-c3e3-46ba-a2b9-c9e0e1ece7f6,Louisiana,Desktop,False
fdf50973-dda2-45f8-afda-288498fb2821,2024-05-15,Product Information,Human Agent,9.18,Resolved,0.49,3,8.67,3f6a7dab-a6d7-4614-89df-1cac2f3be71f,California,Desktop,False
ebba2d56-5a91-473f-9ba0-59166c20d96d,2024-03-21,Product Information,AI Chatbot,0.44,Pending,0.13,2,3.22,b9b69b05-f424-4ffd-837d-1a3201ed1ef1,Idaho,Mobile,False
35b4bf08-58ed-456f-b83f-942da381ba99,2024-05-21,Product Information,Human Agent,4.19,Resolved,0.34,3,8.28,7e95349c-7e7d-4a0b-badd-06c805fb2ca6,Maryland,Mobile,False
b00e9e49-463f-4a73-896a-d1d4748132e9,2024-04-15,Product Information,Human Agent,3.5,Pending,0.18,2,7.15,a695b413-b009-4e60-8a14-ae9782de8bba,South Carolina,Desktop,False
b19afa41-5e5e-4d8c-a80b-52cc6817496a,2024-05-23,Shipping Inquiry,Human Agent,12.0,Resolved,0.74,2,7.02,0ff16335-0b46-4d53-a360-750497465b02,Tennessee,Tablet,False
7de683a0-7eb1-4ef2-b165-c87bf7e0357d,2024-03-01,Technical Support,Human Agent,12.66,Resolved,0.38,4,9.23,a485880a-90b0-429c-9085-c085eba5de66,New Mexico,Mobile,False
31e67001-7a9a-4c72-90ee-4915203997d6,2024-01-09,Password Reset,Human Agent,9.33,Resolved,0.38,4,4.08,2d28d949-6439-44bf-a8d2-2c28ef4a1cf5,North Carolina,Tablet,True
db29bad3-518d-4396-8caa-40df94189a29,2024-06-15,Shipping Inquiry,AI Chatbot,1.31,Resolved,0.15,4,3.4,4d5efcdb-bb8c-4c86-a96d-1f0808df0bb1,North Carolina,Mobile,True
c3cf8040-f9a8-4369-a148-b64744102119,2024-01-03,Product Information,Human Agent,7.64,Escalated,0.55,4,6.6,e9d18c9a-2d38-4b1f-b1f4-faf9b9b65f5c,Kansas,Tablet,False
52f533c5-7d36-4b68-9f5f-f0874f29a5fc,2024-03-05,Product Information,AI Chatbot,1.89,Resolved,0.54,3,1.74,ffc1b7df-84f0-456f-ae38-232d135cd2c5,New Hampshire,Tablet,True
aff1e1a4-5617-4d30-adc9-0dde8da5c73f,2024-01-30,Billing Question,AI Chatbot,2.2,Pending,-0.27,1,1.17,381cfe6c-e409-49fe-99f3-e0c1dbf4f874,New York,Mobile,True
f244d5f7-91a2-42a7-876c-c2bc4b9ddb92,2024-04-23,Product Information,AI Chatbot,1.51,Escalated,-0.02,2,3.57,d8087a5a-0c84-4289-8a5e-f2dae55f8cc5,Iowa,Tablet,False
a4e5cbc3-a7b3-4a60-a384-0cd7811e391f,2024-06-08,Password Reset,AI Chatbot,1.74,Resolved,0.47,4,5.44,14c07f7c-ee9d-4ff5-b21f-5adbf7d0a8b8,Iowa,Tablet,False
7e99fb96-7bcb-4c83-8d86-caa3106429e3,2024-01-06,Shipping Inquiry,Human Agent,12.01,Resolved,0.34,5,7.09,02b54cb4-ca2c-480e-af77-420e3bc1a484,Delaware,Desktop,False
e2707132-409f-4899-b25e-46543ea993fa,2024-06-15,Shipping Inquiry,AI Chatbot,1.44,Resolved,-0.2,3,3.42,ac4cd6db-59be-4512-ab21-1e07a748d8cd,New Jersey,Desktop,True
6988bc89-9b85-4ba6-a4e5-4824d819ecea,2024-02-25,Password Reset,AI Chatbot,1.9,Resolved,0.72,4,1.57,cec3dc51-ac24-4a52-aca0-b21021592f8f,Delaware,Desktop,False
28060278-5e03-45bb-8e87-2e74b9b1cbe8,2024-03-15,Shipping Inquiry,AI Chatbot,2.2,Resolved,0.16,3,6.51,a339a378-40b9-4245-8d43-9877051faabb,Vermont,Desktop,False
09fa400f-cb09-4e12-94b6-2836bd7db0b1,2024-01-25,Shipping Inquiry,Human Agent,5.02,Resolved,0.34,5,6.49,df7007d6-11bd-45d1-8fdd-b509d81ed29d,California,Desktop,False
23388a39-3c0c-494a-bd31-bf576699da16,2024-04-23,Account Update,Human Agent,6.66,Resolved,0.49,3,5.17,0219c1bc-bc12-44f0-9407-9d72b3795381,California,Desktop,False
2a127050-bc18-4067-a07a-f5473d35bc5b,2024-05-25,Account Update,Human Agent,7.85,Resolved,0.72,5,7.99,8a7783c0-e712-4b84-9bd1-f4b8c55f9704,Mississippi,Mobile,False
3a37f822-8e11-4067-be5c-d6f9122118e8,2024-04-15,Billing Question,Human Agent,7.24,Resolved,0.47,5,7.53,a381cddc-14b3-4f85-b867-c527a9b685cc,Rhode Island,Desktop,False
7015ed80-84a0-48f5-b63f-290fed00025b,2024-05-13,Billing Question,AI Chatbot,0.83,Resolved,0.35,4,0.49,d1893efa-a89b-4d30-be59-877d93991a61,Maryland,Desktop,False
2bb1fdff-6c31-421c-aeea-190ae3b50d33,2024-01-19,Billing Question,Human Agent,6.52,Resolved,0.46,2,7.48,19ce109d-9de9-4b2d-93db-0e51eab05f96,Nebraska,Mobile,False
88e1701b-a0a3-4eac-8664-ae1bcb40b68e,2024-02-17,Account Update,AI Chatbot,2.27,Resolved,0.53,4,4.28,16f9f942-1f7a-45e3-aa72-3640f1060623,Utah,Mobile,True
62dd1986-15de-455d-a154-4269b17d297c,2024-03-16,Password Reset,Human Agent,6.28,Resolved,0.91,3,8.84,1447189c-42c8-49aa-a05e-ebf622c039e1,Delaware,Tablet,False
3dc641a4-6dcd-43ef-956f-afc0d9ceb7d3,2024-06-13,Billing Question,AI Chatbot,2.57,Resolved,0.43,4,4.82,87df4f55-c11f-4eeb-beab-4621ba8f2d93,Connecticut,Tablet,False
530908f6-91fa-4ae3-88a5-df1c99d38d88,2024-01-16,Technical Support,AI Chatbot,2.62,Resolved,0.05,4,3.65,ae8c8868-7008-4e0b-8a93-9c596ccf45d0,Texas,Desktop,False
db34262d-22cb-4259-8b18-89f66804c73d,2024-04-12,Technical Support,AI Chatbot,0.24,Resolved,0.89,4,0.58,c79a044c-8410-4adb-a7ce-1e2e7ec3402a,Texas,Mobile,True
3e39d09f-2831-4d1b-a6f7-f24006ad6a3d,2024-05-20,Account Update,Human Agent,7.88,Resolved,-0.17,3,6.14,1ea9791c-39af-413a-9ae9-9af4007013a4,Colorado,Tablet,True
ae977a79-58ce-43a0-84e5-2de2cc80b8e4,2024-04-20,Billing Question,AI Chatbot,1.59,Escalated,0.32,3,7.08,26b28fbc-5e00-4fdc-a786-f249d7314c0f,Mississippi,Desktop,False
58d5be39-d54a-4f1d-a809-4f848db8b9b2,2024-04-13,Shipping Inquiry,Human Agent,9.19,Resolved,0.44,3,6.51,af7cc078-5743-4fd2-8b2f-15616b27953e,Wisconsin,Tablet,False
2a3f231e-889a-4913-b757-43de4573e238,2024-03-28,Account Update,AI Chatbot,2.17,Resolved,0.54,3,5.19,94597810-4df4-48a4-a7cb-6409d6540ed6,Minnesota,Desktop,False
e15bb184-4124-4d7e-ac7e-8f4df0f3aeeb,2024-03-20,Shipping Inquiry,Human Agent,5.59,Resolved,0.25,4,5.09,5abe4dee-0cfd-4fa0-b006-f889ad14fb59,Virginia,Tablet,False
164a0074-83d6-4b3e-a0e1-f7e950bd014c,2024-04-17,Product Information,Human Agent,8.7,Resolved,0.02,3,7.51,027f5680-ed9a-4d75-b2db-ae2bb343f27c,Indiana,Tablet,True
ff9f766b-d57d-440a-a452-af48ac78b3e1,2024-05-11,Account Update,AI Chatbot,2.36,Escalated,0.18,2,4.24,ab1d8a99-dc6c-4b35-a4fd-2bf3a513a655,Rhode Island,Desktop,True
16d3f474-9e0f-4206-9db1-01294fd84303,2024-05-06,Technical Support,Human Agent,8.61,Resolved,0.55,4,5.42,7b8e57d6-2c42-4e59-930e-22fcde8a92e2,Idaho,Desktop,False
ea42d5e9-0029-4a92-82ae-b9f189061c63,2024-01-23,Account Update,AI Chatbot,0.46,Escalated,0.71,2,3.87,3bb7bbec-be66-4aec-89f7-f79c0b6843b7,Iowa,Tablet,False
0444ecfc-fef1-4dbe-9135-1b2bde7ad6f1,2024-04-13,Account Update,AI Chatbot,1.51,Escalated,-0.16,3,4.5,8764c01d-99fd-44e1-a32d-fbc9d449d37c,Missouri,Mobile,False
2d9e985d-34be-47b4-989d-1c5ef0b02733,2024-03-09,Product Information,AI Chatbot,1.4,Resolved,0.38,3,2.76,aea9595d-3e8c-4c0c-9592-09363a9605b0,New Jersey,Desktop,False
82efd585-25a9-4207-a03e-8091a10a2dd5,2024-06-08,Account Update,AI Chatbot,1.66,Pending,-0.17,1,2.68,cc5b1921-2d82-42b6-962a-dfaa42e6a2a8,Michigan,Tablet,False
7433bd7f-434f-4594-b603-5217e1f2d6a9,2024-05-08,Password Reset,AI Chatbot,1.15,Resolved,0.35,4,3.83,cfa9e2b3-5197-4df2-8707-09d09112a55a,Ohio,Tablet,False
2b46a3a3-be38-41cb-b02c-465858bfcddd,2024-01-19,Product Information,Human Agent,3.41,Resolved,0.32,4,7.1,a0d32ac9-5040-48bc-bb4e-1469ed07c5a8,Utah,Tablet,False
e8647cec-6f2f-42b4-ba57-21d7945ad23e,2024-06-18,Account Update,AI Chatbot,1.21,Resolved,0.46,2,1.59,0e9372d7-cc9a-47d2-a54b-b7a74ac6f24e,Kentucky,Desktop,False
005235db-a177-464a-8d40-0cc1edd51acb,2024-03-30,Account Update,AI Chatbot,1.27,Resolved,0.1,4,1.79,f01509a5-39f7-4689-9e78-4a9de8af14dc,Michigan,Mobile,False
4592dbfc-12c9-43c5-8d80-5a7bc05aefca,2024-04-19,Shipping Inquiry,AI Chatbot,0.91,Resolved,0.12,3,5.01,62b8eced-1724-46b6-8f04-5459b46a6760,Idaho,Tablet,True
73dcdaa0-a5f2-483b-8e54-3e0c551c6a99,2024-04-17,Billing Question,AI Chatbot,1.24,Resolved,0.25,5,5.92,5c38c322-2126-431a-9767-ec64004aabf4,Massachusetts,Mobile,False
e5a3c687-9ec5-4c5b-a9f5-69c5af6ef27c,2024-05-04,Product Information,AI Chatbot,1.72,Resolved,0.87,2,2.76,b65623c4-b5ac-4887-89f3-9f0bad996248,Arkansas,Tablet,False
39917625-4a20-4b25-b7c1-b5d3cfd945a6,2024-05-11,Shipping Inquiry,Human Agent,6.0,Resolved,0.48,3,7.91,b539f0d9-62ba-400f-9156-6bb677d83179,Tennessee,Tablet,True
ca182838-b662-4c42-a658-6dee1e4d945e,2024-03-05,Billing Question,AI Chatbot,2.22,Resolved,-0.44,3,2.98,7ff7dbea-fab3-41c8-8b88-a59fe7732dad,North Dakota,Mobile,True
3626e081-ae24-4278-b326-646158f18fb0,2024-01-31,Technical Support,Human Agent,7.26,Resolved,0.69,2,6.53,54318a79-4067-49a9-ae8a-b86e0479a2fe,Hawaii,Tablet,False
928c0cd5-054a-4b7c-b68c-437c95b5e126,2024-02-14,Billing Question,Human Agent,6.81,Resolved,0.37,4,8.66,c2878edc-4716-46e7-9320-83c648ff17db,South Dakota,Tablet,False
ea2d8ad4-410a-4df1-ba9f-82a1254e0c07,2024-06-07,Shipping Inquiry,Human Agent,7.53,Resolved,0.19,3,7.16,5259d622-784a-48eb-a58f-79491dab17ec,Washington,Desktop,True
25fd424b-6455-487c-8c2a-be177bdc627d,2024-02-21,Billing Question,Human Agent,4.92,Resolved,0.55,4,7.4,28e031ca-66dc-4dc7-b800-ce13be3afb4e,Arizona,Mobile,False
8f7d903d-9e2c-48ae-9f9c-5fc0c62921df,2024-04-18,Account Update,AI Chatbot,2.55,Resolved,0.26,4,4.52,b3673458-a27c-4ac1-9490-16aa682d5675,North Dakota,Tablet,False
01850fda-3a50-4bd0-b821-db35075262d5,2024-06-23,Product Information,Human Agent,2.83,Resolved,0.59,3,8.56,462cd105-14bd-46b7-a0b6-6de18f2936b7,New Jersey,Mobile,True
e994b097-37a8-4775-8dad-3a8244585237,2024-03-20,Shipping Inquiry,AI Chatbot,2.05,Resolved,0.63,2,3.54,44bc2e5e-c7bc-4eec-a85a-a336f1563ba6,New York,Mobile,True
b354d664-74cc-4821-8322-c06f79205323,2024-04-30,Password Reset,AI Chatbot,1.54,Resolved,0.03,2,4.53,e85a453e-6164-4d40-8ec8-92d0487a646d,New Hampshire,Desktop,False
f8ab30cf-6aa5-47f9-9594-e51b74675816,2024-03-18,Product Information,Human Agent,8.68,Resolved,0.08,4,7.68,a875da81-ef53-42f8-800c-8557cd59b670,Oregon,Desktop,False
c5aa36ac-a7d0-4779-9820-0e20e756e4d1,2024-02-09,Shipping Inquiry,AI Chatbot,1.9,Resolved,0.38,4,2.02,3e9ab47c-905e-49de-b1c1-eb581b570d44,Delaware,Desktop,True
6a693823-dbfa-4805-abd7-edd211a4418e,2024-04-24,Password Reset,Human Agent,5.7,Resolved,0.54,3,8.06,f7c35ff4-7596-49f5-920b-fbc30e4b974e,Tennessee,Tablet,True
f950e064-3952-4db7-abc9-6752cabc7d61,2024-02-01,Product Information,Human Agent,10.39,Resolved,0.51,4,8.76,598adb75-b017-47b1-931f-cb92d786ddc4,South Dakota,Desktop,True
3543a2c1-57d4-4d50-9f47-aa5ff06b1896,2024-01-29,Billing Question,AI Chatbot,1.87,Escalated,0.26,1,1.28,b07a0570-e102-464a-95a1-b76f9c70121b,Hawaii,Desktop,False
ebc19979-732f-4379-a9f8-6807501214a5,2024-01-11,Product Information,AI Chatbot,2.99,Resolved,0.28,3,3.66,93c53005-0d72-406e-908b-b6fd2b27fc48,Nevada,Tablet,False
ba136ddf-e8da-49f1-afc4-04e5d5d99289,2024-05-13,Account Update,AI Chatbot,2.33,Resolved,-0.01,4,4.28,830bd089-a06f-418e-958a-4899bc7c977b,Wisconsin,Desktop,False
cf9bccc7-c191-4b4d-bbec-adee3f9d7de8,2024-04-21,Technical Support,AI Chatbot,0.46,Escalated,0.26,2,2.21,7ee60ed1-b021-4a41-98bd-f590e4c32b4d,Maryland,Desktop,False
9dee364e-4fef-4234-95cf-d4a22baab253,2024-02-25,Billing Question,AI Chatbot,2.45,Pending,0.21,1,3.9,fdb48004-b6d3-4022-b256-c83089ca599d,Arizona,Desktop,True
ef3cdbc8-0b94-4bce-832a-f433ebfbb93e,2024-01-23,Account Update,AI Chatbot,1.3,Resolved,0.33,4,4.65,f25f03a9-7e14-4866-abfc-182c71b576a8,Texas,Desktop,True
da71f69e-99e7-40e3-bc59-bedeaa427100,2024-01-19,Billing Question,AI Chatbot,1.21,Resolved,-0.15,5,2.09,f0c3a9d1-a903-4fa7-9165-555a674f2326,Virginia,Mobile,False
1b989181-cbdd-4a3b-bc4f-140fec9fccdc,2024-04-30,Shipping Inquiry,AI Chatbot,1.66,Resolved,0.43,3,2.05,db1a4371-00cf-4ccf-8e4e-9505a6bf8c84,Alabama,Mobile,False
8e99b99e-97f7-4e67-b886-acc350b77973,2024-01-29,Product Information,Human Agent,7.32,Resolved,0.64,5,7.07,88e3e3e9-55e6-44e4-9765-831628ed53d4,Virginia,Mobile,False
87749160-2347-4ce2-b814-f5c0e97dbe81,2024-05-30,Technical Support,AI Chatbot,1.6,Escalated,-0.16,2,4.3,05e0c967-0524-416a-b3a6-66d98772bf71,North Carolina,Desktop,False
45322341-2bd1-44f7-ae27-598449b1d574,2024-03-10,Technical Support,Human Agent,12.94,Resolved,0.27,4,7.91,17220bad-e31a-4561-bc73-ea9afeecb5fb,California,Tablet,True
61696b31-6441-4b97-b112-c7133ac63877,2024-01-11,Shipping Inquiry,AI Chatbot,2.45,Resolved,0.62,3,2.43,81514e4f-470f-453c-9533-128e83c765ae,Washington,Tablet,False
7f3de0fe-d79c-45af-b5d3-0ba9677028e2,2024-06-14,Product Information,AI Chatbot,1.06,Pending,0.22,1,0.39,70e3ec96-b05b-4863-8b45-e24dce8b492a,Wisconsin,Mobile,True
0f31a14f-0f30-475b-a67c-b282d6ac8682,2024-06-08,Billing Question,AI Chatbot,1.3,Escalated,0.67,5,3.06,1b520b61-14d7-41bc-828a-11d421c847b4,Connecticut,Desktop,False
938af1fd-2160-4941-b8a4-33ae554aca0a,2024-03-22,Billing Question,Human Agent,1.57,Resolved,0.84,5,9.67,7bdf4b76-cbae-452a-a59a-804257aeaf03,Nevada,Tablet,False
88ba5352-4d8a-418d-8c8a-83ef1a23d9e3,2024-06-05,Password Reset,AI Chatbot,1.24,Escalated,0.53,5,2.02,6565ab92-e10a-4d0c-8ffa-5f54f55d8695,Georgia,Desktop,False
cea65cd0-64d9-4562-8bbd-ad7894336600,2024-05-24,Password Reset,Human Agent,3.04,Resolved,0.48,4,6.1,49ca5a7e-b2e3-4d03-80dd-fc7a4cae2a98,Illinois,Mobile,False
e4bb4717-9d36-4206-b036-3994ab7df40e,2024-06-08,Billing Question,AI Chatbot,2.26,Resolved,0.71,3,5.92,253828a0-8d46-4f73-83c8-d66eb231bc6c,Kansas,Desktop,False
d38d72e5-dc8b-4400-93cc-a97db43f1291,2024-03-25,Shipping Inquiry,Human Agent,10.72,Resolved,0.42,5,5.76,dd8278bb-2be0-4b31-8701-b0d5fb327f66,Missouri,Desktop,True
3f3b1fc2-78df-4318-9002-afe37d242e87,2024-02-02,Password Reset,Human Agent,8.58,Resolved,0.56,2,8.17,e6ecbd1c-2e10-4463-8ca8-6f0ba8821f89,Texas,Desktop,True
3e7d2c22-73ff-485a-b4b9-9bd6bffe40c8,2024-03-30,Billing Question,AI Chatbot,2.15,Escalated,-0.05,3,4.78,3e50312e-e57b-4609-9230-067042d9166a,Illinois,Mobile,False
23c93c84-e7dd-46ee-a754-034eca32e11b,2024-03-26,Account Update,Human Agent,12.06,Resolved,0.66,3,7.0,c5e52577-9be8-4633-bf34-106c709700e7,Alaska,Tablet,False
4413e359-0691-4e3e-bc4a-233b0443826c,2024-04-24,Shipping Inquiry,Human Agent,4.56,Escalated,0.31,2,7.72,555f0cea-4616-4d91-9534-6cc73a93d7f4,Nevada,Tablet,False
6a21c8f6-1dea-4858-94bc-7f27800dbcc1,2024-04-13,Password Reset,AI Chatbot,1.67,Resolved,-0.03,5,1.84,ff5af247-7f4c-406c-98d2-4342a6f6a3fc,North Dakota,Tablet,True
bc25fdd3-597b-407b-905a-5c8be31d5ab5,2024-05-01,Account Update,Human Agent,8.64,Resolved,0.56,3,6.49,369bbc09-1f9e-4cd6-a3ed-0cd4aed7cef2,Illinois,Desktop,False
e4524987-bf77-4721-952e-9e47da0d1e86,2024-04-06,Technical Support,AI Chatbot,1.94,Resolved,0.37,3,3.26,7d2d1f4a-f7c6-4818-b3c5-e8da027df0a4,Maryland,Mobile,False
1a3dd1f7-31ef-472c-8002-9d2cd944128e,2024-01-22,Account Update,AI Chatbot,1.76,Resolved,0.71,4,4.09,5a0abef6-9ac1-4f35-9bf3-182141bd2bce,Illinois,Desktop,False
c6c4ed1a-9af8-4ab0-be98-8f6228ad6eca,2024-05-03,Shipping Inquiry,Human Agent,9.51,Resolved,0.23,3,11.56,ca956bde-ee44-4507-8428-97e92825005e,Michigan,Tablet,False
a059204f-fb00-4071-b210-cc642d74b590,2024-06-20,Password Reset,Human Agent,7.82,Resolved,0.29,3,5.19,c15a12ec-be28-486c-b534-ea2fa5a60023,Alaska,Tablet,False
14c72d8b-cea1-4814-a9c4-7158a5ca1946,2024-01-27,Shipping Inquiry,AI Chatbot,1.34,Resolved,0.13,4,1.72,5f1277c8-eb95-4ab2-afd2-a8dab01a10fc,Connecticut,Tablet,False
a737261b-2fef-41d4-8ab8-9a6d65bd991a,2024-04-11,Shipping Inquiry,Human Agent,10.57,Resolved,0.32,3,7.37,8610843e-1c40-479c-b7d9-e071dacc334f,Maine,Mobile,False
385478e1-b2a8-490c-8041-9cdb2afb51ea,2024-05-23,Technical Support,AI Chatbot,0.22,Resolved,0.08,5,2.55,3500d411-5475-4662-b130-04259eb61978,Vermont,Desktop,False
1836d8be-2a0b-4f41-8717-c29a6ae9a08f,2024-05-30,Billing Question,Human Agent,5.36,Resolved,0.09,5,5.79,79a021a7-60fd-4e25-8638-f54059206788,Connecticut,Mobile,False
51d07800-800d-4a26-bafc-8797c7752b79,2024-01-09,Account Update,AI Chatbot,2.84,Resolved,0.25,2,3.49,a043c477-3580-4adf-abc5-ea1ad6a6d737,Texas,Desktop,False
d1b0095c-e368-4aa6-9832-0a2615c5b6a8,2024-01-20,Password Reset,AI Chatbot,1.11,Resolved,0.6,5,1.58,843d81d9-06e6-495f-8236-321e4b77f300,Georgia,Mobile,False
f6387615-1b30-473f-882f-23ac316746c9,2024-05-13,Shipping Inquiry,Human Agent,8.68,Resolved,-0.24,3,7.36,5559c0a6-ac7a-40fd-bad4-3e8bcaa62c23,Iowa,Desktop,False
822b162b-5feb-4cb3-9bb0-3a9909774140,2024-02-08,Password Reset,Human Agent,9.11,Resolved,0.46,3,6.69,426e906c-b6b1-469c-ba11-99eddf31d108,South Carolina,Desktop,True
8ed995ad-e907-478b-9ea8-af3586f5ef07,2024-06-01,Password Reset,AI Chatbot,1.56,Escalated,0.07,1,1.77,56f779b9-d794-4c05-87c4-897b944d2cd1,New York,Tablet,False
43611244-03c1-45fb-b8e6-71a396cfda04,2024-04-20,Product Information,Human Agent,2.02,Resolved,0.35,4,3.6,047a12be-8da6-44b6-8cd8-fa0bce3e6fe6,Utah,Tablet,False
5817be47-12b0-403a-b4f3-d82fe4fa7c41,2024-06-01,Billing Question,Human Agent,7.39,Resolved,0.15,4,9.7,01064a17-3039-4378-ac33-60d5c979d99e,Arizona,Tablet,True
2c2af17c-f3c9-493c-a0fc-84dfcc0b6255,2024-05-30,Shipping Inquiry,AI Chatbot,2.15,Resolved,0.82,4,-0.06,19993806-6209-4e4a-98e4-a10ea8125a44,Minnesota,Mobile,False
50541afa-ed4b-44c4-b6b7-c0e490b8ead5,2024-06-19,Product Information,AI Chatbot,1.25,Escalated,0.22,3,1.07,c6de797a-2f4b-4555-b4bf-506ac8fffe98,Utah,Mobile,False
8c8fa3db-37bf-499f-9723-2276fd156179,2024-04-05,Billing Question,Human Agent,7.62,Resolved,0.48,3,9.27,8a0ab547-7ae7-4668-bb83-5b620321ebb9,Oregon,Tablet,False
f59585fb-ac03-4416-9bc2-006ecb193722,2024-02-09,Technical Support,Human Agent,8.4,Resolved,0.55,3,10.62,49c83734-f382-46cf-946a-7bbf8722dfe8,South Dakota,Tablet,True
f0e91517-3c7d-427a-99d9-42ddb1b42d6c,2024-06-15,Shipping Inquiry,Human Agent,7.71,Resolved,0.31,4,4.15,e6130308-4b18-4262-8a9c-30e99bc58146,Vermont,Desktop,False
118278b1-3e05-4161-98b0-524d64474bba,2024-02-25,Product Information,AI Chatbot,1.97,Resolved,1.0,4,4.53,69178312-8d7b-4bc4-b5b2-681160e1ef6e,Kansas,Mobile,True
634226dd-c87d-4794-8789-1f2923c52a1e,2024-06-02,Password Reset,AI Chatbot,2.24,Resolved,0.07,5,5.83,894cd171-e934-42a9-871b-6b271a03a4a3,Wyoming,Tablet,True
5bf9cf7a-4f17-4b55-bad5-937901b6c2f6,2024-02-09,Account Update,AI Chatbot,2.09,Resolved,-0.05,5,1.9,304e392c-0cb8-4bf0-9f73-bbe6c44a614b,Texas,Tablet,False
af1039df-d3f9-49e1-8cfa-5e8d2b1239e8,2024-01-11,Billing Question,Human Agent,6.51,Resolved,0.13,5,3.95,702cfe08-1ffe-43bf-b000-c38be613a7ad,Pennsylvania,Desktop,False
50d3837c-5e8f-4e44-9aa5-4ee3254de38e,2024-03-24,Account Update,AI Chatbot,1.94,Resolved,0.54,4,6.6,81479631-0fac-4e77-893f-4db9ddec8dae,Illinois,Desktop,False
d0af74bd-53b0-4f24-90d5-4b8143f90b38,2024-04-14,Technical Support,AI Chatbot,1.45,Resolved,0.14,4,2.18,43f516de-90c4-48f7-9a8c-94b1d7a4b3dc,New Jersey,Desktop,False
6336def1-234b-4aa5-82ad-6b6a52dab16f,2024-04-24,Product Information,AI Chatbot,1.11,Escalated,-0.04,3,0.99,b5d14a89-cb19-4c35-8360-64541b1c10cd,Michigan,Tablet,False
3cc094c4-39b5-4049-8ee7-30ea306827ed,2024-04-26,Account Update,Human Agent,7.25,Resolved,0.66,4,9.19,c2b59389-4418-48e7-8418-bc666fd9d914,Washington,Tablet,False
5e669f6e-0aac-4800-aaf1-c24bfd2df08e,2024-05-06,Billing Question,Human Agent,13.13,Resolved,0.49,4,6.78,90759e74-8445-4f9d-87eb-ea7ee3b96a97,Mississippi,Mobile,False
604aad32-7392-4da6-8180-fabd0ea41537,2024-04-29,Account Update,Human Agent,8.56,Resolved,0.51,3,7.09,9db6ece2-97d3-4cbb-b82b-06421217063e,Nebraska,Mobile,False
6f15264f-04f3-4d0f-8909-786cdbbf2b53,2024-02-15,Product Information,AI Chatbot,1.99,Resolved,0.55,4,1.07,21337c97-a81b-4a46-af53-c925202a34dd,Washington,Desktop,True
19b53eda-4cbd-4dbb-b8d3-b223964b2ab3,2024-04-28,Shipping Inquiry,Human Agent,5.08,Resolved,0.69,3,5.65,223e0883-910b-41b9-8dc9-30c4186df422,Utah,Mobile,False
36fa481a-af21-46fb-92a5-fcf5259e4137,2024-01-23,Product Information,AI Chatbot,0.7,Resolved,-0.03,3,0.59,03c9b99f-c3e7-433c-bc16-5d6cbbbff9db,Washington,Tablet,False
3200b2fa-4a76-4e9a-b09a-84c0d2cddde9,2024-04-07,Product Information,Human Agent,11.21,Resolved,0.46,3,6.55,be7e8946-c171-464f-9c84-27fdf761b348,Florida,Mobile,False
69b6d18d-15f6-4b7e-bb40-4d4f6c6e51c9,2024-04-24,Account Update,Human Agent,6.46,Resolved,0.11,4,8.58,2ac8ee58-6e0a-45b4-9d6d-e771782c79b9,North Carolina,Mobile,False
1b002ff3-0c25-4cdf-aabe-010804d4e6d1,2024-05-25,Billing Question,AI Chatbot,2.13,Resolved,0.13,5,5.9,29dcfbfe-f4dc-4d27-95d3-d094c610d5e6,Wisconsin,Tablet,False
b2956d3d-d6ac-4238-9a99-1a2a73e91ce8,2024-01-25,Billing Question,AI Chatbot,1.47,Resolved,0.17,4,2.49,d2be0560-0070-4e8f-a775-33e4750d0a14,Pennsylvania,Mobile,False
6a6f94a1-d9c9-4ae3-83e0-010c1d50f988,2024-06-07,Account Update,AI Chatbot,1.53,Resolved,0.3,4,3.98,b5222fe1-534f-4359-bb19-b96320c5ec37,Indiana,Mobile,True
9e294a2e-fc47-4e33-97d0-5b5b6d1a4a3c,2024-06-21,Product Information,Human Agent,7.25,Resolved,0.29,3,6.27,3f9093f4-e001-4d08-8f9b-502a0b85276e,Minnesota,Tablet,True
fbdb21a1-09ca-46f9-a5d5-9c7e0228b316,2024-05-20,Account Update,AI Chatbot,2.43,Escalated,0.19,3,4.1,3431ea96-4ac3-410d-ae11-be14b63ac8e4,Arkansas,Tablet,False
318bf7ea-1bf1-4329-959c-8b6a518a2c42,2024-04-10,Account Update,Human Agent,11.03,Resolved,1.0,3,7.3,3ca64eec-5e2c-440a-9a0a-f7db2fd2ed8f,New York,Desktop,False
f6ab3126-2725-4e48-b04d-f83c83173ff6,2024-06-15,Product Information,AI Chatbot,1.36,Resolved,0.31,4,1.73,ca8fd9b7-47ad-434e-b15b-a4a35212bcc6,Hawaii,Desktop,False
8f650803-3792-42ad-a41e-6f1b275ae2dc,2024-03-06,Shipping Inquiry,AI Chatbot,1.45,Resolved,0.42,3,2.81,794f6f78-fafb-4d01-bb96-2490d28eb2e0,Colorado,Mobile,False
3c8e8113-c66c-4887-8acb-8eaae8344583,2024-02-10,Account Update,AI Chatbot,0.92,Escalated,0.42,3,5.15,860befa1-da65-479f-84a6-9b6af434ed0f,New Hampshire,Desktop,False
fc188ea4-b027-4d41-ade4-3009f056e573,2024-01-24,Technical Support,AI Chatbot,0.56,Resolved,0.52,5,3.56,6c60085a-9877-4408-94ab-af8d7708f84a,Minnesota,Desktop,False
877be42c-ebce-4d3a-a750-49e8d06453fd,2024-04-08,Billing Question,Human Agent,7.77,Resolved,0.59,5,7.7,36d53c7d-ab4a-4371-9152-a3c5f149bfd8,Connecticut,Tablet,False
4068db2c-3840-4221-9cef-deeb814a5804,2024-04-08,Billing Question,Human Agent,10.35,Resolved,0.44,3,5.01,6d5b2bd2-cb21-4197-aec4-55e584aa3cab,Illinois,Desktop,False
1f7d2c4e-f37e-4bfd-acc6-c680b656061b,2024-02-14,Billing Question,AI Chatbot,2.32,Resolved,0.46,4,2.29,bb98b4ff-b525-4eab-ab57-9dfa29410487,Arkansas,Mobile,False
a78d9dca-a488-4f40-8932-ce1f2ceee675,2024-01-16,Account Update,Human Agent,10.46,Resolved,0.45,4,7.53,da9b48a3-f66f-4cbf-b50a-9abbc1b5309a,Wyoming,Desktop,False
acf0ee9b-9ed5-4ca6-b5f6-211d74ebed07,2024-06-03,Account Update,Human Agent,10.52,Resolved,0.0,3,6.06,58837239-4aed-4e8d-a229-2e433d015a49,New York,Mobile,False
471886f4-2278-4fc1-b3a8-1bdd69ca5440,2024-04-11,Product Information,Human Agent,8.93,Resolved,0.27,3,6.72,3a725254-60c5-48f6-8e00-2e61f784233d,North Dakota,Mobile,False
6d145c69-6b9e-4b50-9eee-552a50014a7f,2024-06-02,Shipping Inquiry,Human Agent,1.85,Resolved,-0.12,5,6.62,a4a40747-0918-4c82-ad9b-89042b9aef7c,Kentucky,Tablet,False
f3aa094f-2328-4d5b-8669-5ea0cd2766ce,2024-06-06,Billing Question,Human Agent,8.28,Resolved,0.55,4,5.9,c2a7b605-3da9-4f24-9fbd-6e83dda6f072,California,Mobile,False
21a1873f-7fbb-485f-bfe3-2ba921c22b07,2024-02-20,Shipping Inquiry,Human Agent,10.97,Resolved,0.48,4,7.74,7ece38c1-0ba4-464c-97c1-995500702d74,New Mexico,Tablet,False
51faed15-cb6b-4d26-b818-b58b4e47036b,2024-03-23,Password Reset,AI Chatbot,0.86,Escalated,0.5,3,2.0,cff16dec-0d84-41c6-9756-64d2ec687316,Montana,Desktop,False
7d026dfc-6845-42fc-ae38-30f54666a326,2024-05-31,Product Information,Human Agent,9.68,Resolved,0.6,3,8.15,e379b9da-8eba-427a-885b-7c55d7df6b5c,North Carolina,Mobile,False
8b641db1-acf9-4904-b25e-21a2052c9665,2024-03-17,Password Reset,AI Chatbot,0.21,Resolved,0.17,4,3.93,c3f64991-c863-4921-8245-73abfb846bae,Pennsylvania,Mobile,False
916d9de9-4fc3-492f-8413-dc6f4c841135,2024-03-31,Password Reset,Human Agent,8.42,Resolved,0.26,5,7.73,87a3f461-09d7-4ea9-bcb8-b50c67c2ab32,Indiana,Tablet,False
ffb3263a-b54d-4540-9855-4370edbc66eb,2024-05-29,Shipping Inquiry,AI Chatbot,1.78,Pending,0.41,2,1.87,0d19a510-86e9-4543-a621-c459e0364011,Indiana,Tablet,False
75e7fdf2-670f-458b-8591-39d5dcea9a6a,2024-02-27,Password Reset,AI Chatbot,1.06,Escalated,0.71,2,2.03,81c8c236-fe9b-4fa6-b2d7-360e2719d9ad,New Hampshire,Mobile,False
500e7de6-5c37-47c3-bdb4-e396c4b007b1,2024-01-01,Account Update,Human Agent,7.79,Escalated,0.55,1,7.13,3d654914-8166-45c4-a0df-d5ffe677f35a,Alabama,Mobile,False
0b6346cf-4fe6-4aae-8ce7-eb645d7a1c04,2024-05-02,Technical Support,Human Agent,8.15,Resolved,1.0,4,6.38,9d4a2660-f843-4c3c-9ba6-8ebbd363d7b9,Alaska,Mobile,True
d716d65d-ec4b-4d8b-8eae-9a0de96a0fc0,2024-06-04,Billing Question,Human Agent,5.98,Resolved,0.3,3,7.29,45586896-1977-4da3-adc7-f61ea29a4ad0,Texas,Tablet,True
a2ce8dbb-9cb0-4612-b959-462b2c7d3419,2024-05-01,Shipping Inquiry,AI Chatbot,2.28,Pending,0.45,3,0.85,3cd66cb6-7ed9-4f4b-925d-13d06ede374b,Maryland,Mobile,True
031abc2c-7963-4e16-9389-500a7ff32d2e,2024-01-15,Billing Question,AI Chatbot,1.65,Resolved,-0.15,4,3.96,ef3b2cd1-f61e-4dce-958e-43394fac3d7c,South Carolina,Desktop,False
35358e8b-2dc4-47e3-9529-16180f4d53f8,2024-05-14,Technical Support,Human Agent,7.24,Resolved,0.59,3,8.87,f73316c5-efe7-4ebd-9749-27de812bbc96,Louisiana,Desktop,True
2032795b-f4d5-4df9-b8ca-881b73265042,2024-05-18,Product Information,Human Agent,8.2,Escalated,0.44,2,6.66,d83936a3-c17a-4929-89e7-5d823673446b,Wyoming,Mobile,False
b92f4a44-ce98-48e3-8866-078ce8346b0c,2024-02-13,Technical Support,AI Chatbot,1.07,Resolved,0.24,5,5.29,cb062221-dad6-41b6-b0ab-080848cb333d,Georgia,Mobile,True
18cfe97c-db67-4a96-870f-81abd2d36d48,2024-01-30,Shipping Inquiry,AI Chatbot,0.9,Resolved,0.17,5,4.82,b4eeea74-2052-4fd7-839e-9aa381623b0f,Idaho,Tablet,False
cd13eb27-fd75-45ea-a148-660e0c5b29bc,2024-05-29,Account Update,Human Agent,9.6,Resolved,0.44,4,9.14,586c163a-8e18-42fa-b5d7-64b885c219c6,Arkansas,Tablet,False
7d931374-ebee-4c9b-ba6f-cd245240b174,2024-05-29,Technical Support,Human Agent,9.67,Escalated,0.42,2,6.98,b64f3c78-5d42-4fce-b8c3-c186151702d4,Minnesota,Mobile,False
0e3de832-040c-4b62-9b60-e163a43c452e,2024-02-20,Product Information,Human Agent,7.24,Resolved,0.16,4,5.97,db1bb473-9bb7-469d-a7f4-37863d8b1051,Mississippi,Mobile,False
9bfab69b-41a7-48d7-baf9-54c4eff2a159,2024-03-19,Technical Support,Human Agent,9.73,Resolved,0.29,4,9.18,65437408-90da-4303-ac07-8b237797b6c1,Indiana,Tablet,False
d938c0e3-d6d7-4110-ae35-424d91b126ac,2024-02-06,Account Update,Human Agent,10.32,Resolved,0.3,4,9.53,fa984525-c005-40e7-8158-4f4388b6bf5d,Nevada,Desktop,False
0243bb1c-a096-4c93-b1d7-b7af306fa42d,2024-06-21,Shipping Inquiry,AI Chatbot,0.87,Escalated,0.17,2,1.57,1b7eb0c4-487d-4c8a-830d-2320984047e5,Nevada,Desktop,False
63478183-48e6-473f-a5cd-483c86af35bc,2024-02-11,Account Update,Human Agent,11.41,Resolved,0.33,2,6.37,4af1164d-1d2b-4dba-a2f9-dff9b808e227,Wyoming,Desktop,False
16b13bc9-7351-453c-8c73-8295040cebf2,2024-05-24,Billing Question,Human Agent,8.34,Escalated,0.63,4,6.59,b654e80f-c838-4419-ae2b-712468caf6f6,Maryland,Mobile,False
c6f77185-1fa3-4e41-9f88-2e884c669e37,2024-06-01,Billing Question,Human Agent,7.71,Resolved,0.53,4,4.78,89fd2d2b-fac2-413f-938d-4b2f7517fa35,Massachusetts,Desktop,False
562a5edc-cd8d-4c77-afb8-70eef485c9a3,2024-01-04,Account Update,Human Agent,4.73,Escalated,0.55,3,7.74,9e025dd9-edaf-4a83-974d-1781212e1d38,Colorado,Desktop,False
d5d000dc-332e-4e3d-afcf-e1331701deeb,2024-02-15,Shipping Inquiry,Human Agent,9.02,Resolved,0.62,4,4.36,0cb902fc-0e3a-435f-80fe-8d788e1d7086,California,Desktop,True
299cfca1-4876-427e-bb5a-aa60cc44e774,2024-03-19,Account Update,Human Agent,6.65,Escalated,0.22,2,8.22,3fc8b899-a6fd-49bd-9e73-c84f02e4bcf5,Oregon,Mobile,False
f71ba10a-cd60-46f8-9b2f-c95a575c27d8,2024-06-27,Product Information,AI Chatbot,2.94,Resolved,0.59,5,-0.02,27ea2827-07d7-42ac-a6f8-190794d04163,Maine,Mobile,True
8dd52b3d-59cc-4c5b-a6dd-7bdd4ad32542,2024-05-02,Shipping Inquiry,Human Agent,8.52,Resolved,0.44,4,7.15,2d0050ce-51b8-4649-b471-683e536c3dbf,Ohio,Tablet,False
190d4bef-be6c-42ee-9d30-ebeaee330b81,2024-05-29,Technical Support,AI Chatbot,2.27,Resolved,0.33,4,3.42,31e45db3-b284-4c1b-8cec-7e517b59cee1,Oklahoma,Mobile,True
63596923-6b49-4687-8727-140776570751,2024-03-19,Account Update,Human Agent,2.02,Escalated,0.34,4,5.9,050b88e9-9156-4dc6-ba9a-e627511b3a52,Wisconsin,Desktop,False
24fedba7-8ecb-4b01-84df-54c5828f2fd6,2024-06-10,Product Information,Human Agent,6.72,Resolved,0.13,3,7.82,99cd28c3-0ebd-447d-b217-d2e90164a7cc,Alabama,Mobile,False
e392c489-29e0-4518-a148-8747284cf8dd,2024-02-16,Product Information,Human Agent,1.13,Pending,0.48,1,6.23,98435bee-e3f9-48c9-b06f-99b61c57d011,Connecticut,Desktop,False
41729d8c-b529-41bc-a1f3-65a29ef961f9,2024-06-20,Account Update,Human Agent,0.83,Pending,0.01,1,6.81,74165536-40e1-446c-8091-3b46dbd1b075,Arkansas,Mobile,True
91883109-dd87-41b3-a44f-2ad86b6fa417,2024-03-25,Product Information,AI Chatbot,0.38,Pending,0.32,2,2.5,0dd5c40b-7ec4-4812-9adb-b04ef0f9f343,Arizona,Tablet,False
e3aa8616-58c3-46cf-be62-1949effc4f1f,2024-02-17,Account Update,AI Chatbot,2.67,Resolved,0.77,3,3.63,d9d784b1-6816-489a-8790-11609c805e7c,Indiana,Desktop,False
c2a01d6f-8363-4891-89c5-01e191322321,2024-02-29,Product Information,Human Agent,5.7,Resolved,0.06,4,6.12,e9f208a3-75b6-4216-859e-2a1f17bcdc09,Utah,Mobile,False
5a419892-06e4-4a33-bb91-96ff4d7eccfc,2024-03-22,Technical Support,Human Agent,11.59,Escalated,0.02,2,3.84,b49eafbc-4182-4e39-bfa1-7e277d4b3f6f,Maine,Mobile,False
7678c104-8d78-4ea8-bd1c-dcca7ce68a39,2024-04-12,Shipping Inquiry,Human Agent,7.25,Resolved,0.33,2,7.72,fd906f79-7c51-467a-be9d-b34bfe5d3271,South Carolina,Desktop,False
2c18aa96-11b0-4903-a3a6-86960de4b2e1,2024-04-11,Password Reset,AI Chatbot,0.93,Resolved,0.36,4,1.39,0773b20c-e69e-490a-b385-6e8bcaf95e38,Washington,Mobile,False
35f95215-efd3-460b-8c2c-0d25b82e64cf,2024-06-16,Product Information,Human Agent,14.91,Resolved,0.48,4,7.29,8ca230dc-0b28-4e31-b58a-6009e789e160,Delaware,Mobile,False
e8271e2e-ac57-44cb-97ac-68908534749e,2024-04-24,Product Information,Human Agent,3.55,Resolved,0.1,3,6.87,8edf6055-982d-4a38-b580-2421b2448d29,Wyoming,Tablet,False
14c28d86-1432-4014-a872-d9a9a7e8f076,2024-04-04,Shipping Inquiry,Human Agent,3.74,Escalated,0.43,1,8.12,87cba453-3a3e-47af-b199-0b84f7ef06fc,Louisiana,Desktop,False
2a0578cb-2785-4f8a-bad0-70244921e7c0,2024-05-08,Technical Support,Human Agent,6.48,Resolved,0.4,2,4.53,d6888b43-781b-400a-af35-7e4e40e60b50,Arkansas,Mobile,False
1b990b39-450b-4145-9871-9291f6a95ffa,2024-04-23,Billing Question,Human Agent,7.07,Escalated,0.36,3,5.12,40f28c41-31ea-4c6d-afdf-b9135be6feec,Georgia,Tablet,True
fe471619-0401-499f-9320-48de178e9df9,2024-02-23,Technical Support,Human Agent,6.48,Escalated,0.36,3,5.3,336dd3cb-c36b-484c-8264-93282a63c93b,Nebraska,Tablet,False
73b43720-b59a-4ef8-8a5a-4c9b85b32e58,2024-06-20,Technical Support,AI Chatbot,1.74,Escalated,0.23,3,2.61,77757904-3c78-460c-97df-80b560d6601a,Indiana,Desktop,False
f7fba00a-99e3-45f5-92ea-7fa1ddb09898,2024-04-28,Technical Support,Human Agent,10.64,Escalated,0.45,2,6.42,b2ffb844-8938-4559-9431-e3cf257e2a62,Illinois,Desktop,True
99d1c36e-3a8f-4673-bc9e-b1115044a48b,2024-04-14,Billing Question,Human Agent,7.38,Resolved,0.54,3,5.89,d080e92d-7b3e-4935-bd31-937894d7829e,Indiana,Tablet,False
0d7c5d0c-eeed-4199-9206-935e7b91c7e4,2024-03-07,Technical Support,Human Agent,6.76,Resolved,0.63,3,5.32,cc196097-f6eb-40d0-add3-d4ca4287aefe,Texas,Mobile,False
bddf78ee-fa36-4911-a2e8-cb6f3f49f7c4,2024-02-14,Product Information,AI Chatbot,1.45,Resolved,0.13,4,5.23,08dcfea8-246f-4941-8391-72d97e63f982,Iowa,Desktop,False
26f61a65-9760-46ed-946f-a298c113f51d,2024-03-15,Product Information,Human Agent,1.31,Resolved,0.97,3,8.54,81ecad66-2d21-4680-9b09-9ff54ff22104,South Dakota,Tablet,False
0dad6597-7324-4e1d-ad0b-244299791773,2024-06-26,Shipping Inquiry,AI Chatbot,0.36,Resolved,-0.13,4,2.7,6eef39bb-25d1-440d-92e1-c3911049c61a,Kentucky,Desktop,False
cf2b90f1-24b7-4380-90ba-52d266d056ef,2024-05-13,Shipping Inquiry,Human Agent,1.08,Resolved,0.06,4,7.79,8eb8feb1-345f-4f1e-a83b-4aa443903f8e,Arkansas,Tablet,False
e76c9d74-71c2-49fd-bb8b-e47a2b13c2f6,2024-03-18,Account Update,AI Chatbot,1.28,Resolved,-0.05,3,0.97,e1d10945-90ec-4d5d-b2b0-a2a481b6890f,Virginia,Mobile,False
0df62064-d367-4a7f-ba16-7fd1d6f41e55,2024-06-15,Account Update,AI Chatbot,1.29,Escalated,0.38,4,3.21,a12ee68f-bd9d-49c0-ae9e-63b17ce826f9,Wyoming,Tablet,False
ea535b0e-9bda-4264-a7b6-cb76c6b7d8bb,2024-03-30,Shipping Inquiry,AI Chatbot,1.59,Resolved,0.56,4,0.68,a18aa599-b86d-4754-a76f-c0943a6ccd8a,Minnesota,Tablet,False
5f61a369-ed8c-40da-91b4-3af9af9f0f07,2024-04-27,Technical Support,Human Agent,6.72,Escalated,0.47,2,6.12,d5c0bf3f-b79d-408f-a055-024c69087b21,Oklahoma,Desktop,False
c0d4969b-ecc5-46e9-b14b-f4a9846cb68f,2024-05-30,Billing Question,AI Chatbot,0.8,Resolved,0.3,3,2.63,64079de6-3598-4852-9e0b-6ee31fb89be1,Alaska,Desktop,False
2beb7eff-deb6-4868-8f02-579123987fc3,2024-01-19,Password Reset,AI Chatbot,1.23,Resolved,0.58,3,4.28,df5cc12d-ad34-4582-8c93-453c5c8e61af,Indiana,Desktop,False
d884e250-6879-4e52-8a8d-731ccb912a49,2024-06-09,Technical Support,Human Agent,10.67,Resolved,0.89,3,4.95,6b37caaf-d316-4ebd-b5db-92671bc49f18,Louisiana,Mobile,False
f89f5318-64c1-453f-bb83-4cefd0d687c4,2024-05-10,Billing Question,Human Agent,8.29,Escalated,0.58,2,6.38,895fc77a-036b-448b-9b51-0be9a92ce2f8,New Jersey,Desktop,False
74f89134-d2f0-4859-a7dd-03458870a367,2024-02-11,Billing Question,Human Agent,4.1,Resolved,-0.14,3,8.72,2ad87d42-accf-4f7a-b688-f0a5766fdb77,Maine,Mobile,False
3ce704e0-f9ae-41c5-86d8-caf5af90c27a,2024-03-05,Technical Support,AI Chatbot,2.2,Resolved,-0.07,5,2.79,a2a79a9a-2c44-408f-95bc-22cd89594e79,Alaska,Desktop,False
3ea9286a-00ac-40e8-b83b-db04772c1ee4,2024-02-21,Account Update,Human Agent,7.02,Resolved,0.59,3,5.48,44aefd93-c4b0-4a12-b447-350d52f33a30,Michigan,Tablet,False
87876484-b4bd-4667-99ab-dff945c7d22e,2024-03-29,Shipping Inquiry,Human Agent,10.24,Resolved,0.52,3,3.95,fa3dd83d-acad-4f13-8e9c-aeb0b1a48ca2,New Jersey,Desktop,False
a2ce12ce-b563-442a-a9d1-56323deac07f,2024-04-10,Password Reset,Human Agent,9.71,Resolved,0.84,2,7.78,36b3db79-f4a7-4f25-a8fb-e83776e2c947,Georgia,Mobile,False
4a7dbff4-c93b-45a3-8d7b-fea530768e5a,2024-01-13,Technical Support,Human Agent,4.77,Resolved,0.12,3,6.24,7887ac82-64af-452d-a269-bdf674d259ab,Pennsylvania,Mobile,False
924499b2-ec56-4728-9a68-ebe284eb50c2,2024-02-02,Billing Question,Human Agent,11.92,Resolved,0.19,2,9.29,069bfeb3-ae7f-44a4-91df-cf0686cc17db,New Mexico,Tablet,False
434c6cb7-079e-4455-85ee-d966dc42086f,2024-02-25,Account Update,AI Chatbot,0.44,Resolved,0.03,5,2.56,7a50b8cd-d2f1-4ed1-99f1-d9a20bc39547,South Carolina,Mobile,False
9a97fab4-33c9-42a0-8b30-f45158eb233f,2024-02-21,Account Update,Human Agent,2.64,Resolved,0.7,4,7.91,f9e8dfb8-3101-4caa-b955-48e090b51a56,South Dakota,Tablet,False
d264fc04-3a93-418f-9263-4efef7ff8239,2024-04-29,Billing Question,Human Agent,6.51,Escalated,0.67,3,7.56,a08540c3-c669-48ef-b5a2-4e374d427e54,New Mexico,Desktop,False
48fa6e44-82bb-4ddd-8cc8-165600ed9347,2024-03-31,Account Update,Human Agent,5.76,Resolved,0.41,5,7.04,7ab79eb8-bf43-424f-97ef-4cf0eb2c982e,Florida,Tablet,False
d168fdbb-8bd1-47b6-8f86-a43a42e3a0aa,2024-03-13,Password Reset,Human Agent,6.86,Resolved,0.76,2,2.83,0f153c56-ac5d-4dce-bf81-01e7feed7219,New Mexico,Tablet,False
5907cdb3-5c13-4fc4-860b-ff9d5e98e4c2,2024-03-04,Account Update,AI Chatbot,1.9,Resolved,0.1,4,3.44,698bcc87-afef-48f2-937e-d35fa5ad1854,New Mexico,Mobile,False
b5991fbf-9f7b-4686-9f0c-117df5bf6538,2024-01-20,Billing Question,Human Agent,9.95,Resolved,0.49,5,6.84,8b6fe94a-e025-4136-b13d-15a62f67b322,Minnesota,Mobile,True
5f889f4d-694a-4e84-96ba-fe726c32e947,2024-03-30,Account Update,Human Agent,8.61,Escalated,0.35,2,8.6,4c0775c2-77af-4ec3-a1fc-da5b3d96d40b,Minnesota,Mobile,False
9e3bb477-81c8-4660-9b8b-2a424c63ddcb,2024-06-17,Technical Support,AI Chatbot,1.2,Escalated,0.48,3,3.81,76c68e11-4310-4707-97d5-9ba6e10b0ddd,Oregon,Mobile,False
2537ca5d-57fd-42b0-a2f7-a6cdb440193d,2024-04-02,Password Reset,AI Chatbot,2.66,Resolved,0.19,2,6.19,66170ddd-3da4-49d7-948b-a2123d991ba5,Minnesota,Mobile,False
090c373d-c9ac-4682-a33c-afc8dd2eed5a,2024-03-20,Account Update,AI Chatbot,0.68,Resolved,0.32,5,3.56,43a83063-d5dd-4c2e-943d-973971853faf,California,Mobile,False
439ee13f-7991-45c1-b9f6-3d45de2efa96,2024-04-07,Product Information,AI Chatbot,2.18,Resolved,0.47,3,1.23,aff04221-7f1e-44bc-8f77-42e2048c4507,Maryland,Tablet,True
a981c03a-d63f-4d6a-9c67-9d28cbbb44ed,2024-06-12,Billing Question,Human Agent,8.93,Resolved,0.62,4,7.17,31340142-76cc-4c98-a108-4ccc1ccd54fd,Arizona,Desktop,True
a2a87ff7-1748-4cde-ba45-91608f5bbb12,2024-03-29,Product Information,AI Chatbot,1.93,Resolved,0.27,3,6.29,91882510-f8e6-45ab-b9c5-0a2a9bc338aa,Idaho,Tablet,False
8b2554e3-2333-4968-b072-830f687c1ea5,2024-04-19,Technical Support,AI Chatbot,1.7,Escalated,0.25,2,5.23,969aabca-7cfc-45ff-a75d-a986b96e64aa,New Jersey,Desktop,False
15c3b8ad-7a29-4cb1-b8b5-f4ffdbac5e44,2024-02-01,Billing Question,Human Agent,7.15,Resolved,0.32,3,9.1,7308aad0-d724-4896-a170-5209c07dc5e6,Vermont,Tablet,False
4d40f2a3-c88a-4f2a-b7d1-c13a73f3b372,2024-03-10,Technical Support,Human Agent,7.54,Resolved,0.53,4,6.86,6cdc3d8f-26bc-458b-a304-fc4a60eedfb4,Wisconsin,Desktop,False
85e20a09-c79c-4705-8240-89a5eb2d1432,2024-03-06,Shipping Inquiry,AI Chatbot,1.49,Resolved,0.22,2,2.12,32a74a5c-cd4b-4766-a77a-e2ff123c1445,Vermont,Mobile,False
0088ae9e-a1a3-4016-b0e0-c25d42894ab1,2024-02-21,Product Information,AI Chatbot,0.47,Resolved,0.35,2,2.46,02ca8101-bdd3-4c9f-94b6-0bd07799136a,Michigan,Desktop,False
bd48c8db-b409-4378-828f-441e51847152,2024-02-20,Password Reset,AI Chatbot,0.87,Resolved,-0.06,5,3.45,28bf9113-40a0-4c8f-a247-19c2a14641c2,Idaho,Desktop,False
ca6096da-f640-4877-baf9-1f664360f0de,2024-05-07,Account Update,Human Agent,5.14,Resolved,0.17,4,4.59,88f9d4be-dc1d-4114-84b5-de10150de913,Vermont,Desktop,False
b53ab7b8-83a0-4924-b8c1-04c81a59ce33,2024-04-15,Shipping Inquiry,Human Agent,9.03,Resolved,0.68,5,4.0,34fb4264-aa38-45bb-87ae-95bf2d1a49c2,Iowa,Tablet,True
7e5fbfc2-22c8-443a-9692-53a29e35d62b,2024-01-05,Password Reset,AI Chatbot,0.68,Escalated,0.34,3,3.42,69ed8aec-ca2a-4042-a551-cb21cfc8f986,Louisiana,Desktop,False
011a8778-0802-405e-bfc0-e4b958acbe54,2024-02-16,Billing Question,Human Agent,8.25,Resolved,0.12,5,7.79,afb957ee-7862-4d48-ae18-19a5db61f80f,California,Desktop,False
3411ac31-d170-44dd-ae19-7b02753337da,2024-03-10,Product Information,Human Agent,2.22,Pending,0.34,5,5.55,64191a79-1bb5-4e4a-b366-479fe70d72cd,Wyoming,Tablet,False
e0003052-1ce3-451f-9f41-169b3dfddbe5,2024-04-05,Billing Question,Human Agent,5.69,Resolved,0.3,3,9.32,34a2fe50-926a-4fc2-8dda-67ca84d48b51,South Carolina,Desktop,False
066558af-e4e3-4551-a8e6-5522b7f1dd16,2024-05-27,Password Reset,AI Chatbot,0.44,Resolved,0.4,4,2.34,758b8b19-3c4e-4e57-882a-d2f4837dda78,New York,Tablet,False
93f423f4-49ab-44de-a9e6-d9279b47fc59,2024-03-01,Shipping Inquiry,Human Agent,7.59,Pending,0.54,3,6.26,e3aa8417-de48-45e8-b174-63c1d099cb5f,Alabama,Mobile,False
cc31ac30-4207-4a53-8852-10520332e819,2024-02-10,Product Information,AI Chatbot,2.21,Resolved,0.17,4,2.31,b98978f8-0041-45ca-969b-8fca4e0040f6,Louisiana,Mobile,False
a2a10ca2-73d8-4dc4-91aa-68fd7d3d8804,2024-05-26,Technical Support,AI Chatbot,1.02,Resolved,0.36,4,2.82,0f980bc5-5c82-44d1-ac2c-dd6a7966651c,Oklahoma,Tablet,False
3ad22b98-d34c-4ea0-b7df-29b81db66d67,2024-05-24,Product Information,AI Chatbot,0.63,Resolved,-0.05,4,4.08,d5b251c0-777e-4d0f-b88f-d1ab2c73a14a,Nebraska,Tablet,False
1cff93ab-319f-49dd-9841-554f241422c4,2024-04-14,Shipping Inquiry,AI Chatbot,1.75,Resolved,0.51,5,3.71,27c5051c-56d3-485f-9f68-174d65c1ef7d,Kentucky,Desktop,False
f67edee3-008a-4659-bddf-15c24b7d8c19,2024-04-06,Product Information,Human Agent,9.49,Resolved,0.21,3,8.93,3e8e9d1f-67de-411d-b308-83b4b98c437e,Montana,Mobile,False
bca9e178-6205-48ce-a20a-ad0214adebfb,2024-05-07,Billing Question,AI Chatbot,1.98,Resolved,0.06,4,1.77,5a651e3a-deb8-4808-81e6-c6297b4cab76,Montana,Tablet,False
98b3aaa8-0250-4d5e-9747-de677d2ef98e,2024-03-09,Technical Support,Human Agent,11.04,Pending,0.23,1,10.93,2f4fdb0c-ca63-4796-bac6-7b74da095c53,Arizona,Desktop,False
be6eb29a-83c5-4bc7-a6f4-c1f476f30c7a,2024-01-04,Product Information,Human Agent,6.05,Resolved,0.32,3,6.08,b7090214-dc08-4c17-a859-a7b9022ff6d4,Colorado,Mobile,False
f6ad2cfc-d6ed-4fba-8d6f-34e15168fa15,2024-02-04,Billing Question,Human Agent,11.82,Pending,0.18,3,5.79,177ceea5-a5df-4c78-9f89-b90f84f385ed,Missouri,Tablet,True
2838131d-522e-4f8d-bb31-d661ec4ad58d,2024-01-25,Password Reset,Human Agent,4.98,Resolved,0.24,5,5.5,e612d622-e672-4f92-84a5-bd5d7200a2a3,Tennessee,Mobile,True
04fd202e-f042-4feb-bd4d-dc899a6a0a8f,2024-03-31,Billing Question,AI Chatbot,2.76,Resolved,0.54,5,2.1,7f86e0a3-4c8c-4654-a198-a6bf9a6918b7,Oklahoma,Desktop,True
028bafde-c671-42fc-9288-d637aceadc15,2024-06-07,Technical Support,Human Agent,7.14,Resolved,0.74,3,7.34,6f0cf3e1-0935-43ce-9823-44b4ffde68e7,Georgia,Mobile,True
12a574ff-e9dc-424b-99db-06d0fd2093d2,2024-05-04,Shipping Inquiry,Human Agent,4.85,Resolved,0.06,4,6.23,97c9b951-15e4-41b8-97d6-60c84a37039b,Wyoming,Desktop,False
709b983b-eecd-4e46-a0bb-2e5b5670ccd1,2024-04-02,Technical Support,AI Chatbot,0.54,Escalated,0.45,1,1.05,57a77082-b6c9-4a87-a34f-c8bd2f47adaa,Maine,Desktop,True
278b857c-f014-42fa-bca7-4d57b9012642,2024-05-14,Technical Support,Human Agent,5.83,Resolved,0.41,1,5.68,967467d8-d0a8-4bbf-9d55-7ecd76a37d4f,Massachusetts,Tablet,True
86e44f0b-b7a8-4dae-aad9-05ef029b6b8c,2024-05-02,Technical Support,AI Chatbot,2.48,Resolved,0.68,4,2.93,af858c5f-45f5-4f94-a780-ba0b4dabc2ca,Ohio,Mobile,False
0646969f-98b0-46f4-bc3f-41723742319d,2024-06-19,Technical Support,AI Chatbot,0.66,Pending,0.75,2,3.17,ebc1b862-0b19-454d-8859-e6701ad614c2,Florida,Desktop,False
8324003a-6350-47bc-b3d3-721611e864c5,2024-02-26,Password Reset,AI Chatbot,1.43,Resolved,0.83,3,3.54,f9be20dd-fbbb-4868-ad51-da625247512c,New Jersey,Tablet,False
c8cc63f9-08aa-46be-87ad-bbd2c617ced7,2024-01-17,Shipping Inquiry,AI Chatbot,1.79,Resolved,0.31,4,2.38,dfaa5180-a387-468a-aafc-aa1b4835e3ac,Minnesota,Mobile,False
ab9d60a7-3cae-48a1-b1be-9392909ba589,2024-06-24,Account Update,Human Agent,3.14,Resolved,0.39,2,7.76,a0ed42e1-31c3-4d80-aab4-ab5b7cbd0a48,Georgia,Tablet,False
f1057953-f275-4dc4-ab8d-02764b434dbf,2024-01-12,Product Information,AI Chatbot,1.61,Resolved,0.27,2,5.61,1462f0eb-4076-4230-a19b-9dd3e1b8b312,South Carolina,Tablet,False
ffab80af-f283-4120-a012-ca5584dc75ec,2024-01-09,Product Information,AI Chatbot,1.52,Pending,0.55,2,2.47,2953c7f7-fe15-4fb4-8d32-acf8223244c3,Arkansas,Mobile,False
b8c8279e-3da9-4f94-a217-9ca50187f0cb,2024-03-13,Account Update,AI Chatbot,2.21,Resolved,-0.35,5,1.39,9b986283-c536-4a7e-828d-ee4726e8a193,Montana,Desktop,False
ebc6347e-7ffa-4d00-a701-cc3d71192995,2024-06-20,Account Update,Human Agent,11.2,Resolved,0.68,5,7.54,b37504eb-16f8-4ad2-b0fc-8a55b460cc90,Nebraska,Desktop,False
36a16bcc-3bb5-4558-9cfd-26bc532a18db,2024-02-09,Billing Question,AI Chatbot,1.78,Resolved,0.99,5,2.49,c21b0f0d-f778-4589-95be-c6a6f3cc7197,Maine,Mobile,False
24908d0f-ee99-44ff-914a-e4b0a9094dda,2024-02-13,Technical Support,Human Agent,8.7,Resolved,0.94,4,6.13,280df405-20b3-497b-afc5-b23f6cbf55d1,Delaware,Mobile,False
ae4588dd-7294-48ab-981c-5d9aedbb2210,2024-06-03,Product Information,AI Chatbot,1.11,Resolved,0.1,3,2.22,d7e8b251-36b1-4924-9dae-a7254922953b,Louisiana,Desktop,False
d208a35c-3ad6-4683-8127-6cb829e5485d,2024-01-07,Shipping Inquiry,AI Chatbot,1.25,Escalated,0.94,4,2.87,e1787a5b-f667-4a44-84b4-8fa5d84d5046,North Dakota,Desktop,False
5a785182-cdca-432f-8ea9-a5fede5b99d3,2024-06-09,Product Information,Human Agent,7.03,Resolved,0.46,3,7.46,c3f471ff-4b5a-41df-bc8e-25308fb6548f,Arizona,Mobile,False
c4ed6054-2b95-4a2a-b89c-d9959f60f584,2024-05-13,Billing Question,Human Agent,6.42,Resolved,0.56,5,8.11,565059dc-dda7-48aa-8699-b79b97cb76f6,Hawaii,Mobile,False
1bfd3364-d7e1-4521-a8ad-c22d0030cb4f,2024-05-22,Billing Question,AI Chatbot,0.85,Resolved,0.12,3,2.94,062ea711-cde1-4e69-beb3-0438e41f8747,Massachusetts,Desktop,False
a4c84e72-357f-49fa-82eb-a5fb82eb9390,2024-04-19,Password Reset,Human Agent,7.34,Escalated,0.71,2,6.29,f57587e2-c99c-42bf-9b0d-279c61d673bd,Utah,Mobile,False
6117a07b-96a0-49f9-8a53-ab3c074e558f,2024-05-30,Billing Question,AI Chatbot,0.87,Escalated,0.22,3,4.23,0a26f343-8e41-4f58-bcbf-30dd524357b4,Oregon,Tablet,False
f9b369ab-f643-4090-9559-52344ffc269a,2024-05-26,Password Reset,Human Agent,5.04,Resolved,0.41,3,7.37,f30dbc9c-358a-4fee-9f62-e30c794e060b,Washington,Mobile,False
9ef0d273-f31b-42dc-a997-7dc6d128f896,2024-01-01,Billing Question,Human Agent,3.79,Escalated,0.19,3,5.0,3abe7ec0-f73d-406d-9bab-4c8ab9913b00,Missouri,Tablet,False
dc7cfc50-aad5-4973-a5cb-4ea556777fcd,2024-03-03,Password Reset,Human Agent,11.2,Escalated,0.41,2,7.39,48cc6ae9-cbd7-479a-b700-4253ec06acca,Indiana,Mobile,False
dd30b6b9-1801-4bd8-99ae-ed578cba9797,2024-03-10,Account Update,Human Agent,5.76,Resolved,0.52,4,7.38,1040f4f5-13ac-4ad6-b96c-fc6157f99fa7,South Dakota,Mobile,True
1a6c046c-b2d7-487c-a8aa-467ccf10e86e,2024-05-02,Password Reset,AI Chatbot,1.25,Resolved,-0.13,3,1.69,f86bb4a1-91d7-481a-a128-52c3d47af035,Kentucky,Desktop,True
5f412974-2b84-4af6-bb90-ba5153002484,2024-02-10,Account Update,Human Agent,8.76,Resolved,0.37,4,6.84,ba2a3e34-67ea-4bb5-bd6a-7f09786fdcdd,Georgia,Desktop,False
8216e034-b0f0-4ab0-b0a8-7abfdd8ada94,2024-05-17,Technical Support,Human Agent,5.25,Resolved,0.36,4,7.14,d2b58879-db1e-4a1e-b8aa-3484ace61c00,South Carolina,Tablet,False
91c5361b-300b-4100-9e95-415dde22364d,2024-04-14,Shipping Inquiry,AI Chatbot,0.2,Resolved,0.41,4,5.25,d73826c0-14cd-4a94-9edc-c80231634661,Indiana,Mobile,False
972c487d-0731-4d03-bc40-d4fb354ba23a,2024-04-28,Product Information,Human Agent,7.13,Resolved,0.36,3,6.98,7837e4c3-8bf2-49e4-a0bb-5621c89325c4,Texas,Desktop,False
30b359af-e9e7-47df-92fc-8aee027138bb,2024-03-21,Shipping Inquiry,AI Chatbot,1.55,Resolved,0.14,5,3.98,692256fd-b0d7-4073-bafd-909387c0f446,Arkansas,Desktop,False
8da5660f-5dd5-43fd-b707-731c565a4d48,2024-03-26,Password Reset,AI Chatbot,1.86,Resolved,0.54,5,4.28,749c3e6d-c306-4395-9e04-fbbde3f8e542,Hawaii,Tablet,False
23cb86da-05f5-4119-836b-403424c8e33d,2024-03-16,Billing Question,AI Chatbot,1.43,Escalated,0.47,2,0.12,0a273ecf-55bb-47a2-a87a-d8542b4fc0cb,Iowa,Desktop,False
966e4f41-facd-47c8-839d-ed448d531d4d,2024-03-27,Product Information,Human Agent,8.74,Escalated,0.62,1,7.95,93de4f7c-5f63-4c13-99f7-2e83ddd5eb46,Illinois,Mobile,False
5abd1ae3-7c73-4b9c-b13f-1c2d5da55f21,2024-01-23,Account Update,AI Chatbot,0.2,Resolved,0.18,4,2.34,9f0c2b44-fbe2-40a3-8bda-d533e8cb034a,Georgia,Tablet,False
de16c54d-4747-4798-a662-abae98f41297,2024-06-06,Account Update,Human Agent,7.51,Resolved,0.96,4,6.5,f2082de5-7cef-4a86-ac18-4de097add257,Oklahoma,Mobile,False
eb39b1b2-ef85-46d8-91e9-1e112174a097,2024-03-19,Technical Support,Human Agent,3.86,Pending,0.61,1,4.81,d43335ea-ab07-4472-be8e-7a64ac600147,Ohio,Desktop,False
f93b702b-a5c8-4432-9ec7-5e10ed434078,2024-06-05,Product Information,Human Agent,8.15,Pending,0.14,2,5.51,8b1475b8-7397-4106-afd8-97bac61af9d2,Nevada,Desktop,True
d84ff432-6c63-4d0a-9f42-b51c2b2981ec,2024-02-16,Billing Question,Human Agent,6.14,Pending,0.09,3,4.99,7daf5452-79b5-4bff-9d79-af65b6aeec08,New Jersey,Desktop,False
77ca1078-0b9b-4d5e-8242-8299a097c841,2024-04-27,Product Information,Human Agent,11.08,Resolved,0.33,4,7.06,962105fa-16e9-4478-a9d8-8b029d1db4b9,New Mexico,Mobile,False
f4944cb9-c879-4c0f-9a2e-f81d4cdd0026,2024-01-17,Password Reset,Human Agent,6.56,Escalated,0.62,3,4.46,6398c633-4677-49a5-b315-daddba26ff57,Connecticut,Mobile,False
7dca7898-777c-4f20-9ff2-e6a1b51ea6ad,2024-01-06,Password Reset,Human Agent,8.49,Resolved,0.41,3,7.32,28c7916e-18fc-495a-babf-755f4cf9bf89,Nevada,Desktop,False
df63cfc4-3785-40fc-bce1-19f6d48f1aef,2024-06-01,Account Update,Human Agent,8.47,Resolved,0.3,4,6.84,486dac3a-90ce-4a72-a6c1-2cd4969a7541,Kansas,Desktop,False
aea1613a-91eb-4ec3-89d5-7939ce118535,2024-01-22,Account Update,Human Agent,7.01,Escalated,0.79,3,4.52,eb8efcc7-86c9-41bf-9152-4445a736bf0f,Nebraska,Mobile,False
1490b8cb-a220-425c-88fb-2e6495940ab7,2024-01-23,Billing Question,AI Chatbot,1.4,Resolved,0.17,4,4.18,0824442e-2895-41d7-be90-72e73fa61f76,North Carolina,Mobile,False
65721c0c-3fab-4926-8819-d07ff0a853fd,2024-05-14,Billing Question,Human Agent,6.81,Resolved,0.01,4,6.9,8a40163a-0d47-4e70-b6d9-218f65610d27,Nebraska,Mobile,False
e4345b2d-5106-4205-9ed3-d250efdd7047,2024-03-30,Product Information,AI Chatbot,0.95,Resolved,0.68,5,5.6,3b174e5d-9eb3-4088-908e-416f62a53e4d,Illinois,Tablet,False
0ef17491-d3b2-4507-92c9-efd6e64b4121,2024-05-15,Product Information,Human Agent,1.03,Resolved,0.41,3,7.98,b353e8b1-c23b-4486-9bc2-660dd2d3b652,Missouri,Tablet,False
f09130b8-fcbe-4b43-951e-72379ca58c5a,2024-06-27,Password Reset,Human Agent,8.1,Resolved,0.51,3,7.98,5518d911-6268-4dc2-acd7-ca35fc2d428d,Illinois,Tablet,False
4032f4ad-9dc1-4d8c-96dd-79616f2dba0f,2024-02-02,Billing Question,AI Chatbot,0.79,Resolved,0.05,4,1.45,2646774d-2c3f-4771-970a-a6a4a14fc0ec,Maryland,Tablet,True
5cc28355-a9ce-4b08-88d7-fc2d7a8c4236,2024-02-17,Billing Question,Human Agent,12.97,Resolved,0.19,3,5.49,e700b65c-cc1e-40a5-9651-545b2423b171,Ohio,Desktop,False
52e7267c-3c47-40f9-974a-f536de14cefe,2024-01-19,Password Reset,AI Chatbot,1.02,Escalated,-0.24,3,2.74,2dba4ed2-f1f5-4591-b68f-245b57bc13cb,Mississippi,Tablet,False
f5a3cadc-1287-4201-8886-9bb6beec0449,2024-04-13,Shipping Inquiry,Human Agent,1.39,Resolved,0.29,2,7.02,73871812-a6f2-494e-8312-f11ae598c4fe,Michigan,Mobile,False
23c41beb-f0f4-49ce-9c8f-4c21f311c303,2024-06-25,Password Reset,Human Agent,5.47,Resolved,0.37,3,8.28,38369459-b73f-4dd0-a222-9ee607395cea,New Hampshire,Mobile,False
388b0870-eeb1-440d-93f3-9236631d745f,2024-03-07,Technical Support,AI Chatbot,1.08,Resolved,0.29,4,4.0,1cac757e-d19a-4bad-9cf6-ac0e87793ab2,South Carolina,Tablet,False
2a1f8c6c-1ba2-404e-b5a2-296dc8b57f94,2024-02-16,Password Reset,Human Agent,9.2,Resolved,1.0,2,10.42,77c86cb1-24da-4dd3-ae3c-5eb7763eb150,Alabama,Desktop,False
44f755c9-8a89-454d-9c5e-9c23039701db,2024-03-19,Password Reset,Human Agent,9.79,Resolved,0.79,4,4.04,4cac6b6e-cb28-4343-b461-471030e2e1ff,Maryland,Mobile,False
11f35945-9582-4bc8-b2f0-f8e876dd0b98,2024-03-31,Shipping Inquiry,AI Chatbot,0.89,Pending,0.08,1,2.69,5880c923-32c9-4ea3-b894-0370547e1c62,Montana,Desktop,False
5b62c049-351b-4867-945d-45fc6e9388ee,2024-01-20,Account Update,Human Agent,6.85,Resolved,-0.06,2,3.97,fa61c160-8d3c-4f4a-ba08-9dbabe5a8b90,Mississippi,Mobile,False
b72ca9ef-0e51-4a96-86cd-ef2c2ac39260,2024-05-17,Password Reset,AI Chatbot,1.1,Resolved,0.16,4,3.6,dc95c17a-b4ca-4c62-82dd-420e95237d5b,West Virginia,Tablet,False
4ebe891e-7657-4539-a435-ab07ace95338,2024-02-14,Technical Support,AI Chatbot,1.08,Resolved,-0.03,3,4.01,6c5b5bba-d299-4d2f-a486-a3d005a5ed45,Delaware,Tablet,True
a7f27012-e9c9-4f68-9220-17958bab6d5f,2024-02-25,Billing Question,AI Chatbot,2.31,Resolved,-0.03,5,2.81,5bb5ea14-eb9e-4bf7-ada3-f61a14ca2031,Minnesota,Mobile,True
a2c2a20f-732e-46f6-96a9-c24a8ba66b6d,2024-04-01,Password Reset,Human Agent,5.88,Pending,0.34,3,5.32,37671e12-2a5c-4b0a-96ee-c421f732ed4b,Maryland,Desktop,False
cf501576-c4c2-4fb4-9a54-1ae78a98ba93,2024-02-06,Product Information,AI Chatbot,2.01,Resolved,0.27,3,1.37,6ab03306-35ba-492e-b866-2156f4ef9133,Hawaii,Desktop,True
15133ad3-682b-4a6c-b9a2-f68be42c9aa8,2024-03-01,Account Update,Human Agent,7.4,Resolved,0.44,4,6.36,6d7861ae-a0db-44e9-a81d-b8e0a1ec72bd,Maryland,Desktop,False
98e15f38-bdca-470b-8fe7-f281644f7e8d,2024-03-10,Password Reset,AI Chatbot,0.79,Resolved,0.31,4,4.29,b9e58e42-d839-4f76-b3d9-e89e5114dddf,New Jersey,Tablet,False
a24f0f23-5d38-43b6-8446-ed5834b23ee1,2024-02-06,Account Update,Human Agent,4.72,Resolved,0.31,3,7.93,52229136-eb8f-4ce9-84a4-4fb5584a2ce3,Arkansas,Mobile,False
bf189bce-527f-465b-a467-8e36d60906ea,2024-02-01,Shipping Inquiry,AI Chatbot,1.41,Resolved,0.62,3,3.79,abc31284-1d6d-441b-b98d-b944faf64f78,Kansas,Mobile,False
1c66a256-991c-4aa0-a265-c1596d293658,2024-03-02,Product Information,AI Chatbot,1.18,Resolved,0.29,4,3.53,0a105868-92cf-4e2d-9b1e-99293136bf66,Alaska,Mobile,True
aca43ae6-dfaf-404c-8fdf-5685b5202581,2024-04-18,Product Information,Human Agent,9.44,Escalated,0.24,2,7.42,a92f700c-0e9f-429a-9cef-2c6e659431d6,Virginia,Mobile,False
97a1b705-1719-427e-bb33-994ecaa94620,2024-04-09,Password Reset,AI Chatbot,2.26,Resolved,0.29,4,2.95,3ff2484a-2c4e-4a9c-a638-cf91b95701f8,Maine,Desktop,False
3061ac58-1acf-4bf4-b676-cc53d6178180,2024-02-26,Password Reset,Human Agent,5.93,Pending,0.39,2,7.12,890a0c69-9967-4226-9a12-41c41530468b,Indiana,Desktop,False
40c74c6b-6905-401a-9927-e63e68cbff46,2024-03-07,Account Update,Human Agent,10.74,Escalated,0.58,3,7.45,73f08fa6-f724-4a39-a87a-b9aed18c3498,Missouri,Desktop,False
7ee26b00-4842-4980-9346-ea42abc7b13e,2024-04-04,Password Reset,AI Chatbot,1.62,Resolved,0.67,4,3.21,ebac0cef-6a71-4c4b-bbfb-4a6ccc89db91,North Dakota,Tablet,False
b1eb044a-5040-46b3-8e3b-1ebe94c15df3,2024-01-29,Account Update,AI Chatbot,1.63,Resolved,0.17,4,3.84,01a0ec02-3a33-4fc5-a505-82e2e6b040bb,Oklahoma,Desktop,False
2ae662be-df6b-4e26-b4c1-7992aacc1b09,2024-02-04,Billing Question,AI Chatbot,1.11,Escalated,0.01,4,2.72,57add8b5-792e-42e1-adc7-d890e60ca46e,Colorado,Tablet,True
fcf9dd90-f457-43ea-b47f-f6ff85b33097,2024-02-10,Product Information,AI Chatbot,1.21,Pending,0.17,1,2.91,fbda08b5-2ffa-4843-a65f-f1a18e0ba996,Alaska,Tablet,False
211c1ee1-a7d1-4bf6-97b6-389bd85769b3,2024-04-29,Account Update,AI Chatbot,1.22,Resolved,-0.29,4,2.63,999e54b3-9101-48f1-9ab6-c7c2aefd4d1c,Alabama,Mobile,True
ffb7896f-a864-4426-9a60-3f66c37a7bfe,2024-04-28,Shipping Inquiry,Human Agent,8.38,Resolved,0.58,3,6.29,13fb5588-4398-43fe-83b0-befa5661369f,Delaware,Tablet,False
f7a8a075-7cc3-4243-a646-851e23d20dfd,2024-05-28,Technical Support,AI Chatbot,0.23,Resolved,0.49,4,4.99,570e0882-4b7f-45cd-a1a6-cf724e790af4,California,Mobile,False
d0017028-0209-4651-9449-274ff19a5c46,2024-03-17,Product Information,Human Agent,7.36,Resolved,0.19,3,8.59,8e536a71-4c8e-46c3-9b61-d321b0edd42a,Ohio,Tablet,False
f74dd8c3-6e74-4202-a7bd-88a955b6a79d,2024-04-13,Product Information,Human Agent,9.48,Resolved,0.83,3,7.73,28ae0a5a-646e-4389-934d-9cd9e2c9a116,North Carolina,Tablet,False
a7c5aa5b-ddb0-4138-8c2e-c4e8119a49c6,2024-01-04,Account Update,Human Agent,5.73,Resolved,0.3,3,5.24,8b3c3397-81c7-445f-be3d-9020dfb7d9bc,Indiana,Tablet,False
ef927fe8-1e5b-4a00-8321-b49cce9c468b,2024-06-24,Password Reset,AI Chatbot,1.81,Escalated,0.38,2,1.87,4e668395-13ed-4071-9651-58fd405ca338,Arizona,Tablet,False
0409dbe9-4828-46a9-879f-2489e176cdea,2024-06-19,Technical Support,AI Chatbot,1.21,Resolved,0.02,3,2.66,9c7fae82-8109-4cbd-9da7-ba42f6d41dc7,Michigan,Mobile,False
74af4f6c-2e6d-4db9-9e94-d97bea2efd2e,2024-02-03,Billing Question,Human Agent,7.8,Resolved,0.43,4,8.78,532c9ef5-8596-413e-bd84-9764791bb9f0,Arkansas,Mobile,True
846c0644-c3c5-4205-93bc-b5bcf08fab42,2024-05-31,Password Reset,Human Agent,4.6,Escalated,0.39,4,5.02,b6025813-b4b3-450f-a94b-29f5a76e8034,Louisiana,Tablet,False
333fb973-c319-4b52-b69c-87a4924c785a,2024-05-07,Shipping Inquiry,AI Chatbot,2.77,Resolved,-0.03,3,3.01,fe102f95-a758-4019-a820-e4083a4e2c1d,Nevada,Tablet,False
90f5b868-f1b3-4c11-891b-2135275f89a7,2024-06-17,Shipping Inquiry,Human Agent,4.57,Escalated,-0.12,2,6.7,469fe993-59d4-419b-a3c6-09750a991f45,New York,Mobile,False
f148ee79-380c-406a-bae9-68badc33a296,2024-04-21,Product Information,Human Agent,6.18,Resolved,0.45,3,7.72,553198e6-0d2e-41c7-a4bf-541da2a13929,California,Mobile,False
0a05dae8-7a63-4eb2-a493-212ae58b33ef,2024-06-04,Password Reset,Human Agent,11.3,Resolved,0.53,3,6.93,656dff4c-3774-4d87-9269-757e53f055cf,Connecticut,Desktop,False
75613490-be9d-4c53-9307-59f763eb885e,2024-03-05,Password Reset,Human Agent,8.21,Resolved,0.13,5,6.61,1532dfbc-82c3-4095-a5ee-7b08936d3287,Arkansas,Desktop,False
aedd1372-809e-4273-adfc-e40b0fd4f36b,2024-04-24,Product Information,AI Chatbot,0.86,Escalated,0.76,2,4.42,d42e9031-5014-4300-9969-b8c284a9c735,Connecticut,Mobile,True
d67e9982-ffd3-4bb1-8256-ddb2c7e7af4f,2024-02-26,Password Reset,Human Agent,10.25,Resolved,0.46,2,7.88,dd15f7f8-6113-49bd-a870-8afdf962215e,Colorado,Tablet,False
cef21234-ee09-4ef0-a78b-35c89d6d161a,2024-01-20,Shipping Inquiry,AI Chatbot,1.01,Escalated,0.18,2,0.97,e32bb8a3-3b84-4e67-a462-d6163261854d,North Carolina,Tablet,False
280aed58-6abd-4c44-b77a-e15f0f41e938,2024-04-25,Account Update,Human Agent,1.87,Resolved,0.44,5,4.57,10effbeb-3155-4753-87a2-40d9b945de02,Rhode Island,Tablet,False
98ebaa80-fa39-434e-8807-56b1c648f4d2,2024-02-08,Password Reset,AI Chatbot,1.64,Resolved,0.29,3,1.17,2cde62b4-4e59-49d4-b3fc-fceb7db90305,Louisiana,Mobile,False
9eb76954-6140-4869-8c49-b3c946277f7f,2024-01-25,Technical Support,Human Agent,3.17,Resolved,0.41,4,6.15,eff015c5-ed96-4f9a-b89c-44d6cb65b9a0,Minnesota,Tablet,True
bee15c5e-221f-42a8-a660-dc000bae8fa4,2024-05-02,Billing Question,Human Agent,7.26,Resolved,0.16,4,5.58,b807dd10-9b32-4c43-a6cb-8727291149a9,New Jersey,Tablet,False
1e05dfca-5647-4e03-bfdd-d2fad5fec64a,2024-02-25,Password Reset,AI Chatbot,2.04,Resolved,0.95,5,2.76,71e1a8bb-e36e-481a-9070-36eac1fb8e4a,Tennessee,Tablet,False
e1b7ca3e-2b6e-4b14-b35c-f6b748eca6e6,2024-03-23,Password Reset,Human Agent,7.35,Resolved,0.41,3,8.44,17975dee-3748-4142-b114-be9a8c22eb7d,Alaska,Tablet,True
14d2242d-2e3b-434f-9129-f3ca2d87bdb3,2024-04-22,Billing Question,AI Chatbot,1.46,Resolved,0.31,2,4.57,e568433f-b71d-4fe5-86c4-1e6555374d94,Massachusetts,Desktop,True
92017b65-a13e-4dd6-9b9c-951aaa9c0066,2024-02-11,Billing Question,AI Chatbot,2.37,Escalated,0.8,3,2.4,d58a490e-dce3-46ba-8c43-b5ce9bd271a5,Indiana,Tablet,False
9bd03d02-3289-481a-8238-d1bca442041c,2024-04-16,Technical Support,AI Chatbot,2.3,Resolved,0.39,3,3.49,a33b07b8-2263-44fa-9093-fd63c5782706,Michigan,Desktop,False
7876fb73-25c8-4571-aac1-17ef0b1cc112,2024-01-22,Shipping Inquiry,AI Chatbot,1.11,Escalated,0.41,2,-0.05,6f1a099e-5afa-47db-a513-1bd4c0038675,West Virginia,Desktop,False
5c7e9759-f390-4ad1-b183-40c5b2d37350,2024-05-26,Billing Question,AI Chatbot,2.18,Resolved,0.44,4,4.84,858c7fd0-1991-4ad6-b120-a686a28158e6,New York,Desktop,False
6141b4fe-af7a-4e22-a948-52d98ccb5aeb,2024-06-16,Billing Question,AI Chatbot,0.65,Resolved,0.47,4,5.55,327db479-7871-4a01-b519-c89ee6e9d9b3,Oregon,Tablet,False
e391c627-2137-4bd7-8b54-6c9cf206330e,2024-03-17,Billing Question,Human Agent,11.1,Resolved,0.33,4,5.24,a5bd1f6e-8721-4dca-820d-2748e744b762,Wisconsin,Desktop,False
392e1b4b-da5b-4765-90f5-8e08520a74a4,2024-05-16,Billing Question,Human Agent,1.31,Resolved,0.49,5,8.1,4890d086-f992-4273-9789-a402dbe301cb,Pennsylvania,Mobile,True
a5409b7f-546a-4199-b58d-4b28f2dd0e81,2024-03-10,Shipping Inquiry,AI Chatbot,1.83,Escalated,-0.01,2,2.48,e8eccd5b-fff0-41ca-a01a-5e4cdff53815,Oklahoma,Desktop,False
376bec9a-82bc-4a4f-bc14-15f9e685f5db,2024-05-28,Billing Question,AI Chatbot,1.51,Resolved,0.82,3,-0.03,f667c8e0-256b-4793-a974-ed7da2d4a1b2,Wisconsin,Desktop,False
ee6d87e8-eb1e-4148-9b20-71fa09e64c3c,2024-03-18,Product Information,Human Agent,8.07,Resolved,-0.05,3,7.02,2d8fb881-08b9-4f4b-872a-ab6b9ae0f070,Florida,Tablet,False
1c06ded8-516e-4c05-b057-68d28887badd,2024-03-01,Technical Support,Human Agent,12.88,Resolved,0.33,3,5.64,d227538c-0a5e-4343-ae6a-a3f365241499,Minnesota,Desktop,True
23eb90d3-9852-4498-ad47-3031ce29064c,2024-01-29,Account Update,Human Agent,9.42,Escalated,0.11,4,7.65,4350a8b7-fd5e-4571-b197-88e85056dd12,New York,Tablet,False
287bd9df-e9a0-4a64-9fd0-7fa2c0300b8a,2024-05-19,Account Update,AI Chatbot,0.2,Pending,0.36,2,1.85,f8f31f1f-31ec-4ab1-a0af-d684bc68cfbf,Iowa,Desktop,False
93cbc636-3d27-4048-8716-1c70fb8ccd19,2024-02-08,Product Information,Human Agent,9.37,Resolved,0.46,4,10.01,7d490086-8289-43ba-bdb3-ec9e7dae0912,New York,Desktop,True
b030121f-9c4d-4296-a9dc-73d1d767bdee,2024-05-17,Billing Question,Human Agent,11.18,Escalated,0.45,2,9.69,1b74cce3-dc82-48ce-a86b-f27f4fc930bd,Montana,Tablet,False
0cc05301-1833-4f70-b1eb-df2d562bf5d5,2024-04-15,Shipping Inquiry,AI Chatbot,2.07,Resolved,0.03,5,5.01,75fb6797-9c3b-4599-8d42-364117da3dde,North Carolina,Tablet,False
77842a08-d053-44a4-ac6c-129dccc5982b,2024-01-31,Billing Question,Human Agent,7.8,Resolved,0.06,3,6.18,9f1d25ff-388d-4d65-adb5-61f871d62620,Colorado,Tablet,False
aa2addaa-88cb-4f3f-b9da-fa8c68a2f5f2,2024-03-28,Password Reset,Human Agent,4.95,Resolved,0.59,3,6.28,60d0c550-49ab-4dea-a616-a95b56df52ed,New York,Desktop,False
d988cf24-3aef-45cc-ac61-80959f4cff21,2024-03-05,Product Information,AI Chatbot,1.45,Resolved,0.5,3,1.85,e17e26ce-78cb-4cb8-be4d-999431e4aa79,Alabama,Desktop,False
7cce2050-cd5f-42c1-b18c-03840d3ccea4,2024-02-07,Technical Support,AI Chatbot,0.72,Resolved,0.46,4,1.33,72c92e9f-b3a7-47a4-bddd-63f3ec38d901,South Carolina,Desktop,False
22d3e975-0207-4f7f-aedb-87f9f1573fd1,2024-03-27,Shipping Inquiry,AI Chatbot,1.86,Resolved,0.03,4,4.37,58dc9600-ecbb-437b-a316-dcf5fc66c1fa,Ohio,Mobile,True
bd08b1c1-af9e-4305-b4be-40c6d280c8ae,2024-06-06,Product Information,AI Chatbot,1.21,Pending,0.26,1,2.44,2b009aa8-fd31-4d25-b65a-f5c37b9ae0e7,West Virginia,Desktop,False
27886ed5-e8e5-47e7-9715-b159a5b6e048,2024-05-08,Technical Support,Human Agent,7.6,Resolved,0.67,4,4.78,1f4f3829-89fd-46c1-a112-03217ddca9b5,Connecticut,Tablet,False
901e3014-4606-4840-b202-2e14a4a32289,2024-04-10,Shipping Inquiry,Human Agent,7.68,Resolved,0.41,4,7.63,32ac4cfa-0944-40eb-9aea-c9b8fdfb350a,Colorado,Desktop,False
373c108f-39ff-4636-970b-7b6f41cfede0,2024-03-20,Password Reset,Human Agent,7.37,Resolved,0.03,5,9.8,26347f7f-c81c-4e9e-b483-e760485daad1,North Dakota,Tablet,False
01c96fb8-5795-4229-9f96-a3153df1f687,2024-03-16,Product Information,Human Agent,8.33,Pending,0.44,2,7.85,99b5788f-fcaa-427c-ae6d-ac91a624b8d7,Massachusetts,Desktop,False
76add69d-5c6e-4a12-9efc-7e490d026765,2024-05-17,Product Information,Human Agent,6.33,Resolved,0.61,3,5.83,8d78ac18-ee9b-426b-969c-cf207d59227c,Wyoming,Desktop,False
7af547dc-f695-456b-8202-b57c3df82335,2024-05-13,Product Information,AI Chatbot,1.86,Escalated,0.13,1,4.23,8f8ea41c-04bd-4b6a-817e-58a793877fd7,New York,Mobile,True
77c70ddf-e0c0-418a-86bd-044e3ee6d47d,2024-02-11,Technical Support,Human Agent,1.32,Resolved,0.38,4,4.05,8a6ac86c-5320-4a75-95e2-baf295fddeb6,Texas,Desktop,False
5371e3ce-8b3a-4ed9-8bc2-cf00e5173e28,2024-01-14,Product Information,Human Agent,7.18,Resolved,-0.09,4,6.94,05a7b3c7-c32d-495c-8236-be7210e2473f,North Dakota,Desktop,False
1c8e681a-c4da-491e-80bf-9133183114d0,2024-06-28,Account Update,AI Chatbot,1.57,Resolved,0.27,2,0.8,e0d0b89b-9f14-42f8-96f4-7fde7f7014f9,Massachusetts,Mobile,False
39d300f5-0480-4431-850f-476a809f3eb8,2024-04-23,Technical Support,AI Chatbot,0.35,Resolved,0.85,4,4.03,40509495-6c52-4d00-b1e8-086f88f00250,Nebraska,Mobile,False
2fa284a3-7006-4b7b-a377-0bb6f78f6622,2024-03-21,Shipping Inquiry,Human Agent,3.18,Resolved,0.16,3,4.57,41351a3f-2c32-4ad6-bda0-906000333789,Mississippi,Mobile,False
f546e6ee-61d7-43e8-b0ae-0f13f157aba1,2024-04-03,Product Information,AI Chatbot,0.57,Resolved,-0.23,4,4.67,3e430a4d-1203-4311-be89-b5af61e157bb,Ohio,Tablet,False
6da4e88d-0b27-4829-aa56-1a32f2b72cd6,2024-06-08,Password Reset,AI Chatbot,1.97,Resolved,0.5,2,1.76,68e9db62-1ff2-497c-bd3e-3e2ebd61dc34,Ohio,Mobile,True
fc5d339a-77b6-4e29-9726-6b509b8df71e,2024-01-31,Technical Support,Human Agent,4.2,Escalated,0.84,3,8.87,e619b7d6-74c9-4f1c-991b-1aef3a786f32,New York,Mobile,False
74aed7fc-435b-4b7a-99a2-2c220a3772f9,2024-05-18,Password Reset,AI Chatbot,1.61,Escalated,0.07,2,3.53,08ef7c99-b338-407d-b24e-2ec359540054,South Dakota,Tablet,False
84131c89-ad4b-4fbc-b2f0-01ca53166e82,2024-06-22,Technical Support,Human Agent,0.5,Resolved,0.88,4,7.93,756537ff-599b-4df6-890e-765cf289c7dd,Utah,Desktop,True
ab224c18-2833-473d-8208-e9408477dd8f,2024-04-26,Technical Support,AI Chatbot,1.88,Resolved,0.55,3,3.25,d361f046-76da-47d5-9783-eca822fe4b25,Oklahoma,Desktop,False
801d71ad-88be-43a1-8846-ddf4bf8b46a6,2024-02-24,Billing Question,AI Chatbot,1.74,Resolved,-0.06,4,2.96,42580e6a-0df1-4519-b5e1-61ecfca7ebd7,Nevada,Tablet,False
b0f13369-b65e-43b3-8c34-19953d8e8082,2024-06-25,Shipping Inquiry,AI Chatbot,1.09,Resolved,0.22,3,6.19,b9a63ae8-e2e4-4a50-9fa4-b75b7ea8bc4f,Minnesota,Desktop,False
7b9819d0-156c-49a8-9c8b-d1d8dc36310c,2024-01-23,Password Reset,AI Chatbot,2.64,Resolved,0.74,3,-0.35,c6e07ef9-53ca-4105-b666-f4b8bae0b676,Michigan,Tablet,False
6450f13b-664b-4022-b876-e6e1325766fd,2024-01-19,Billing Question,Human Agent,6.51,Resolved,0.11,3,7.7,4a445446-e3db-40f5-983c-8aa5f5d9dde2,Florida,Desktop,False
bf63b15e-6f2d-410f-9297-751ca5d056ae,2024-03-20,Shipping Inquiry,AI Chatbot,0.88,Resolved,0.06,4,0.9,b75e4d73-77b4-4c08-9c6d-40c326ab4797,Wisconsin,Mobile,False
09b4ddfb-6df5-4a00-85b0-73891f7c5b17,2024-03-12,Product Information,Human Agent,3.89,Resolved,0.69,2,5.8,a5f5c7e4-a228-4e1f-8712-6b268aec2670,Colorado,Desktop,False
aff22bb1-f94c-4988-9a65-e48844b04917,2024-04-07,Account Update,AI Chatbot,3.06,Resolved,0.17,5,3.07,bb29e630-df5c-4177-b993-2fbf098619c8,Wyoming,Mobile,False
9e70e896-a2fa-4b1d-be4a-510bb0ee0560,2024-03-25,Product Information,Human Agent,7.27,Resolved,0.67,3,4.76,94412d3a-b4d0-4d63-b622-f77a2680e16e,Nebraska,Mobile,False
a776515e-9f9e-4dce-928e-372e3a591632,2024-06-21,Product Information,AI Chatbot,0.91,Resolved,0.45,4,2.33,475c7ff6-5f61-46f6-b027-12a09edac013,Kansas,Tablet,False
33e05c85-123e-4876-9aaa-8ab9433a318d,2024-04-18,Billing Question,Human Agent,8.94,Resolved,0.8,3,8.18,0e5822ef-daa4-4ff4-aad7-3e17ea033a9c,New York,Mobile,False
c5b6dd19-eae6-471a-8f04-a4a4a903731b,2024-05-21,Technical Support,AI Chatbot,1.4,Resolved,0.8,3,4.24,e9b9f234-bbfd-4796-8d6f-46c2ac7b8a9e,Maine,Desktop,False
a1c25110-3346-4837-8297-25750662b695,2024-06-20,Password Reset,Human Agent,7.48,Resolved,0.18,4,4.07,4a1f4503-e3de-40e4-b5bb-d3740f0496d4,Illinois,Tablet,True
b534a628-74e7-4600-87e4-c7aff51db092,2024-04-06,Shipping Inquiry,AI Chatbot,1.59,Resolved,0.62,4,2.46,896f7501-da00-4a6a-bede-d20fb49f4e6e,Michigan,Desktop,True
4beb7593-2d67-4048-b0b3-e26c57778a93,2024-03-14,Password Reset,AI Chatbot,3.7,Pending,0.31,2,1.23,f3d220f2-9654-45cf-894c-21e7434607aa,Arizona,Mobile,False
fc5d0a4f-0258-4ca8-b995-7e9270222d0d,2024-04-30,Shipping Inquiry,Human Agent,5.88,Resolved,0.23,3,7.04,86afae44-7968-4589-a67d-5f622abdaef4,Texas,Desktop,False
541f08a2-5f4a-471c-a9c0-a872f1a6786e,2024-01-10,Account Update,Human Agent,14.38,Resolved,0.18,3,8.64,ccec6476-ff72-476c-baf8-92a9542cf02d,Mississippi,Tablet,False
5851b5dd-c2dd-4d40-aa8c-4e5e1db17c66,2024-02-17,Product Information,AI Chatbot,2.4,Resolved,0.06,5,3.74,fd4a4739-44e1-4c91-a46d-82b6973094b1,Utah,Desktop,False
4b8ba632-c2a9-4588-95e1-6373422c4c33,2024-06-20,Password Reset,AI Chatbot,0.55,Resolved,0.89,3,4.01,2942dab8-e402-4e85-95a5-5239eb566442,Massachusetts,Desktop,True
6784b654-6b30-4d9a-822b-1951ab75497d,2024-02-15,Password Reset,AI Chatbot,2.5,Resolved,0.39,5,2.58,c66846e5-ec76-4410-ba69-1a494f37d797,North Carolina,Tablet,False
fe98e0ca-aa6d-48b0-a82f-d638b3bc7c03,2024-03-08,Shipping Inquiry,AI Chatbot,1.4,Resolved,-0.02,4,2.89,394f631d-a8d3-4e88-aebc-64ac3aaa6029,Wisconsin,Tablet,False
1f34ada2-a7e7-40b7-b0d7-4baa7409c000,2024-03-17,Account Update,AI Chatbot,1.43,Escalated,0.03,2,-0.46,f36c51ed-1d4a-41dd-a3b3-e02dde737d4d,Tennessee,Desktop,False
2cf143f2-78b7-41a7-adc2-50ea8131acfd,2024-04-10,Technical Support,Human Agent,10.37,Resolved,-0.05,4,8.36,978c8116-452b-4733-82e9-6d60568adfbe,Louisiana,Mobile,False
40aeed90-557b-44a1-aeab-b2597e2b2bda,2024-03-24,Technical Support,Human Agent,9.98,Resolved,0.39,3,8.12,1911ae1a-9874-40dc-8805-a04d0e74e33a,Illinois,Mobile,False
a94d1f8c-5f81-4b95-a29e-b893b3ef6787,2024-05-20,Account Update,AI Chatbot,1.49,Escalated,0.48,3,1.83,6e4e9155-b079-4ddd-a6c4-d7dc2e61d899,Louisiana,Mobile,False
62060058-5e19-4251-ab04-55410ddf2ad9,2024-01-04,Password Reset,Human Agent,5.19,Resolved,0.35,3,7.66,bab5ab7a-4169-4215-85d5-6642f0f3b8c4,Florida,Tablet,True
33b1a564-022e-44c0-8f30-369455f2fd87,2024-04-30,Shipping Inquiry,Human Agent,8.22,Resolved,0.31,4,6.13,68c45d49-f7b2-4e76-8a88-55da8b5ef2b2,Michigan,Desktop,False
8a1c5a62-49df-4bd5-9174-5ae63c9777ec,2024-06-13,Billing Question,Human Agent,7.1,Resolved,-0.01,4,8.19,5486ac28-b848-438d-9b2b-11602b1ae32c,Arizona,Desktop,False
64649790-dc77-4101-80fa-faa0e1d6ed78,2024-03-13,Shipping Inquiry,Human Agent,9.14,Resolved,0.44,2,6.67,0f864e1a-fe1d-41c0-bcba-8ea3cc770fff,California,Desktop,False
d379cf61-921a-4881-b10d-03e06a1b7695,2024-06-02,Billing Question,Human Agent,10.3,Resolved,0.47,2,7.98,2bffbd11-3c72-4cda-af2e-249931d07b35,Utah,Mobile,False
84673c17-a7e8-420f-bab1-9b83c9824e35,2024-06-11,Shipping Inquiry,AI Chatbot,2.99,Pending,-0.29,3,2.84,21655b98-b89f-47c5-8ae6-3d75ada1a561,Kansas,Mobile,False
9ec240d9-ccbf-4081-af76-ab0ec6a96ff6,2024-01-29,Shipping Inquiry,Human Agent,10.27,Escalated,0.23,1,8.74,6f3a275d-237f-4ed1-bfcc-0b6406ad9073,Maine,Mobile,True
a38abf80-3f61-42eb-a2dd-e2f4575ab7f4,2024-02-29,Product Information,Human Agent,4.88,Resolved,0.51,4,5.92,107c1ccc-739c-421b-a8eb-a0fa88431b97,Utah,Desktop,False
fc16da9a-af2b-44ba-be9f-44274ea431eb,2024-02-28,Technical Support,AI Chatbot,1.48,Resolved,-0.23,4,1.58,a8d135dd-d7a5-41da-99fc-afbb1ad3f5b0,Missouri,Tablet,True
ab10263a-0179-4030-9981-85147d70681f,2024-05-08,Shipping Inquiry,AI Chatbot,1.4,Resolved,0.69,5,3.74,6c202ba3-ce3a-40f0-a075-2559c15f8cce,Connecticut,Mobile,True
1b419e67-5c2e-4b09-986f-4841729fb880,2024-03-11,Account Update,Human Agent,4.19,Pending,0.28,1,5.61,9d0f524c-56ec-40b8-8d5d-8f8311f1bab8,Connecticut,Tablet,False
1f102a18-5856-418e-b6d5-f150bb09caf4,2024-06-23,Password Reset,AI Chatbot,1.07,Resolved,-0.02,3,3.08,347d0f09-955f-4461-bae1-5e0f61d455a0,Oklahoma,Desktop,False
0e76cd54-2f11-403a-86da-a85b3dd5fa1a,2024-05-16,Product Information,Human Agent,6.89,Resolved,0.46,2,5.72,24abe877-e870-4825-9471-fde59ec4cbda,Kansas,Tablet,False
c9b3c3f1-7cac-46ab-8ade-ea0ab88d92c7,2024-02-10,Technical Support,AI Chatbot,0.77,Pending,0.31,2,4.93,c6430215-ef49-49ec-94d8-cea50589e702,Alabama,Tablet,False
a769050e-274d-4aa3-90c9-0255265714e4,2024-04-20,Account Update,AI Chatbot,1.58,Resolved,0.55,3,4.39,8bba71ca-4891-46f5-9245-918fcb0b75a6,Alaska,Tablet,False
bf3a25ae-5b6a-4176-94ac-d68047badad2,2024-04-27,Account Update,Human Agent,5.01,Resolved,0.14,4,7.41,33add218-fb21-4a67-9037-9aa70b20e070,Texas,Tablet,True
0db667a4-1706-4aa6-94a7-c4b8a97d6dd5,2024-05-06,Account Update,Human Agent,7.11,Resolved,0.44,5,7.08,e8deeb26-fd84-4d23-8db2-d88b017ddf29,Delaware,Desktop,False
01870111-e37e-47e7-92c3-59ffaffada95,2024-04-03,Shipping Inquiry,AI Chatbot,0.75,Resolved,0.16,2,3.23,6439c758-bc8a-4ca4-b4e9-d3c7e29119e3,New York,Desktop,False
1db36b0b-fb2a-4dcf-9eb8-7d1653f96118,2024-03-25,Product Information,AI Chatbot,1.12,Resolved,0.05,2,4.62,1b48c69c-43bf-4158-9f72-c5918b80f08f,Alaska,Desktop,False
adc911b7-13d9-444e-ba40-e51647a81d67,2024-01-12,Product Information,Human Agent,8.75,Resolved,0.61,3,5.38,579ee9b1-c699-4fd0-82d2-19f2ba18ce3e,Massachusetts,Mobile,False
964bb4cf-40a4-45cd-ab0c-32b28b882bf0,2024-03-04,Shipping Inquiry,AI Chatbot,1.56,Resolved,0.13,4,1.33,2ad6a049-f5b5-40b9-bf21-8124e8d61ecb,Pennsylvania,Mobile,True
8fe7df02-1684-4683-b7f6-18c434b89504,2024-03-10,Account Update,Human Agent,4.64,Resolved,0.44,4,6.52,db277ae8-14f4-49ef-af5a-ffda6ed9e506,Montana,Tablet,False
a58417f4-6165-42f0-b7e3-6d125c7bde93,2024-02-10,Account Update,AI Chatbot,1.4,Pending,0.13,3,1.97,2515e208-58f1-4b3a-a01a-49193bdc67a9,Colorado,Tablet,False
d349eb47-8fa6-47e0-ab08-04335333e1a3,2024-02-26,Technical Support,Human Agent,6.4,Pending,0.26,2,8.27,ae57493c-def2-41b2-928f-b106fafe327d,Minnesota,Mobile,False
c963543e-a32e-4322-9a9e-85571a549f8f,2024-01-17,Technical Support,AI Chatbot,1.7,Resolved,0.54,3,4.18,2c9791eb-74e5-4745-9686-bafd8851f199,Illinois,Tablet,True
6acbdf9a-3c55-4a45-b621-3260cf9afd7f,2024-02-05,Shipping Inquiry,Human Agent,7.55,Escalated,0.49,3,6.74,5b661b0b-400f-4674-838d-76a9f6b07400,Washington,Mobile,False
868eb551-6103-4046-a868-52bd1f349424,2024-04-24,Product Information,Human Agent,3.75,Resolved,0.58,2,8.99,d30c1b9b-63c8-4790-9266-c90baca72d18,Utah,Tablet,False
ccff0ccf-207a-4a7b-9d67-cab7f37eeb3b,2024-05-14,Billing Question,AI Chatbot,0.82,Escalated,0.03,2,3.34,40e8e946-ae59-43ba-aafd-4d7061a8dda3,Montana,Mobile,False
b1b0c4c1-9b3b-40e1-ba56-d070963caf98,2024-05-30,Product Information,Human Agent,8.68,Escalated,0.2,2,5.9,5d4bd7f2-9215-4be6-b9a7-194f151a8af2,Alabama,Tablet,True
c7d0bc54-3b5e-4ea2-ae54-3cd5742582b1,2024-03-25,Password Reset,Human Agent,2.68,Pending,0.49,1,8.01,d830751d-c477-41c9-938e-f10851356281,Alabama,Mobile,False
967ce73e-1aa8-4ffd-ae04-43b4f5a2265a,2024-02-29,Account Update,AI Chatbot,1.25,Resolved,0.16,4,2.92,5962153c-0182-49b0-b2b9-a37cf22940dd,Tennessee,Desktop,False
e57693e4-4334-4aa5-97d4-94f3e838b154,2024-04-17,Product Information,AI Chatbot,2.2,Resolved,-0.04,4,2.84,ac8545e1-e71d-4dc6-9c78-bf83372917e8,Illinois,Tablet,False
91ee79ef-bd7d-4945-85a2-6a2cead519cc,2024-02-06,Product Information,AI Chatbot,0.71,Resolved,0.22,4,2.64,9f245da1-dd53-42d2-8be1-b0bac9b31e29,Arizona,Tablet,False
2e013374-3c8b-4b94-a15c-b824b67c054a,2024-01-28,Technical Support,AI Chatbot,0.61,Resolved,0.32,3,3.13,98c2e2a0-eb83-4cf7-bbca-b9838691cf35,Oklahoma,Desktop,False
e10354c9-f9b2-40b1-934c-2a2b6b02df16,2024-05-29,Password Reset,Human Agent,7.71,Resolved,0.12,3,5.82,46ee5903-adc7-4566-9edf-1c617458ddc3,South Carolina,Mobile,False
9b3cd944-5b3c-42a9-8ead-876d712d8d6f,2024-04-06,Billing Question,AI Chatbot,2.57,Resolved,-0.16,3,4.38,b9263dea-8e17-4978-8b2a-f247b38ce3ac,Kansas,Mobile,False
309d295d-a58e-4a59-b20a-fdbd3d4ec307,2024-02-01,Billing Question,Human Agent,10.37,Resolved,0.79,4,6.85,b6715cf6-48de-444a-810c-53bb232874aa,Oklahoma,Mobile,False
b0d3607a-d188-46e5-9ee6-627c3f7357a5,2024-05-03,Account Update,Human Agent,6.14,Escalated,0.65,3,4.12,eb452c0a-8f5d-4253-91f7-33843a1eda20,Tennessee,Desktop,True
813b8dee-7596-4086-a37e-16db31d605fb,2024-03-22,Shipping Inquiry,Human Agent,8.47,Resolved,0.85,3,7.99,ae0ac740-8bd9-490c-ab1f-d37ef9504840,Colorado,Mobile,True
6b43f398-4d68-4aee-a8eb-a990e80446fc,2024-05-26,Billing Question,AI Chatbot,2.24,Escalated,0.48,2,4.95,d5b5102f-e396-4109-bd31-9f3acdc1e2f4,Nevada,Desktop,False
847fdf84-250c-4972-9c96-704e571fa4f2,2024-03-20,Account Update,AI Chatbot,1.18,Resolved,0.37,3,4.96,52ae57ca-d7c2-49a4-b281-0b3c4a611812,Tennessee,Tablet,False
d8460258-412f-4b82-86a5-1d86aeed18bc,2024-05-25,Account Update,Human Agent,4.16,Resolved,0.82,3,9.44,c68ab56a-3b44-4094-bf81-80f1615ed63a,Connecticut,Desktop,False
1855e051-d881-4c99-abfe-86eb54991e2a,2024-05-23,Product Information,AI Chatbot,0.86,Pending,0.62,2,4.08,d89b3adb-b25a-4e8a-bcd9-79fa615afeac,Mississippi,Desktop,False
62a21ca2-d6d2-4083-9b45-9b2c196f6eed,2024-05-13,Account Update,AI Chatbot,2.08,Resolved,0.13,3,2.76,dbfb6b7f-4ad5-4656-990c-a53dd33e7c47,California,Mobile,True
1921666b-2edb-4e5b-9a0a-3fe223ecbe59,2024-03-30,Billing Question,Human Agent,9.09,Resolved,0.08,2,7.94,3df9f303-e21f-48fb-8a6d-942a4297fa87,Kansas,Desktop,False
e3a4de85-2dd7-4deb-b3ba-ef7f81670b85,2024-04-24,Billing Question,AI Chatbot,1.54,Resolved,0.81,4,4.67,f88ff43d-d147-4d9c-afec-33e8a0e44ba7,Iowa,Desktop,False
eacf1903-40d7-4e22-98b5-cfac97c248aa,2024-02-24,Product Information,AI Chatbot,1.99,Escalated,0.22,3,2.9,665699ea-e5ec-4c49-8dfc-f42e37620798,Minnesota,Desktop,False
f2023f95-fa3a-4d5f-9ead-73a6f501f244,2024-03-17,Shipping Inquiry,Human Agent,4.32,Resolved,0.28,1,6.85,1eeaedb1-246f-4e65-8e8f-928c75b572df,Texas,Mobile,False
20c27d8f-4aa7-4b79-9c21-092db04b6532,2024-01-03,Shipping Inquiry,Human Agent,3.95,Pending,0.42,1,7.21,cf757f5b-bddf-496d-a038-2b0411e4af57,Mississippi,Tablet,True
bdd3cc7c-d992-424f-8d48-c49c989cfc1b,2024-01-31,Password Reset,Human Agent,5.69,Resolved,0.2,4,9.13,805cd8d4-afec-4deb-9e32-8a378202e05b,Nevada,Tablet,False
b6edbf89-3ec0-4d63-85d1-1a5fac5aced0,2024-02-06,Technical Support,AI Chatbot,2.15,Escalated,0.43,3,6.35,6d8b4419-4559-42af-8b52-738c4c8b30c2,Pennsylvania,Tablet,False
f4b8fd04-bb88-46a2-8dce-c5c50ff20f9b,2024-01-21,Billing Question,AI Chatbot,1.0,Resolved,-0.09,4,2.21,aff4e9e7-2441-4b15-92e6-b30a0b8c06e9,Virginia,Tablet,False
4ef8a694-1669-452d-89a9-7d8d3d98ddde,2024-06-24,Account Update,Human Agent,7.44,Resolved,0.3,4,7.96,822c07b0-4d46-4eb3-a360-a33a4b9edbdc,Alaska,Tablet,False
f5b9e799-6bf2-4420-8ce4-114da6aa2616,2024-02-13,Shipping Inquiry,Human Agent,9.23,Resolved,0.5,3,8.41,2112eefa-6714-45b4-a14e-8bb1eb43a1d0,North Dakota,Tablet,False
5d2ba2bd-12c4-4dcc-8d7c-498230e2bae9,2024-02-18,Account Update,AI Chatbot,2.14,Resolved,0.28,4,3.01,e5f0b205-97de-486d-8a13-0646dc254365,Virginia,Tablet,False
6ff12f1c-0f8f-407b-90d9-aeb998418724,2024-04-23,Technical Support,Human Agent,10.33,Resolved,0.63,2,7.19,af1ae11c-5366-463f-a9fa-4ef9bc57c0e8,Kansas,Tablet,False
d009b11a-f149-40ee-bb65-2f8cdedf2843,2024-02-16,Account Update,AI Chatbot,1.23,Resolved,0.04,3,1.19,78059715-ea2d-44da-8cc6-b9cf68706cf4,Vermont,Desktop,False
22604506-5f5e-4985-a023-7c2b99f161f5,2024-02-11,Account Update,AI Chatbot,1.85,Escalated,0.33,2,3.36,ba720d29-bd5d-4bde-b035-9543f4631ff4,Georgia,Desktop,False
ab0a4ab1-e0f7-4c56-83ff-c69349ef8fe0,2024-02-23,Account Update,Human Agent,7.38,Resolved,0.25,4,5.13,ba996de8-e21f-4d5b-81ce-06bcd2af1d8d,Connecticut,Tablet,False
0af38ac8-529f-4131-b50d-9fff929c2bff,2024-04-21,Technical Support,AI Chatbot,0.2,Pending,0.51,1,2.16,48f87b91-8b53-4969-85e4-d5a528c08e3d,Indiana,Tablet,False
0e39c488-99f5-4cbf-ba0c-0d47571aad6b,2024-06-17,Product Information,Human Agent,6.87,Resolved,0.1,4,7.71,e1ee943f-34c8-43c1-adda-6cef70beba78,Connecticut,Mobile,False
7f7dc577-46fb-4097-aeab-cbf11b07eb47,2024-06-18,Product Information,AI Chatbot,2.22,Resolved,0.76,4,4.84,df7f0e02-bca4-4db8-beab-3b1e82e13f74,Illinois,Tablet,False
042100e7-28ac-4ebe-9ff9-c67ebfacc3c8,2024-05-27,Product Information,AI Chatbot,2.06,Escalated,0.01,3,5.05,a7a7e919-f420-4c20-b37f-e59d5f9adef5,Utah,Tablet,False
562a532f-c70a-4555-8a53-336747b4e1d8,2024-06-09,Technical Support,AI Chatbot,0.6,Resolved,0.51,5,1.55,8398b12b-1da1-4ad1-84ad-3c255d714c67,Kentucky,Desktop,False
fd94b9dd-e4a4-46f7-93f1-c7cffae3fb40,2024-01-06,Password Reset,AI Chatbot,1.34,Resolved,-0.22,3,5.34,a2ed4535-9040-4589-9aca-06d78d10eb58,New Mexico,Mobile,False
3ec395e5-b33b-4e34-a882-0d9cc684d0d9,2024-03-19,Account Update,Human Agent,2.79,Resolved,0.22,2,7.35,2f2c78ac-eb6e-4075-aec2-a72f1b626f89,Pennsylvania,Desktop,False
5ab297a8-5196-472e-b4cf-47d5d0377eab,2024-01-25,Account Update,Human Agent,7.4,Resolved,0.46,5,7.92,6019856e-88d0-4b3a-890d-e76e859d9204,Alaska,Tablet,True
ea88a9bf-d07c-4f22-94ad-0b4c734e0762,2024-05-07,Shipping Inquiry,Human Agent,6.43,Resolved,0.42,3,6.92,273493af-3b2e-47de-98e9-d74d5122b22a,Utah,Desktop,False
420e9e68-54ac-4a17-8385-c42daff80ef7,2024-03-25,Technical Support,AI Chatbot,1.99,Escalated,0.07,2,1.46,88d0f5c1-50d3-4e69-b91c-2e41dd8f5305,Virginia,Desktop,False
398b95b3-b970-4e4a-b47b-e027051267d8,2024-01-24,Product Information,AI Chatbot,1.26,Resolved,0.59,3,4.52,dde32931-df97-4baa-b828-b0353a538ed1,Idaho,Tablet,True
7cd7d4ca-b790-4cf3-820c-dae7d790d1f3,2024-06-22,Account Update,Human Agent,8.19,Resolved,0.63,2,6.02,cd68befe-99e3-488d-8a50-8705b36bd52d,New Mexico,Tablet,False
187776e4-fb0b-47f8-9ed1-ce49eef25aba,2024-03-16,Account Update,Human Agent,3.15,Resolved,0.49,4,6.5,f41b5183-3821-4813-89d7-23233a54e0c7,Delaware,Tablet,False
1bb7bb53-759c-4d2f-8c5b-7285f793f121,2024-05-23,Billing Question,Human Agent,4.44,Resolved,0.86,2,6.74,e3780e73-8556-40a3-958c-a2b3d1990692,Hawaii,Desktop,False
b4976f89-1d8d-462b-b7d6-94f188a8cc6b,2024-02-04,Technical Support,AI Chatbot,2.49,Resolved,0.33,4,5.44,3fc42bbe-270f-4cc3-8b59-13a18844f0a8,Utah,Desktop,True
b46368e4-8e92-4173-af44-d0191c30b3c7,2024-01-05,Password Reset,AI Chatbot,1.53,Resolved,0.37,4,2.77,96f4bdd8-606d-48bb-b98f-3e2e8e8da983,Florida,Mobile,False
654ceaa3-317e-4d77-9f06-29540363baf0,2024-05-16,Shipping Inquiry,Human Agent,8.24,Resolved,0.58,2,5.89,3d92e040-ed49-40a0-8069-0dda9f39f8f2,Georgia,Desktop,False
bdbe2067-65e3-4350-8c43-899a854a5b2e,2024-01-04,Password Reset,Human Agent,6.52,Resolved,0.27,4,8.66,ecc287cf-17b8-4c4f-a9a0-c75476d9af56,Arkansas,Tablet,False
617f5b97-37bf-4e4a-baba-ab3ab3334056,2024-06-03,Technical Support,AI Chatbot,1.13,Resolved,-0.06,4,2.11,7aa4c522-db5a-4ecd-9a5a-1dfc6ebf63b0,South Carolina,Desktop,False
4592ff5d-212e-4380-afce-48a634ccb30b,2024-04-27,Shipping Inquiry,Human Agent,4.08,Resolved,0.55,5,7.09,8982679b-41ae-47aa-abd5-485cfb7fb115,Louisiana,Mobile,False
24d96ad7-3644-448d-be60-4d16e6613f8a,2024-06-26,Billing Question,Human Agent,3.61,Resolved,0.57,3,9.24,5c29d77f-9ed1-4158-b184-2174949b6b0f,Maryland,Mobile,False
1158015b-7e56-4ec6-976b-76d464df07dc,2024-06-15,Account Update,AI Chatbot,1.3,Pending,0.32,1,3.8,4a31ca79-22af-40df-ab21-3a2ec661e2c8,Delaware,Desktop,False
f74055b1-89c8-4639-ac4d-a59b86204a10,2024-05-03,Product Information,Human Agent,4.85,Resolved,0.29,3,8.15,cf8b3118-4f15-41fa-864a-cc12ee094bb2,Alabama,Desktop,True
134dc6bd-40f9-4b4b-8e05-2c25d71e1889,2024-06-21,Billing Question,AI Chatbot,1.73,Resolved,0.37,3,3.22,30f6c613-8e11-452b-91f0-74f7cb23afc1,Virginia,Tablet,False
393d3ef2-2efc-4538-afc0-6be144bc5a47,2024-01-04,Technical Support,AI Chatbot,2.66,Resolved,-0.02,3,4.13,b2724a92-adee-4a15-aed1-e4c3057da50a,South Carolina,Mobile,False
909d0e1b-e028-4b41-b1d4-8f9f33084394,2024-01-29,Product Information,Human Agent,8.64,Resolved,0.04,3,4.82,3bf0cc80-42c9-4500-a2d1-892c9daf6f55,South Carolina,Tablet,False
f0df96f6-7c1d-4e25-8658-29d0c9ba3433,2024-03-15,Shipping Inquiry,Human Agent,7.64,Pending,0.5,2,9.25,296df23c-5f19-4712-af52-8d9197b627c7,Pennsylvania,Desktop,False
35fb771c-3043-43e4-bc67-a0b621170a3c,2024-05-02,Password Reset,AI Chatbot,1.69,Resolved,0.94,3,0.08,84cca7f7-a2d3-4c57-808e-ef9e3fb77fa5,New York,Tablet,False
ca9f5849-d2a2-4bbd-b5f1-e335829687a2,2024-01-07,Technical Support,AI Chatbot,1.31,Resolved,0.09,5,5.19,396dd3e9-d98b-4090-8a24-605e2db9394b,Idaho,Tablet,False
f4048160-58e7-4714-b95d-f9b27065bc09,2024-04-12,Technical Support,AI Chatbot,0.85,Resolved,0.0,3,1.26,1168f490-fbdf-4888-8b15-69fed04f1246,Alabama,Desktop,True
9e98bb0a-3f7a-474a-821d-f672d0f4eeb8,2024-04-14,Billing Question,AI Chatbot,0.85,Resolved,0.36,4,2.76,d99d403b-1403-4a98-9d63-f3d218a46504,North Carolina,Tablet,False
688792c7-64bc-4ffa-ae5b-015939633504,2024-06-14,Password Reset,AI Chatbot,1.83,Escalated,0.37,4,1.69,896a8ab9-32b0-43d3-b97e-37018d78bc0d,New Hampshire,Desktop,True
bc8e4185-1230-4c3d-be54-b91063766aad,2024-06-17,Account Update,AI Chatbot,1.99,Resolved,0.34,4,3.86,ba9135a0-8e2c-4a2f-8755-12e4d9229479,Hawaii,Desktop,True
d990c8ed-9590-42d5-9ec8-ce7148bd7158,2024-03-14,Product Information,Human Agent,6.04,Escalated,0.25,3,6.9,4938e82a-010c-4a15-a4c4-fe42d6ae9d35,Iowa,Tablet,False
9b26bc4b-3f08-43c4-92de-de6250104a71,2024-03-17,Account Update,AI Chatbot,2.29,Resolved,0.13,3,3.99,b50286cc-2d29-4a3f-b7dd-34a323139d2e,Montana,Tablet,True
5b825071-0e42-4805-96c6-283c06f625cd,2024-06-22,Account Update,Human Agent,8.12,Escalated,0.45,2,6.91,512eef10-189b-46cc-9043-f6c8d50e8ff7,Iowa,Mobile,False
38911ce3-8f93-4f35-b466-65e4ad6e6076,2024-04-28,Technical Support,AI Chatbot,1.14,Escalated,0.92,2,2.53,1a0db9e5-aad6-4d83-a9a7-041afd7dbf22,Nebraska,Mobile,False
badd8c46-94cd-4701-a448-87cbaea51863,2024-06-22,Password Reset,AI Chatbot,0.93,Escalated,0.07,2,2.68,bc37c80f-effd-4df0-b098-9310cbd15027,Utah,Tablet,True
f69dcc37-c404-4ba4-b863-46d45e3c0f5d,2024-01-12,Technical Support,Human Agent,10.7,Resolved,0.77,4,6.89,7db5b474-4430-46a6-8b4d-45d2e1e0279f,Hawaii,Desktop,False
3309fa3e-27a9-4be4-8ea4-d817869dd925,2024-02-23,Shipping Inquiry,AI Chatbot,1.37,Resolved,0.46,4,5.55,87268033-310c-4a15-b5f0-943d2d779184,Michigan,Desktop,False
2b80d920-dea2-4bdf-9af2-8751508e226f,2024-04-29,Technical Support,AI Chatbot,1.05,Pending,-0.28,2,4.71,d18886d4-073b-43fa-9ddf-50d3fb9e799e,North Dakota,Desktop,False
ba4fd675-4b60-4a93-80a1-b7a7ad917efd,2024-03-18,Product Information,AI Chatbot,1.8,Resolved,0.48,3,3.25,d6137a4e-3f0a-4482-b584-c7bc10cf606b,Oklahoma,Tablet,False
de075f6d-14d3-4a29-8cf0-53b57d873d81,2024-06-18,Billing Question,AI Chatbot,2.55,Resolved,0.22,3,1.57,c42382e1-d9d7-4188-a3b7-0c19c4922681,Iowa,Mobile,True
8ba33d79-8149-4a12-b2a8-c3027663cd5c,2024-05-05,Billing Question,AI Chatbot,1.35,Escalated,0.39,3,3.54,2d50423e-8f9e-457f-8bb2-a7b1aab904cd,Washington,Mobile,False
36266f0e-982f-474c-8d87-3895753eaf75,2024-04-27,Technical Support,Human Agent,9.96,Resolved,0.38,3,6.99,99c7d920-0c3f-4121-a7a1-81526d1fe6cc,Virginia,Desktop,True
6f60d6d2-a0cb-47ba-a348-33fb09689494,2024-02-25,Product Information,Human Agent,4.34,Resolved,0.21,4,5.32,f8ae9ba8-2ff6-44f9-bd81-e089badc82e5,Wyoming,Desktop,False
475e9d16-8145-4808-856d-fc575dd44b74,2024-03-16,Account Update,AI Chatbot,1.21,Resolved,0.42,4,2.78,32ae15f5-c896-48df-8b3e-f111e9a2ee12,South Dakota,Mobile,False
ccb6b949-f8c0-43e3-8577-78695fe194ec,2024-06-16,Billing Question,Human Agent,3.8,Resolved,0.97,2,8.01,3bd48187-0247-4b9c-b38c-b444fef40ca1,Wisconsin,Tablet,False
1465ded3-63a2-403d-a781-4f720258178d,2024-04-02,Shipping Inquiry,AI Chatbot,0.88,Resolved,0.38,3,4.1,9487ce27-d946-4301-9e3f-518913566eb5,Missouri,Desktop,False
ef577969-6427-4177-b5d2-dfed8b4b46b3,2024-03-11,Account Update,AI Chatbot,1.27,Escalated,0.87,1,2.51,f47edc07-90c4-47bc-94f4-524c36b0c036,Kentucky,Desktop,False
69fe36ff-6d99-469c-b2bb-d5b12facaa81,2024-05-03,Product Information,Human Agent,5.44,Resolved,0.38,3,7.77,02ab4f49-6324-4d14-a63d-394cc37aff3d,Nevada,Tablet,False
4128749b-fb24-49a7-9975-e5026867b94d,2024-02-13,Billing Question,Human Agent,9.77,Escalated,-0.17,2,7.81,9610dc1e-2b8e-4b60-a7f2-985436830b89,North Carolina,Tablet,True
2730a80e-cb27-403d-86ed-96b47bf9e605,2024-04-04,Password Reset,Human Agent,3.21,Resolved,0.27,3,6.91,68cb5e92-01e3-4ec1-b86d-2346a4e1a88a,Minnesota,Desktop,False
68df0cd5-b943-4079-9b15-0d0927e1f398,2024-04-04,Password Reset,Human Agent,3.98,Resolved,0.22,3,7.55,70e57f6b-f826-4928-b6fe-6de5f8c68e93,Mississippi,Desktop,False
039f414b-5d8d-407b-8b84-0c95761174e8,2024-06-08,Password Reset,Human Agent,7.72,Escalated,0.44,2,6.3,f41110ad-9967-46a5-bdb6-47a1f2fead15,Wyoming,Mobile,False
0b0f4b13-2a17-41b5-9c95-95b0f9569a6c,2024-05-18,Account Update,Human Agent,5.87,Resolved,0.38,4,8.59,65f19b8c-777f-4fa6-beec-f4867433ad48,Colorado,Desktop,True
59b7bf98-b76e-46cd-9c00-21e5331b40e1,2024-04-19,Shipping Inquiry,Human Agent,3.32,Resolved,-0.06,4,7.85,c984a6bf-26ce-4cb0-9fd9-25da89bcef61,Wisconsin,Desktop,False
5c770fb2-9984-458d-ba82-a5e51224243e,2024-06-09,Product Information,Human Agent,8.28,Escalated,0.76,2,6.23,745937bd-fe6c-42b8-a184-c044332e84fb,Florida,Tablet,False
5fd30e79-4f06-4a46-bced-60913a3e19b7,2024-05-12,Product Information,Human Agent,11.5,Resolved,0.66,4,8.83,1bb40c16-3ea8-48bf-ac08-d798aac1f19d,Oregon,Desktop,False
5609cf6a-3d70-4017-8e33-f99a4477407a,2024-01-12,Product Information,Human Agent,5.88,Resolved,-0.06,4,4.9,181ca933-5622-4a5a-ab77-32208acd57eb,Nebraska,Tablet,False
5bd78fda-c648-4d90-affe-a2dc4f7aa7af,2024-04-22,Password Reset,Human Agent,11.12,Resolved,0.52,4,8.76,88924c4c-8bee-42b5-88c6-9b8f5b3ffd73,Arizona,Mobile,False
caf3e8b2-a766-4b65-8dbd-ec4dba68e3aa,2024-04-23,Technical Support,AI Chatbot,0.2,Resolved,0.36,5,1.58,8913eb04-eec8-4cbe-b184-a87e48ad74c4,Alaska,Mobile,False
973270ae-634a-4425-872f-097143995e6b,2024-03-02,Technical Support,AI Chatbot,0.92,Resolved,0.96,2,4.21,32380bbf-ddaa-45c2-9180-ed975391ab81,Montana,Desktop,True
9e5c25fd-125a-4d2e-8451-bf959abae411,2024-04-15,Password Reset,Human Agent,1.43,Resolved,0.5,5,6.82,bb58a691-970f-48a2-97f9-096f9bb315f1,Hawaii,Desktop,True
d553e007-cfca-47dc-8de4-9414348030f8,2024-01-15,Shipping Inquiry,AI Chatbot,1.09,Resolved,0.5,5,2.29,0d08f632-1795-45ba-a9bf-4c21b9cb622f,Arkansas,Mobile,False
60cecaa2-6ab0-4411-ae02-0efb9d083b37,2024-05-15,Password Reset,Human Agent,5.0,Resolved,0.61,3,6.84,0445aec0-38ff-40c7-b65b-6a355a10cbb7,Missouri,Tablet,False
7095c9e4-c3db-49dc-96d7-4459bcbe1415,2024-03-09,Shipping Inquiry,Human Agent,11.79,Resolved,0.23,4,5.14,45fde6c3-2cdd-4e5c-9923-ec42ead5f6d0,New Jersey,Desktop,True
f14e9727-caa0-4bd1-9774-cf5c9772105b,2024-01-25,Account Update,AI Chatbot,1.07,Resolved,0.4,4,0.09,7db85884-da33-44e6-ae21-56d1b26fe73d,Utah,Desktop,False
fd625a23-225b-4e62-b8cf-a2375fffb704,2024-02-12,Password Reset,AI Chatbot,1.26,Escalated,0.23,1,3.59,868165f7-39dc-49b6-848d-628b88216438,Oregon,Mobile,False
a58b5143-9a6f-4db7-85eb-f4c956dfb25b,2024-01-11,Account Update,Human Agent,9.99,Pending,0.89,1,4.93,faf1f30e-eb88-4589-9374-8abbbaea1d01,Indiana,Desktop,False
a3f338bd-445b-4b86-9061-781458a4b9ec,2024-05-28,Technical Support,Human Agent,5.62,Escalated,0.7,3,5.15,bcd4ceea-687a-4495-bb03-700905c80675,Montana,Desktop,True
5ff6f7f3-f67b-4481-affe-49e49901e974,2024-01-17,Product Information,AI Chatbot,0.97,Resolved,0.45,3,2.18,7f0851b5-039d-4e9b-8ca0-5411b2a63a37,Arizona,Tablet,False
82aaee9b-600b-427a-b4b7-7ac73cfbd394,2024-03-21,Technical Support,AI Chatbot,2.02,Pending,0.47,1,0.33,233f40af-5599-4adc-8400-f952772d4ce3,Wyoming,Desktop,False
2f96249a-3cfe-4ff8-9471-6bc245e9f7e0,2024-04-14,Account Update,AI Chatbot,1.5,Resolved,-0.05,4,0.64,c6abc43f-974e-4515-a149-8417c0bccce1,Oklahoma,Mobile,False
b3d461f7-9f8d-4a6e-a452-9607d40a7914,2024-06-14,Shipping Inquiry,Human Agent,9.69,Resolved,0.13,3,8.4,14ebf404-3f43-4ff4-bd7b-8904091ada1b,Nevada,Tablet,False
418880ae-96a8-41b8-b466-b194cd8f87f1,2024-01-08,Product Information,AI Chatbot,1.95,Resolved,1.0,4,6.06,cb6bdfbc-acee-4434-bcf2-2a7e46374703,Hawaii,Tablet,False
26294b65-29f2-4d6d-b6c6-d023b6e39606,2024-05-23,Shipping Inquiry,AI Chatbot,2.81,Escalated,-0.05,2,1.6,6482cddc-4d36-46ce-a042-0f41cd0f5e46,Maryland,Mobile,False
ea71d271-1af1-4246-bdf4-03a9aaf57c3d,2024-06-10,Billing Question,Human Agent,8.89,Resolved,0.56,3,9.43,5911f3d1-b19b-4d88-a353-6b5f222f6aef,Arkansas,Mobile,False
7a4a99e8-4a7c-49f6-844d-56f12f35a224,2024-05-22,Shipping Inquiry,AI Chatbot,1.0,Resolved,0.83,3,0.7,8fc9e851-50ac-49cb-ace7-2f032d147e92,Texas,Mobile,False
ba133197-8c80-4054-b703-5119985fe53c,2024-06-21,Technical Support,AI Chatbot,1.96,Resolved,0.23,2,2.95,9b0e6725-6d8e-4b25-8bd4-e9b2936260b6,South Carolina,Mobile,True
070f7c93-2dce-49e0-905d-0dc2b5750f25,2024-05-07,Password Reset,AI Chatbot,0.2,Resolved,0.84,3,3.64,3e511e57-2bac-4a28-80fd-1ac0b6ecd676,South Carolina,Mobile,False
85c01963-5b2f-481a-9acf-9fa34286c572,2024-01-17,Billing Question,AI Chatbot,1.74,Escalated,0.11,5,3.07,1e1498bc-9b7c-4bb1-8f55-184066cee0fb,Maine,Tablet,False
1bee45bc-7894-43a0-a935-91c5e4167804,2024-04-30,Product Information,Human Agent,7.33,Resolved,-0.04,4,5.53,fd62537a-e7cc-41f1-93e2-9a0c775d9e25,West Virginia,Desktop,False
1cfbe621-5527-432a-b187-691833589d50,2024-03-28,Account Update,AI Chatbot,0.83,Resolved,0.17,3,0.87,b21ce979-40bc-4fb1-a2fe-9a68402bf08a,Michigan,Tablet,False
565c8856-052c-4a79-82de-0835e7c16dd7,2024-04-04,Account Update,Human Agent,4.9,Resolved,0.8,5,4.08,1639c334-bf93-417f-9029-4c260a36a711,California,Mobile,False
a3988b57-11c8-49bb-a7b8-99f995ea5dcd,2024-05-10,Shipping Inquiry,AI Chatbot,1.13,Resolved,0.13,3,2.71,5117b303-eba3-4a48-b483-3789cef0d64c,Montana,Tablet,False
d3767b7e-f870-4582-b59b-299d20e5d796,2024-05-17,Account Update,AI Chatbot,1.26,Pending,-0.18,1,2.91,f82e99a1-9379-4330-b8a6-ebf20cf1d377,New Hampshire,Desktop,False
b5182804-9a66-4236-bcf0-df45faa2ffe9,2024-06-09,Password Reset,Human Agent,8.64,Resolved,0.58,3,7.48,0c5d5261-cb3d-4b4f-83ec-2328b997235a,Mississippi,Desktop,False
d7d926a2-fa5a-49d7-8785-632c8635c078,2024-01-29,Product Information,AI Chatbot,2.11,Resolved,0.45,4,0.06,771db4ea-4992-4fbf-b696-94588efbc2c3,Florida,Tablet,False
e0ea6a65-754d-44dc-b2a5-3573f3b98e03,2024-03-17,Shipping Inquiry,Human Agent,8.81,Resolved,0.21,2,6.49,4bda71f4-73a3-43b0-a804-92cc02c4c457,Rhode Island,Mobile,False
1bac8433-16b7-43bb-b099-d0cd246311c6,2024-02-13,Password Reset,AI Chatbot,1.03,Escalated,0.58,3,3.78,1e0bf2df-461e-4895-a3ce-a9ce7efd041a,New Mexico,Tablet,False
9c1b121c-29c8-4754-aa41-c021795e2de6,2024-06-20,Billing Question,AI Chatbot,1.94,Resolved,0.22,3,5.56,956609eb-fe31-4f0f-b7e3-01939b3198c1,Louisiana,Mobile,True
1a439b06-03b5-4e17-932d-f0a96bcbb8a3,2024-06-25,Product Information,Human Agent,7.49,Resolved,0.53,3,3.99,18dc8f8f-37ca-41f0-894c-b29553af2567,Utah,Desktop,True
d6e665f0-352e-4225-ab43-78deb2a99f93,2024-06-04,Shipping Inquiry,Human Agent,8.71,Resolved,0.03,3,6.14,27d50444-ef68-4cde-b7c0-1436e85d44fc,Florida,Desktop,False
aa87e335-9da7-4e47-b4bb-571fddbd0518,2024-01-23,Password Reset,AI Chatbot,1.28,Pending,0.73,1,3.28,7dd66477-6091-4c7e-af5b-18624632f51b,New Hampshire,Mobile,False
292543aa-d184-457b-93f4-cba814b0441a,2024-05-09,Account Update,Human Agent,4.29,Resolved,0.97,4,6.78,27441bf3-27a9-4354-8c47-3761d81c9f39,Montana,Mobile,True
fcb5406a-1f72-4b86-bdf6-fc47f7167235,2024-03-11,Product Information,Human Agent,3.69,Escalated,0.79,2,6.17,310640f2-b2f8-4f99-b488-92a043096777,Michigan,Tablet,True
9c934f3e-7525-4195-8ba3-5abeb2382976,2024-06-05,Shipping Inquiry,AI Chatbot,1.48,Resolved,0.01,3,3.79,21251b10-f644-4da3-b09a-3fb9d970c8b9,Montana,Tablet,False
dff789b7-069e-4b18-a594-0e94a5ca71d3,2024-01-31,Product Information,AI Chatbot,1.6,Resolved,0.07,5,3.86,435ed8ce-ab20-48c8-8aa1-55de5cd60f8b,California,Mobile,False
67d7343b-b4a7-479b-b151-d4167f1aafa7,2024-03-06,Billing Question,AI Chatbot,1.5,Resolved,0.41,5,0.9,af9ad92e-2dd0-43a1-bfcc-15100f5741b1,Hawaii,Desktop,False
b004c4a5-3f3c-4871-9120-fe541f6c29a0,2024-01-23,Shipping Inquiry,Human Agent,5.81,Resolved,0.6,3,7.74,74761f72-6e33-49fd-aa37-2b5cfe17247e,Idaho,Mobile,False
5d7cec6e-07aa-4c5d-9037-621382089054,2024-01-13,Technical Support,Human Agent,5.04,Resolved,0.42,4,9.85,ffee58c1-f3c8-4d39-9628-a191bec0ce78,Vermont,Desktop,False
137b2582-b4ea-490c-bd3f-92b17a89b76a,2024-06-10,Technical Support,AI Chatbot,1.36,Resolved,0.42,4,3.3,889958d7-4009-4aff-a208-acbfcae8a048,Pennsylvania,Tablet,False
77b6833d-28fb-4e41-8279-df18a2c47f9e,2024-05-26,Billing Question,Human Agent,13.16,Resolved,0.03,4,5.84,54599501-ee8e-41c3-8a03-01f7f579213b,Arizona,Mobile,True
98cd4f8a-47f6-457a-a3c8-cf32b3bc6f2e,2024-02-26,Shipping Inquiry,AI Chatbot,1.92,Escalated,0.05,4,2.72,4e0f6495-d330-4917-a9b6-14fb826cc773,New Mexico,Mobile,False
8abfd9af-60ed-42cc-aac8-2a9732f983cb,2024-01-11,Shipping Inquiry,AI Chatbot,1.19,Pending,0.94,1,4.25,8c04ea6d-9480-489d-9388-a461c602539c,Delaware,Mobile,False
455f908f-c9b1-4867-9f7f-53a307f24d64,2024-06-18,Product Information,AI Chatbot,3.32,Resolved,0.26,3,1.38,5df05fd5-f9d8-4498-9ca1-98d98b9a2b60,California,Desktop,False
3fb6c2f2-d56a-4367-998e-2d52688e072f,2024-05-01,Shipping Inquiry,Human Agent,6.07,Resolved,0.34,5,6.94,1f0be8c7-c569-4977-9007-1506575483ff,Kansas,Mobile,False
29f940d4-f3f0-4c52-849e-91df1f051826,2024-03-04,Account Update,Human Agent,4.82,Resolved,0.22,5,6.24,deb12d82-77d1-4509-a747-44575b46dfe0,Washington,Desktop,False
ac527e9e-86c1-430e-8973-ad223172f40d,2024-06-03,Account Update,Human Agent,8.62,Resolved,0.63,3,6.74,c4b11772-9bd1-43dd-8d2b-d72c75064fc8,Michigan,Desktop,False
3df64192-58b0-461d-9cc8-f2b368cea872,2024-01-08,Billing Question,Human Agent,5.84,Resolved,0.6,3,4.83,856229e0-e42d-4d46-93e6-0962abf6f3fb,Arizona,Tablet,False
987f6fe7-2d5f-46b9-ae66-ab69cf8d838e,2024-03-09,Shipping Inquiry,AI Chatbot,1.8,Resolved,0.54,3,1.96,024f4812-0b7b-45d8-9db2-71567a5ee1d5,Kentucky,Desktop,False
6c172d0c-a71c-4776-b895-382e20a1e00d,2024-02-29,Account Update,Human Agent,5.68,Resolved,0.32,3,8.29,dffcae01-6698-45f4-8d4a-834c8ea3dfc2,Arizona,Tablet,False
0db191f3-0192-4fd2-948a-21565d3756df,2024-03-04,Billing Question,AI Chatbot,1.42,Escalated,0.33,2,2.35,4c2a91f4-e952-442a-806c-6e728fd56d96,Delaware,Tablet,True
8c83423b-b836-4434-87be-7fdd8d478fbd,2024-03-20,Technical Support,Human Agent,8.93,Resolved,0.0,4,9.17,db787500-a24c-423f-9c7d-627c3ac1c319,Oklahoma,Desktop,False
370a648c-a725-4674-9824-cb428ef43e47,2024-04-23,Shipping Inquiry,Human Agent,9.93,Resolved,-0.05,3,7.51,add2d039-b93f-40cb-96ff-ca8090145bf7,Hawaii,Desktop,False
e221ce0c-7a2e-43fc-bfb9-b87f691cd889,2024-05-26,Technical Support,Human Agent,5.41,Pending,0.34,1,7.25,81d69974-ee06-4b56-a77f-d1bdbb795e87,Iowa,Tablet,False
9a1f186a-1974-4747-8927-4716fa057906,2024-03-08,Password Reset,Human Agent,9.88,Resolved,0.29,3,6.08,bbb4280e-c376-4397-a837-8859ea666536,South Carolina,Mobile,False
6e6ff25a-ebb6-49d9-b444-aa424db8075f,2024-04-05,Account Update,Human Agent,4.7,Escalated,0.38,2,5.15,7ce54286-c7d5-4a0e-946f-ab8c9188ec7f,Indiana,Tablet,False
c628e057-ba6f-467c-8b5f-4990d7591a1b,2024-04-26,Password Reset,Human Agent,3.18,Resolved,0.27,4,7.4,7e78062f-9fe1-4f52-b378-e507617ae438,Indiana,Mobile,False
7ae93e44-2737-4ae8-8d68-8cbfcd03c7cc,2024-02-16,Password Reset,AI Chatbot,1.78,Escalated,0.31,3,1.63,7c890a17-e2b8-4fd2-ad44-88471d7e395a,Oklahoma,Tablet,False
f9837e50-b5fa-4786-a3a6-63f83804e5e1,2024-02-02,Password Reset,AI Chatbot,1.26,Escalated,-0.3,3,1.56,b26ca8e2-1ac3-45f3-bfbf-45bd2cac4a64,Minnesota,Tablet,False
8ead5a8d-79cb-49c0-9644-9498e13d362a,2024-05-15,Product Information,AI Chatbot,1.16,Escalated,-0.03,3,5.72,779e2d2e-31c6-4471-ba95-f1993293dfe9,Indiana,Tablet,False
6cfe379a-d7cd-4a92-8b13-fb817b954c94,2024-05-21,Shipping Inquiry,AI Chatbot,0.81,Resolved,0.6,5,2.75,8c5ad9aa-8272-41a1-8b8f-8db1a23c27f2,Ohio,Mobile,True
f954a128-79dc-4e39-96db-6afacc8977a9,2024-01-21,Technical Support,AI Chatbot,1.32,Resolved,1.0,3,0.65,52052507-e474-4ec6-ae29-0765cad98b92,Arizona,Desktop,False
4dda7ba0-f0b0-4041-a664-299d93ea2905,2024-01-01,Technical Support,Human Agent,7.33,Resolved,0.44,4,5.69,34d02dc4-ae6f-46b6-8e56-6965fba91747,Illinois,Mobile,False
c44d5b8a-ec9a-40c1-97b9-99c22d771fbe,2024-02-27,Account Update,Human Agent,6.92,Escalated,0.45,3,7.29,4bc55e5a-3a67-4946-bf8a-57b253c8337a,Colorado,Mobile,False
eb2c2583-f6d0-46c3-baa6-dd4254726e02,2024-05-24,Technical Support,AI Chatbot,1.09,Resolved,0.29,4,2.52,ac440f17-7c25-4e01-8dff-7aeee708fb1f,New Jersey,Mobile,False
79b4811e-ef84-418d-9194-4bc86cb78d05,2024-06-13,Billing Question,AI Chatbot,2.38,Resolved,0.32,3,2.76,1cf18db3-c187-466a-bb5b-8709fa94b8f9,Nevada,Desktop,False
5c6ca2ba-8c3d-4567-a336-5c0bb6e0978d,2024-03-24,Billing Question,Human Agent,9.85,Escalated,0.87,2,5.26,daee835d-3f72-493e-beff-b2026da9ab53,Mississippi,Mobile,True
4d078c76-9b9a-41e9-85f0-c5fa3e23331e,2024-02-06,Billing Question,AI Chatbot,1.55,Resolved,0.35,5,1.77,6dd893bb-f0a9-4f31-9772-41515b498689,Connecticut,Mobile,False
f4817f6c-fb9b-4098-8b08-f30f51b0be45,2024-05-03,Password Reset,AI Chatbot,2.19,Resolved,0.43,4,4.77,e2a98d03-cdea-4345-acfa-60d67ae21aea,Idaho,Desktop,True
d0d2eb99-824d-46b0-975f-186e6decb125,2024-01-19,Product Information,Human Agent,7.65,Resolved,0.91,3,7.21,dad6fb0c-bfd3-41b5-b564-ea0fff7666b4,Washington,Tablet,False
cf4f79f5-2e5e-4046-8f4c-268d84948aeb,2024-01-11,Product Information,AI Chatbot,1.08,Pending,0.17,1,3.48,a35a2419-e224-4e64-905f-5c5a1dc96b30,Washington,Desktop,False
55e9c798-3ce0-486a-a143-6f6659298e40,2024-06-20,Billing Question,Human Agent,6.7,Resolved,0.3,4,7.43,34bcdf38-e4ae-4528-988a-0b2a1e2c69e3,Kentucky,Desktop,True
9acbc24a-ecb8-4eca-95da-c6f5c1789b52,2024-01-24,Shipping Inquiry,Human Agent,2.79,Resolved,0.31,3,6.58,8f804b16-a4b1-4fa2-8429-2a53c68e2b9b,Montana,Tablet,True
02dd576c-d37d-4730-abb9-4ed925f9b697,2024-05-28,Technical Support,Human Agent,6.96,Resolved,0.23,4,8.97,95f4b46c-5023-4422-b5b5-1dc8c5fae56f,Kentucky,Desktop,False
fed19774-06e2-45b8-8276-142eac8e11ef,2024-03-17,Product Information,AI Chatbot,1.77,Resolved,0.1,2,2.88,7fda9ffb-ca46-48ff-9b73-bf2252d8b246,Indiana,Desktop,True
c88244b0-3b24-4ba1-969a-a5dc641b40c7,2024-02-08,Shipping Inquiry,Human Agent,7.9,Resolved,0.26,3,8.61,91181d52-4387-4f2e-8c90-2cb9a7e6ebc6,West Virginia,Desktop,False
75d9db70-4ac4-4bb8-94aa-3ba0bbb54433,2024-01-22,Shipping Inquiry,AI Chatbot,2.93,Resolved,0.4,3,5.31,fde40091-6d52-4ec0-bce9-4579444300a7,Ohio,Tablet,False
8845c96d-01d5-4384-8b25-1dee3300983e,2024-01-13,Billing Question,Human Agent,8.5,Escalated,0.67,2,8.69,82976d69-ffc1-4b38-8bf7-77eec82c014d,West Virginia,Mobile,False
7aea98bf-b875-42b2-b223-39c9ed652f3d,2024-02-03,Password Reset,AI Chatbot,2.06,Escalated,0.47,2,4.25,b8cd3f85-99b8-4877-82fe-eccb34ad6e99,Maine,Tablet,True
7b0198f2-5d78-499c-b981-d89ff33ecc5c,2024-03-21,Password Reset,Human Agent,8.64,Resolved,1.0,4,2.91,97e5ded6-ecb6-4405-8f40-f4b35ea53752,Texas,Desktop,False
665bb699-18a1-42e8-b705-c775d57653a9,2024-05-13,Account Update,AI Chatbot,1.09,Resolved,0.31,3,5.14,042975b8-2e06-4d37-99ba-6c0809f2b51d,Montana,Tablet,False
9a4f7336-8016-41fd-b071-b2a8926c14bb,2024-01-12,Technical Support,AI Chatbot,2.24,Pending,0.51,1,3.01,4367dc6a-5845-49bd-885d-e5949d6b0e3e,New York,Tablet,False
256ab443-2fc1-4ba3-a9f5-5e645f704b87,2024-06-22,Technical Support,AI Chatbot,0.72,Escalated,0.6,5,3.85,c4ea5b9f-b69c-4d49-98cb-7fe43cd79db5,Florida,Tablet,False
16034b5f-2844-4ac3-8613-3357f97c5c23,2024-02-16,Product Information,Human Agent,14.24,Resolved,0.72,3,7.6,39b80e48-e25d-4a38-920c-318bacaaf692,New Jersey,Desktop,True
dc3ccac9-743f-43b2-8827-4116ba60b0e6,2024-05-29,Shipping Inquiry,Human Agent,9.23,Resolved,0.95,3,5.6,d6a68a86-d302-4aa0-91e9-98ccd89c796d,Mississippi,Tablet,False
a4fb5f7c-fec8-490a-8a31-dc2f15f4c309,2024-06-21,Shipping Inquiry,AI Chatbot,1.1,Resolved,0.2,4,5.05,f00f6f01-0f71-47a4-b0c5-a6e94ecd0adc,Tennessee,Mobile,False
c652892f-7bce-4fc8-b5b0-85f55eccecc8,2024-03-25,Shipping Inquiry,AI Chatbot,1.87,Escalated,0.29,3,4.46,c0d7ef7e-ed00-4bfa-8339-5aa01bf0304b,Mississippi,Tablet,False
c61c2e28-55af-46dc-9b23-ba5e8addd0ac,2024-01-31,Password Reset,AI Chatbot,0.2,Escalated,0.02,1,2.31,2b33ea58-d7a3-43d4-b76b-1a1792b86da2,Tennessee,Tablet,False
ed30b46e-9e2f-4c2c-82d3-26c9195c1658,2024-02-17,Product Information,Human Agent,3.82,Resolved,0.12,4,4.91,33a8a98f-dfd8-4e81-9592-f3de3af75fae,Massachusetts,Desktop,False
e8284e65-fdf0-4864-8c52-63b298fc1a28,2024-06-09,Product Information,Human Agent,7.86,Escalated,0.42,1,5.51,165fd6d8-cf80-4b30-8df6-5cc20f541ae2,Michigan,Mobile,False
d4540a13-b346-4b67-92fa-f74e22cdf667,2024-02-03,Billing Question,AI Chatbot,1.53,Resolved,0.15,4,4.62,b1082ac1-1c93-43d3-b694-157930479c66,Wisconsin,Desktop,False
e3e1adaa-f000-47d4-b579-86e4ffc70dd9,2024-06-20,Technical Support,Human Agent,0.76,Resolved,0.41,3,5.69,2fa83703-1b91-4d2d-82d9-890e850e0461,Idaho,Tablet,False
17242d5e-6896-4904-a206-f013f86f31f6,2024-04-11,Account Update,Human Agent,7.81,Escalated,0.67,1,7.01,5ae3fe1a-4419-46a3-a43d-366654e136e9,New York,Mobile,False
3fb476bc-9f37-473c-8620-76b4a8aff0ed,2024-04-24,Technical Support,Human Agent,9.81,Resolved,0.86,3,5.89,6e87db28-9b0f-47a8-88d7-7306295babb5,Minnesota,Mobile,False
a4f63762-1bfe-4ef5-a0aa-e6365bcc0e85,2024-06-14,Product Information,AI Chatbot,1.34,Resolved,0.3,5,3.68,2e1cb5b6-20ee-4bb5-a272-a37677b28a1b,Idaho,Tablet,False
1e65bafc-c71a-496b-8cfc-d2887e132f1c,2024-02-02,Billing Question,Human Agent,5.6,Resolved,0.28,4,6.26,087d640d-4c89-4cc7-ba1e-4349f592c3fc,Wisconsin,Desktop,False
f921c2d6-7964-40f2-b1ed-faff0f7da78b,2024-06-21,Billing Question,Human Agent,4.24,Resolved,0.11,4,5.38,644c3423-1804-410d-8320-9bc6c7f8023d,Maryland,Mobile,True
093c83e8-5287-4729-bde3-2fd757a6d693,2024-06-28,Account Update,Human Agent,6.39,Resolved,0.35,2,6.64,03ea9fda-12eb-4c53-b813-e70a8383d877,New Hampshire,Tablet,False
a2b87a67-b393-4bfb-a9f2-a43e1d159918,2024-04-13,Password Reset,Human Agent,7.76,Resolved,0.24,4,5.12,d51db4b2-a8d6-4371-9abb-f607e1f4081b,Colorado,Tablet,True
c3b9da6d-8362-4f4d-b633-a46b1e162c18,2024-02-21,Product Information,AI Chatbot,1.95,Resolved,0.0,2,4.63,007c896a-a622-4851-948f-65b804713b23,Nebraska,Tablet,False
3aff5947-24a3-4ce3-b31a-c84d742a84a6,2024-03-08,Password Reset,AI Chatbot,2.58,Escalated,0.02,3,3.54,dd05facc-cd5d-4f73-8825-6674785d0655,Ohio,Mobile,False
587dbe2c-2da1-4d0f-8a8e-e42a433bdeb5,2024-06-07,Shipping Inquiry,AI Chatbot,1.93,Resolved,0.29,4,4.26,a3b58284-044e-4288-a46c-ed3db74e7843,Nevada,Tablet,False
77835b62-f7c0-418a-8934-d8cc975aee44,2024-02-19,Password Reset,AI Chatbot,1.63,Resolved,0.64,5,3.68,5ec806f9-86fe-43fb-b54e-7dddcdd1ea2e,Illinois,Mobile,False
3266907d-e9a6-4b09-a729-d47aebe9784f,2024-02-25,Password Reset,AI Chatbot,1.39,Escalated,0.45,2,2.17,ac1cc3f0-9f6c-4e55-ad2c-9f3145ec4e59,Wisconsin,Tablet,False
3c39707c-007a-4640-b944-00b869ea6128,2024-03-30,Billing Question,AI Chatbot,0.66,Resolved,-0.09,2,2.18,727bc9cc-c2c5-4561-a9c3-c3c4d8a15fd5,Arkansas,Desktop,False
3120034c-70e9-409f-b7e6-74d98ab5edb6,2024-01-05,Shipping Inquiry,AI Chatbot,1.62,Escalated,0.35,5,1.3,301c2e3d-1b87-473f-b2ad-37c461ed79b0,Virginia,Tablet,True
88c44ec6-3076-49c0-ab0c-80763f612c80,2024-02-15,Technical Support,Human Agent,8.73,Resolved,0.11,2,5.1,19a72319-5db4-40ea-85b8-c103b04042a8,Wyoming,Tablet,False
fcc71115-afd9-4269-a1b6-e8d689559b0c,2024-03-07,Product Information,AI Chatbot,1.3,Resolved,0.05,4,2.17,26bbd057-9ef8-4767-8e73-a391767f5630,Nevada,Desktop,False
0ed67aad-7b6f-487a-b8a4-45bc1bc17b48,2024-03-24,Product Information,AI Chatbot,2.0,Resolved,0.77,4,4.58,f02aada0-5476-4981-b5a8-2cf8f51aae57,Missouri,Tablet,False
01f62eb2-e4ca-4c62-b849-16645abca1b5,2024-06-15,Password Reset,Human Agent,5.13,Resolved,0.45,5,10.91,a93d64fe-5cce-4f00-9805-533c4b2aaa96,Nevada,Desktop,False
883bc597-e823-4a43-b3f9-53ed3621536a,2024-05-27,Technical Support,AI Chatbot,1.62,Escalated,0.65,2,0.59,fb365eb8-43f9-4353-b29e-f7ba768a38d6,New Mexico,Tablet,False
32b36fe2-f118-468e-b94b-26aab3b16a44,2024-04-13,Technical Support,Human Agent,10.63,Resolved,0.3,5,5.07,db61a42b-7f4c-439b-beee-275fd8aa94f4,North Carolina,Tablet,False
23535566-38eb-4ebd-bddd-9d8680696d7b,2024-02-16,Shipping Inquiry,AI Chatbot,1.95,Resolved,0.38,4,1.13,b89d8f34-9c42-4717-b7f9-a84ec7cc5a06,Michigan,Tablet,False
05fd661c-e2fe-4423-9ecc-8ab881eb9def,2024-05-24,Billing Question,AI Chatbot,1.06,Resolved,1.0,3,3.23,d6ad33dd-0910-47b0-bb79-21c2773728f0,Wisconsin,Tablet,False
30139f34-a642-4169-81a4-6917a034f8f7,2024-01-14,Technical Support,AI Chatbot,0.42,Resolved,0.37,3,4.54,a98fad73-0541-4080-b68d-ee420c162262,West Virginia,Mobile,False
c388e53c-18a5-42a6-abe9-0a3786daeeb4,2024-01-14,Product Information,AI Chatbot,0.48,Resolved,0.08,4,1.33,2082b40c-7cf7-48d3-9006-66d85e7cb5ef,Idaho,Desktop,False
5a48a9af-d6c6-4aab-b136-ce654cbfa1d8,2024-01-10,Password Reset,Human Agent,5.02,Resolved,0.67,3,6.09,1ea8e729-2eda-434c-b551-c41c34b32bcc,Wisconsin,Desktop,True
27968966-3626-4cc5-a295-b898084a1867,2024-02-09,Product Information,AI Chatbot,2.06,Resolved,0.13,3,2.83,9ef26cea-90f1-42ba-8976-2ce0e35166e7,South Carolina,Desktop,False
c5dc9b78-6af5-4fa6-a03f-52312e3349dd,2024-06-25,Billing Question,Human Agent,9.59,Escalated,0.62,2,7.04,18be1ecc-7678-4425-8e87-cc1d642b54ff,Oklahoma,Desktop,False
7e2b76c5-751d-467d-9be6-20d60490e359,2024-06-01,Technical Support,AI Chatbot,1.79,Resolved,0.07,5,2.17,e9093386-7c4a-4644-9862-b691e6ec4286,Florida,Tablet,False
f255ed03-a5d0-4892-a1dc-797a8f937a8c,2024-01-15,Password Reset,Human Agent,7.35,Resolved,0.11,4,7.43,78e59e38-a55c-415f-9df9-ebbef5cf1157,Colorado,Desktop,True
92ab43da-eaa0-43f6-ab89-9ec9d0afbd4e,2024-04-26,Technical Support,Human Agent,4.85,Resolved,0.83,3,8.11,e1db7263-7f10-4ee5-89ea-4574967e5d09,Utah,Tablet,False
facf3711-2b3f-4ff0-a6df-193efd84115f,2024-05-31,Account Update,AI Chatbot,1.57,Resolved,0.62,4,2.8,5fe383e0-7398-40df-bd94-bb1ad3d5b1b4,Utah,Desktop,False
8a6daa14-3289-4a21-b705-94acd7043101,2024-02-08,Technical Support,Human Agent,10.46,Resolved,0.06,3,5.01,9655d1e8-c2ee-4b2f-a921-c281fc3848bc,Colorado,Mobile,False
33a978eb-2099-48c1-b4e2-6a557b70289a,2024-01-08,Product Information,AI Chatbot,1.87,Resolved,0.48,4,2.6,b880ec1d-ee63-4f8e-b192-f764c0973561,Tennessee,Tablet,False
df97d720-f52c-4590-aa5c-5699f3b95cfd,2024-04-08,Product Information,Human Agent,7.36,Resolved,0.34,3,7.23,91faf535-9ca9-465f-ae1f-1afcbb592c0e,Montana,Mobile,False
b92e3a6c-57e6-4e77-83ec-230663f8374e,2024-06-07,Billing Question,Human Agent,6.19,Resolved,0.54,3,7.5,acc180ad-180c-470e-8ea1-bfc97e158a33,Oregon,Mobile,False
23f28d0f-ba2f-4fe4-b049-e93b8d833b28,2024-02-22,Account Update,AI Chatbot,1.06,Escalated,0.4,3,0.96,d11477f5-f2dc-4c40-8bd5-615a671653f5,Nebraska,Tablet,False
8b44af9b-99ce-45dc-971d-334d0a84ab79,2024-05-16,Shipping Inquiry,Human Agent,7.3,Resolved,0.36,3,8.63,e0b9aa74-bbf2-4397-a509-9867d616aafc,Mississippi,Tablet,False
f8b7244f-e00e-4163-8cc3-9fb1206ff257,2024-05-23,Product Information,Human Agent,6.5,Resolved,0.71,2,7.79,8434f324-6da8-4036-8bfc-4dadf397533d,Colorado,Mobile,False
dbeffb0a-d0d8-436a-8fae-58d728edfca1,2024-05-31,Billing Question,Human Agent,5.49,Resolved,0.75,3,8.02,18613fbd-9c36-4e9f-8780-c335ffd58ad8,Alabama,Tablet,False
5c797cf5-0ecf-4b48-a6f6-dfb82a529ed2,2024-06-04,Shipping Inquiry,AI Chatbot,0.74,Resolved,0.52,4,0.89,297f8e6f-0c5e-443e-8851-d9b198bcac27,New Jersey,Tablet,True
505cd2b8-205c-4caa-9164-1f8c29a06d4a,2024-01-19,Technical Support,AI Chatbot,0.88,Pending,0.05,2,5.7,fc8c4299-48fc-4e5a-932e-23e86c095747,Mississippi,Tablet,False
3a02d5d8-8719-478f-ba60-d99fcf2487fe,2024-05-07,Technical Support,Human Agent,12.39,Resolved,0.82,4,8.61,102f9936-bc58-4e60-97a3-4c44d6ce1035,Ohio,Desktop,True
8e9362c5-d61d-43eb-b565-47b0976aba38,2024-04-24,Password Reset,AI Chatbot,2.53,Resolved,1.0,5,1.71,8ebac5d5-972c-4489-a8d2-1aaeed3adc0a,Utah,Mobile,False
d6a36caa-9089-45b2-aba7-1696a4cd1edd,2024-02-11,Password Reset,AI Chatbot,2.21,Resolved,-0.17,4,1.12,12449591-f608-46f6-bc4d-34846c415ac3,Nebraska,Desktop,False
b8e9eb19-3c02-4447-8244-e00cc746f58a,2024-05-28,Billing Question,Human Agent,3.99,Resolved,0.36,4,6.7,b0bd5574-1797-465f-a102-862581176618,Ohio,Tablet,False
eb1cd5d1-f605-4ab8-b7d4-fff1679584d8,2024-05-01,Product Information,Human Agent,6.72,Escalated,0.47,4,7.55,476363c1-e1b7-464d-978f-b936f5408ac9,Mississippi,Mobile,False
d76b5439-9e58-45c4-a0d6-36c47eb7fd1f,2024-03-29,Shipping Inquiry,Human Agent,8.7,Resolved,0.39,4,5.64,a5c37dc1-dced-4de5-a33d-e9535805c626,North Carolina,Tablet,False
d8d6a5a3-cfde-4dd5-89c3-bd41170fda32,2024-03-28,Product Information,AI Chatbot,1.63,Resolved,0.21,5,3.98,d66d1ecb-f3bc-44c7-8dd9-2e737f3ef51a,Illinois,Desktop,False
8112d09b-35fa-4adb-ab42-ac4b6490d3e5,2024-06-23,Product Information,AI Chatbot,1.47,Resolved,-0.39,5,3.86,2f0ac0c8-e915-43d4-9f5c-9dfb52b115be,Oregon,Tablet,False
2495d6b9-7935-437f-88cf-06b1f2b60763,2024-06-23,Shipping Inquiry,Human Agent,4.1,Escalated,0.6,3,6.27,066043aa-c6d1-4356-9afa-b40b73971cf9,Louisiana,Tablet,False
fd4ff855-3976-43a0-987b-8cb1f68171c6,2024-02-24,Account Update,AI Chatbot,2.11,Resolved,0.09,4,5.21,c9b94914-3bf2-415c-944c-96f56fad2773,New Mexico,Tablet,True
21174bef-77b9-4f8b-be68-34b88e516808,2024-05-13,Account Update,AI Chatbot,0.8,Escalated,0.46,1,1.87,7d704582-8a56-4171-b770-14db9d0a1620,Vermont,Tablet,False
bbe1909a-4138-4e93-944e-aba51fdba0c1,2024-03-13,Product Information,Human Agent,7.52,Resolved,0.83,3,6.77,b8c71528-5c79-41e3-82e2-eaeb407a16a9,Illinois,Mobile,True
81c9d5e6-37f6-4423-8146-e0408dd1a28e,2024-05-19,Password Reset,Human Agent,7.55,Resolved,0.21,3,6.14,3c88c1e0-9915-464a-b285-4fb98b288106,Nebraska,Mobile,False
6e6f7fa7-8fc4-4db7-a8f4-b822164ec2e5,2024-01-13,Technical Support,Human Agent,2.63,Escalated,-0.08,3,9.32,37864568-9839-4dab-9290-3930f3a17992,Illinois,Mobile,False
f8a32825-12fb-47ff-a703-c05bc594bee1,2024-05-27,Billing Question,Human Agent,6.78,Resolved,0.97,5,8.02,4d649409-1d7e-417c-be5d-b0bfe4584a27,Kentucky,Tablet,True
ff97052c-7fb1-49dd-9b1c-8969d9156993,2024-04-18,Product Information,AI Chatbot,1.66,Resolved,0.66,3,3.49,8e9fc03f-97d6-4abc-b004-adb4bb17a22b,Florida,Tablet,False
0ec53697-1df1-49b1-a58d-f3c6983435b5,2024-05-20,Product Information,AI Chatbot,0.33,Resolved,0.39,2,4.88,29119da8-abd6-4a00-aaa1-52411d5c4e60,Illinois,Tablet,False
4e635fde-a1cb-48b0-8990-f89aac37eeab,2024-04-11,Account Update,AI Chatbot,2.4,Escalated,0.54,2,4.49,bea87cf4-3a2f-4d53-beef-24eb42ad07e2,Kentucky,Mobile,False
ed5c3e9e-15ed-4fef-8f79-c74cd5378a71,2024-03-01,Account Update,AI Chatbot,1.69,Resolved,0.11,3,2.93,3ceae2a7-78d5-4797-bae1-e27de8c7417c,Missouri,Tablet,False
8d93651a-3f9c-4c55-8640-25933106140f,2024-04-18,Billing Question,AI Chatbot,0.66,Resolved,0.31,4,1.99,5e62513f-e96e-4a0b-aa53-18d0f00743ba,Maine,Desktop,True
529058b7-6375-4c2e-a1d5-446e486f8728,2024-06-16,Shipping Inquiry,Human Agent,10.82,Resolved,0.14,3,6.14,7895aa0f-c4c6-4dc7-9c1b-0808f03a0ab7,Texas,Mobile,False
5536504d-6874-4b0e-aed5-a94d0768f152,2024-06-06,Account Update,Human Agent,7.31,Escalated,0.71,3,5.77,2276198e-385f-4043-a124-92220bdd6b87,Tennessee,Tablet,False
6dc90e75-8521-470e-949d-615365cf2d97,2024-05-10,Shipping Inquiry,AI Chatbot,1.08,Resolved,0.11,4,1.72,917162de-5b29-4655-9bbf-940f22b655a9,New Mexico,Tablet,False
85f5d4ab-ff45-4280-88f7-d56526cfd21a,2024-06-10,Product Information,AI Chatbot,1.01,Escalated,0.28,2,2.44,03344085-d454-4a97-8955-c1f43c8946cf,Idaho,Tablet,False
70b9abb1-b7ac-46d7-a29b-9337a98b0585,2024-01-16,Product Information,Human Agent,4.59,Escalated,0.26,1,6.46,93a9a52e-87b7-411b-82d9-db1538111552,Connecticut,Desktop,True
0d3bc88f-5907-47de-a9f1-026dd3a30c58,2024-03-12,Product Information,AI Chatbot,1.66,Escalated,-0.39,3,3.06,bd91216f-70e1-40b2-8aa0-514a2d6676f3,Pennsylvania,Desktop,True
8802ee1c-92d2-41d7-baf8-10cef277eae7,2024-03-03,Password Reset,AI Chatbot,1.08,Pending,-0.4,1,4.2,d2328bc4-edf2-4601-9adc-43afea6d0d43,New York,Tablet,False
d0c911e6-cd0e-4fa6-b0f6-daf8c56df422,2024-06-26,Technical Support,AI Chatbot,0.89,Resolved,0.08,2,3.5,fc6527f4-091a-4e67-bf18-2fe6484a0674,Indiana,Mobile,True
69e68316-85c5-4673-9dce-45fcd1559c15,2024-03-28,Technical Support,AI Chatbot,2.34,Pending,0.48,1,3.71,a34b90a7-30ae-4b6c-bd2d-9aabee1bd2d6,Wyoming,Desktop,False
891dc186-5c8b-4200-b4b5-683d1d17de96,2024-02-22,Billing Question,Human Agent,9.24,Resolved,0.51,3,9.71,e7197ef7-d186-4f92-8d3b-7145b9f5c4e1,Kansas,Mobile,False
719e00e6-2188-408f-95ba-fb420a33f977,2024-05-30,Technical Support,Human Agent,10.76,Resolved,0.08,4,7.25,9a93ab10-34c9-48d5-a283-38e6baeb05f8,Maine,Mobile,False
0d7ab718-e30e-4fcd-a048-cbeb783c13dc,2024-06-24,Product Information,AI Chatbot,2.09,Resolved,-0.14,4,4.98,8ff00f68-6b73-451b-8b95-a5841760a088,Oregon,Desktop,False
92749d3a-3221-4b6e-965d-e147fae821b0,2024-03-18,Account Update,AI Chatbot,1.42,Resolved,0.41,5,3.75,f0761046-8e57-40ec-ba2c-b807cdb3c1d0,Tennessee,Desktop,False
66551f5a-3b15-4d20-9bc2-b32eba717fee,2024-04-19,Shipping Inquiry,AI Chatbot,1.39,Resolved,0.15,4,2.7,13b82ce2-9de0-4862-96f9-74b92d4b3534,Rhode Island,Tablet,False
76f53bec-ad4d-4243-a4d0-73c2e2b93317,2024-02-14,Product Information,Human Agent,13.12,Resolved,0.32,3,5.97,00c1cca8-89ec-461c-9afd-9813f31b8224,Nevada,Tablet,False
044ae2b0-a158-4011-85cf-32e70a14b903,2024-02-20,Technical Support,AI Chatbot,1.18,Resolved,0.53,3,1.79,9bfe2e29-3a61-4505-af92-a6e8d5eb42b8,Arizona,Desktop,False
a7790d1e-615d-49c2-a39c-54f552be4a96,2024-04-07,Product Information,AI Chatbot,1.07,Resolved,0.63,4,3.04,ad27feea-c823-4508-acfc-aaa5598417d3,Idaho,Desktop,False
23e03429-4afc-43fd-a8b4-6c8a0ed97d23,2024-05-13,Shipping Inquiry,Human Agent,0.5,Resolved,0.77,3,6.51,ed6617cf-14a3-452b-9c3c-375fd7d1a049,Iowa,Desktop,False
6d97dcc4-bb1c-4464-b705-c346b445d00c,2024-01-26,Password Reset,Human Agent,4.5,Resolved,0.77,4,6.86,5cae8a90-a854-42cf-9b2c-fae19511032e,Connecticut,Desktop,True
bda872ef-d18b-421c-ac1f-1fca1aeac65e,2024-03-13,Account Update,Human Agent,6.81,Resolved,0.68,2,4.52,54ec002c-f613-4cc5-a7ae-64d340ca54dd,South Carolina,Tablet,False
351e0bde-16e2-4d38-b342-54d6badb2396,2024-05-05,Password Reset,Human Agent,7.77,Resolved,0.39,3,5.22,bf80fe6c-f666-46a4-b9a4-7c5144c0bde8,Nebraska,Tablet,False
6bed7c86-c7f4-46aa-baf3-17c4514d41f5,2024-04-04,Account Update,AI Chatbot,1.27,Resolved,0.24,3,6.14,f48e40a3-3c47-488e-9ffd-eab2c7fb53ae,Delaware,Desktop,False
bf5c3e7e-479d-41f9-8a2d-831714838eab,2024-02-03,Billing Question,Human Agent,1.78,Resolved,0.6,4,9.0,a817b2bf-39bd-4a5e-a9eb-8c44c1e41462,New Hampshire,Mobile,False
f8c4b566-89b4-4100-b854-de08113a475c,2024-02-28,Account Update,AI Chatbot,1.26,Resolved,-0.15,3,4.13,a978874f-35ce-4c23-9792-603adda9ba67,Vermont,Desktop,False
f74fe775-ecc0-45ff-9656-efcf1e7b3606,2024-06-17,Password Reset,AI Chatbot,1.09,Pending,0.32,4,3.48,14be3e9e-96c5-42b7-a922-b453853a7556,Virginia,Tablet,True
ffe06f05-3535-4c0e-b64a-878596219b6e,2024-04-16,Product Information,AI Chatbot,1.59,Resolved,0.19,4,3.68,daa239d4-9c83-4796-bc7c-77a775c77e83,California,Tablet,False
a06eb3e5-d4bb-409f-9091-12f694aadbdf,2024-03-05,Billing Question,Human Agent,4.88,Resolved,0.57,2,5.71,d1c53781-ae83-4a8a-bdff-f403b072e2cd,Arizona,Tablet,False
448be3d1-e66c-40d9-96fc-cbdf59e2cbeb,2024-05-31,Billing Question,Human Agent,7.31,Resolved,0.24,5,5.84,12ca62b3-8a09-4bb0-88f4-b806b0465ef5,Pennsylvania,Mobile,False
5c8bae43-9d4d-447f-8b56-3ff598067527,2024-05-25,Shipping Inquiry,AI Chatbot,0.79,Resolved,0.61,4,4.34,eb97d315-3aa0-465d-9d6d-ce25ac4701d2,Alaska,Mobile,True
e5b47a12-71c8-4cd7-87f0-d170873c0263,2024-02-14,Technical Support,AI Chatbot,1.58,Resolved,0.26,4,2.59,be6ef4ea-267c-4f5a-951c-4c0d281b6b61,California,Desktop,False
a24a2575-17a3-4a43-b6e9-4a15b373ee06,2024-03-31,Technical Support,AI Chatbot,0.44,Escalated,0.06,2,3.81,b7f542f8-4354-4df4-89ef-4be504925108,Indiana,Mobile,False
8469ba51-a253-43cd-9f47-8a94b34c32e8,2024-02-22,Shipping Inquiry,AI Chatbot,1.73,Escalated,0.33,2,0.07,28f728b3-ad0c-4068-ad3d-4b05ef13c270,Oregon,Tablet,False
cc08778c-dcf6-407e-b81c-f5d7f9a5fb48,2024-04-20,Shipping Inquiry,Human Agent,6.59,Resolved,0.66,5,4.93,b1395176-ca72-4aa3-ab7b-b09b56e8bf06,Oregon,Tablet,False
169e6c6a-85f4-4171-ac0b-4bcc09bb60d4,2024-03-28,Technical Support,AI Chatbot,1.47,Escalated,0.0,4,3.49,f6d41b6f-be96-4049-bb09-a6095d15502e,Kentucky,Mobile,False
0b38116e-f668-4bba-ba0d-1c5707eb57d1,2024-01-13,Password Reset,AI Chatbot,1.17,Escalated,0.27,2,3.97,db7b7a82-4d26-4889-8183-bdb5c0a54663,New Jersey,Desktop,False
190689f8-438f-475a-92fa-1a7c3b0ceae2,2024-06-17,Account Update,AI Chatbot,1.09,Escalated,0.18,3,5.89,b6282f7c-6c8e-48cc-858e-f3338ddd71fe,Oklahoma,Tablet,False
5fccf47f-4522-47f6-af40-494926f5ec25,2024-03-13,Billing Question,AI Chatbot,1.13,Resolved,0.76,4,1.5,e80d1158-f15c-4ca7-8735-0788d97ae227,Hawaii,Desktop,False
6981e4b6-b5d6-41e0-8fea-a490bf78afde,2024-02-15,Shipping Inquiry,Human Agent,8.58,Resolved,0.39,3,5.13,1f53508d-0333-4ac8-8eb8-c56b98e2b33a,Iowa,Mobile,False
95608b69-911d-45bc-9304-00bd985b093e,2024-01-07,Technical Support,Human Agent,4.92,Pending,0.98,3,7.02,f2b88e17-48ea-428c-8738-9a97fc463df3,Pennsylvania,Mobile,False
ca7fe766-3bd2-4aa3-99a8-986687b12e25,2024-04-04,Account Update,AI Chatbot,1.25,Resolved,0.52,5,1.85,89811267-eabd-4d56-8d75-9454fa4d1b9c,Tennessee,Desktop,True
d8b2096f-2c93-4e44-abda-26402d0c03b9,2024-02-28,Account Update,AI Chatbot,2.15,Resolved,0.15,4,2.78,fbca5bd8-7c60-4d97-bbd4-84f16947d805,Rhode Island,Mobile,False
9d51889f-462b-4f8c-b49f-0638e76c20ee,2024-04-25,Password Reset,AI Chatbot,1.1,Resolved,0.37,3,4.47,6b66393c-5e6b-4c67-90f7-b76619ab7576,Kansas,Tablet,False
af4293fc-4712-4c0c-a4f8-adf63e948b89,2024-06-16,Product Information,AI Chatbot,1.15,Resolved,0.5,2,0.11,d4da668f-39f5-47d4-9b5e-ae1b96847d76,New Mexico,Mobile,True
6b9bda62-e458-403b-87ca-8741f97316b1,2024-01-19,Product Information,Human Agent,5.7,Resolved,0.25,4,8.55,31180430-5e69-4832-a268-63ac2bd98bc2,Montana,Mobile,True
195ec53b-1fd3-4560-8171-93216bf2aef2,2024-02-24,Technical Support,AI Chatbot,1.18,Escalated,0.17,1,4.6,972ad02f-2d32-474a-b6e6-1012149d1e19,Alabama,Mobile,False
f1e60f60-7097-4ceb-a0c9-aca72ad1dd7e,2024-02-02,Product Information,AI Chatbot,2.19,Resolved,0.41,4,1.57,77d62f35-1c67-4d58-8fc5-78f513b5f602,North Carolina,Mobile,False
a87cd830-2fe4-4189-b409-ea5d194f50e9,2024-05-24,Shipping Inquiry,Human Agent,8.77,Escalated,0.11,2,5.62,9d3c60fd-1242-4b22-a078-68a2aa735ccd,Alaska,Desktop,False
353818fa-9abe-4944-a884-2b2fb147c8fc,2024-01-16,Shipping Inquiry,Human Agent,11.67,Resolved,0.68,5,6.45,aad5b996-c0c4-4147-8809-0385e96772f7,New York,Desktop,False
82408b86-84aa-4521-bbf2-56527fef9d29,2024-03-28,Account Update,Human Agent,3.65,Resolved,-0.01,4,7.92,6bfbbb90-21c8-4e4c-b31d-95f8b3e62679,Wisconsin,Mobile,False
4582c293-1042-45f8-9cdc-c9f8a6c6693f,2024-04-01,Password Reset,Human Agent,7.65,Resolved,0.14,4,8.33,9cd4224e-1dc2-4ebb-ad56-52756185b40f,Virginia,Desktop,False
f333a22b-39ea-4c8d-b024-da25b93e6e87,2024-01-14,Product Information,AI Chatbot,0.99,Resolved,-0.2,4,4.14,2bd2ae21-c473-4397-9d18-a442d6bdea64,Utah,Desktop,False
36ce1f66-4fd2-49f0-a864-12009e894333,2024-04-07,Account Update,AI Chatbot,0.7,Resolved,0.08,3,1.83,8cd987c2-4d5d-4308-91f6-89a49f22a58b,Minnesota,Mobile,False
a0f52826-dd54-4a79-a487-8481c6eb94c6,2024-05-23,Product Information,Human Agent,9.67,Resolved,0.15,4,9.2,4e43de7c-1bdf-4c1e-9c41-b5cc83464dd1,Oklahoma,Desktop,False
246e41c6-7b09-43db-9331-a3f4f33582ee,2024-04-23,Billing Question,AI Chatbot,0.65,Resolved,-0.04,4,2.42,38efbc05-4f13-41b5-9d69-411c0c857d19,Maine,Tablet,False
f5f5d444-136e-4ee0-8203-c1773af1c1a2,2024-06-08,Shipping Inquiry,AI Chatbot,0.46,Resolved,0.2,5,1.76,dfbe2fc9-f560-4295-9e80-aaf3387a8d60,Wyoming,Desktop,False
012c01f3-9830-4b24-96bd-142f9138f6ce,2024-01-28,Account Update,Human Agent,10.25,Escalated,0.67,2,8.95,1ee6e0a1-1eff-4ee6-a8b3-2e28f94a5d99,Montana,Mobile,False
b5920716-e29a-4d1a-b642-4a4946ca7c66,2024-04-23,Technical Support,AI Chatbot,1.5,Escalated,0.11,3,3.41,06269b38-7080-4065-b0df-0f24d074b877,Rhode Island,Tablet,False
0a79d130-d48a-4608-8e0c-e1f004032a45,2024-02-23,Technical Support,AI Chatbot,1.58,Resolved,0.62,4,3.28,4558e8de-f86c-4bdb-91fe-53e310de3499,Hawaii,Mobile,False
477852d3-0fd2-418a-81dd-71c34bdfc4f4,2024-06-02,Password Reset,AI Chatbot,1.1,Resolved,0.18,5,5.08,cec1364b-7ad8-40aa-b51d-dff81d1c77b7,Delaware,Tablet,False
dec4f3e8-c8ab-4ce9-ab61-858f57cdcaef,2024-06-01,Technical Support,AI Chatbot,1.49,Resolved,0.45,4,1.55,3f064ff9-1984-4dc0-8c00-dd8cbb0409df,Nevada,Desktop,False
e64805b8-955f-41a9-ac08-f33ce9c58c02,2024-06-10,Billing Question,Human Agent,11.47,Escalated,0.34,2,7.71,ca6808e4-361a-432d-ab9c-d2d30512fc39,New Hampshire,Tablet,False
2834fe9b-e811-491d-9a4e-9bad9eadcdd1,2024-02-03,Product Information,AI Chatbot,1.16,Resolved,0.06,3,1.78,c5b1a907-f928-475b-802e-22b3dd5de185,Ohio,Desktop,False
333dfe60-f65d-4afb-bfff-ee9f4bc5c6cb,2024-01-28,Product Information,AI Chatbot,0.85,Escalated,0.55,4,4.98,7968b9e7-d5e1-44c2-8797-bfeef2fa436e,Nevada,Desktop,True
16656359-1866-41e0-8eb4-b5f1be23d40f,2024-04-15,Account Update,AI Chatbot,1.79,Resolved,0.32,4,0.77,03137375-eef6-48fa-b640-9e05ac6f5472,Texas,Mobile,False
5a012ba7-646f-461d-8b58-d6c6bcc3dc01,2024-01-29,Shipping Inquiry,AI Chatbot,1.61,Pending,0.64,4,1.48,af443371-7852-4e7d-92b7-03601685ffc8,Iowa,Mobile,True
7b228df4-c29f-4256-9ea1-34909c1b88f7,2024-03-07,Password Reset,Human Agent,5.42,Resolved,0.57,4,7.71,67bb7b66-90b2-4107-9435-97c7b8c72a2c,Kentucky,Tablet,False
4e5a9065-dd9e-4e66-bbe6-b2ceb84fd400,2024-06-11,Product Information,Human Agent,7.84,Escalated,0.35,5,6.14,e9423d4b-d52b-4a5b-8fa4-204281f44b4c,Colorado,Tablet,False
d1096d8b-de55-4f82-b4fa-19e98540d906,2024-06-13,Technical Support,Human Agent,6.67,Resolved,1.0,3,6.26,0e200cd2-3caa-4aae-900c-56215a5b78de,Ohio,Tablet,False
df19ec4e-1abb-4ef3-8872-50d4436b058f,2024-04-19,Billing Question,AI Chatbot,2.63,Resolved,0.37,5,2.66,784e9419-b56d-49fa-9902-94fb26de73ef,Louisiana,Desktop,True
e86e65ef-b7b6-4dd8-aa94-17511e22b9ec,2024-06-12,Account Update,Human Agent,5.55,Resolved,0.62,3,8.74,eea91399-b57a-4722-806e-1b015dfa6c12,Rhode Island,Desktop,False
73203b8e-d8bd-4df8-a98b-b2f34a05d63a,2024-04-08,Password Reset,Human Agent,14.16,Resolved,0.32,4,8.95,45d18133-1de4-4c48-96da-b47cbe2c33ac,Alaska,Mobile,False
bd0d8872-31dc-4d79-8126-9efb32b1a839,2024-03-31,Password Reset,AI Chatbot,0.3,Resolved,0.05,4,5.66,7c993aa8-1283-435c-8677-beaae9c3469f,Delaware,Tablet,False
8226fb16-b9ce-4e4d-9a5d-470d88d26f1a,2024-03-17,Technical Support,Human Agent,6.28,Escalated,0.4,2,8.01,44fce400-acaf-4e6e-9721-646be0c8bde9,Pennsylvania,Mobile,False
a6e8872a-b884-4a3a-aa77-f62d0a267bdc,2024-01-08,Shipping Inquiry,AI Chatbot,0.66,Pending,-0.08,3,6.38,b0c777dc-f91b-4ed2-9bc4-ece3782bf46e,Maine,Mobile,False
5589f74d-5569-479d-8939-b5d48de800f3,2024-06-20,Account Update,Human Agent,8.93,Escalated,0.16,2,6.83,8820cc1f-7a97-4272-a784-f82fd6714e0c,Missouri,Tablet,False
4439436b-c823-4876-97d9-8587d64b9b37,2024-03-12,Password Reset,AI Chatbot,0.46,Resolved,-0.23,4,5.47,71999866-b395-47e3-9dcf-b8f5076a467d,Tennessee,Mobile,True
52b117a0-c403-4a51-bda4-4066eaa9d6c0,2024-02-11,Account Update,Human Agent,5.32,Resolved,-0.28,5,7.65,11bcad73-27cb-4a9e-b201-abfde9b9ae66,Colorado,Desktop,False
52247b26-bd53-443c-9879-c4f25b7ebe93,2024-02-21,Account Update,Human Agent,5.6,Resolved,0.27,4,4.67,2ee72b59-58d8-4de8-888a-ca09c476f81c,Illinois,Desktop,False
8b82c963-92c0-4f92-a972-d7b699d31b96,2024-05-31,Technical Support,Human Agent,7.39,Resolved,0.3,3,9.41,89eefc96-26e6-4cac-b060-7505a0c8c663,South Carolina,Desktop,True
fb2ab92b-e319-42bf-a710-72be2c74ce02,2024-03-08,Password Reset,AI Chatbot,0.57,Resolved,0.5,3,0.53,654a85d3-5fd9-4e8d-8e01-737e2b0229e8,North Dakota,Desktop,False
a650ec21-0a74-46bd-ba42-ae8a0b0a4692,2024-03-28,Shipping Inquiry,Human Agent,4.21,Resolved,0.27,3,7.66,da82d521-a1b1-4f82-970c-8937ba21e269,Utah,Tablet,True
434cf941-01ed-48cf-b8c2-e4fe84ccd657,2024-03-20,Shipping Inquiry,AI Chatbot,2.05,Pending,0.85,2,3.34,3988b4d6-361e-489d-88bf-9fd74698e46b,Louisiana,Desktop,False
8aef9961-f9ff-436b-9665-95c81b34e690,2024-01-10,Technical Support,AI Chatbot,1.68,Resolved,0.31,4,1.47,60b1a7df-6c9a-4b57-9bf9-5b53cbf6e5be,Florida,Desktop,False
716b235a-a61f-4674-a8e9-a96dc2eed659,2024-05-31,Shipping Inquiry,Human Agent,8.93,Resolved,0.97,4,9.09,5b3a976e-385f-43ab-a862-c8da1ede56a5,Nebraska,Tablet,False
6b5311f9-1bed-4f4c-b9b9-eae4a94ada75,2024-03-29,Product Information,Human Agent,9.6,Resolved,0.72,4,4.97,0d1cfa78-c16d-4e6f-8669-837d9b164720,Nebraska,Tablet,False
9f178776-ca36-422e-9e09-25ef9e8f11fd,2024-04-18,Technical Support,Human Agent,7.08,Resolved,0.27,4,6.64,7f57d4be-c401-48d3-9cd8-9b07748bedad,Massachusetts,Tablet,False
f8b69469-ecf6-4fca-ad8b-e8557ad29ddd,2024-05-05,Technical Support,Human Agent,8.12,Resolved,0.49,3,7.51,0e6fab27-8420-4a23-bb8b-b286947bc7f4,Georgia,Desktop,False
ac8f9389-e55f-445c-9fde-47d4978ce41e,2024-05-19,Product Information,AI Chatbot,2.43,Resolved,0.19,4,3.1,57e3726b-a823-4268-bd26-15f02027bcfc,Arizona,Mobile,False
a0d377da-3b54-419c-a132-1ad824a1abd6,2024-05-23,Account Update,AI Chatbot,1.22,Resolved,-0.1,3,5.14,dac18f0f-4f95-4f46-8647-c4a873ed1f2a,Virginia,Desktop,False
693c250e-2266-40c0-b2a3-d9e6edaf675a,2024-03-28,Account Update,Human Agent,10.56,Resolved,0.5,4,5.53,ba511017-2d9c-401a-81d5-f64580e02dd5,Wyoming,Desktop,True
6e571dde-44d2-4a08-a747-a3054226fbaf,2024-05-02,Account Update,Human Agent,10.19,Resolved,0.37,3,6.77,7dbbaf76-a2ba-47da-930a-93c61d26f239,Kansas,Mobile,False
05a883b2-3061-4b3e-b348-5f0f8e8153b4,2024-03-06,Billing Question,Human Agent,8.21,Resolved,0.76,3,7.17,4fb2ccd4-e2fd-4066-982b-b2df37ce0f85,Delaware,Mobile,False
b0fff0e2-25f8-420b-98a1-ec7225dbd0ae,2024-06-21,Billing Question,Human Agent,8.12,Resolved,0.67,4,8.02,921407ad-30d9-4b4f-9d56-3379574e7a3b,Alabama,Desktop,True
31fafc87-ff8b-47f5-a890-e6f80fdb67d3,2024-05-08,Technical Support,AI Chatbot,2.3,Resolved,0.93,3,3.44,409b13e0-5b18-47af-8b6e-38d673704c61,Oregon,Mobile,False
ae2eed8e-e40a-47d5-9423-ec404af3084e,2024-05-28,Product Information,Human Agent,8.46,Escalated,0.58,3,7.06,9ef87b4c-9f38-472e-ae7a-7ae98c50be3a,West Virginia,Tablet,False
1cbd7cad-e28c-48eb-b82b-fa621c344ee4,2024-06-09,Password Reset,AI Chatbot,1.73,Resolved,0.18,4,3.7,263a9c95-c62f-4886-ace6-a0b1d9e5dffa,Iowa,Mobile,False
c661d142-2fe1-41b3-a4ab-23bc86c6f825,2024-05-17,Account Update,Human Agent,13.09,Escalated,0.0,2,7.49,fd225d49-3565-4708-91f4-ed5b05d009a7,Illinois,Mobile,False
6f507518-9e3d-4a16-bdd6-251b4288fa63,2024-04-15,Product Information,AI Chatbot,2.05,Pending,0.13,1,1.73,c90613fa-befb-4a7f-abfc-f8af13e24b32,Vermont,Desktop,False
0d14cbd2-d2f4-4cba-b245-13feef803652,2024-04-25,Shipping Inquiry,Human Agent,9.08,Resolved,0.81,2,8.1,fbc2c747-7ff2-4683-bf13-71f87485d57b,Hawaii,Mobile,False
3e526e57-2131-49d2-8fd6-6c4b2fbd1cf0,2024-03-26,Technical Support,AI Chatbot,1.41,Resolved,0.31,4,2.38,b30967b9-b260-4968-91b6-423437eace6d,Wisconsin,Mobile,True
b49eaa02-6cc8-434d-a2fa-aa4527139cdc,2024-01-06,Billing Question,AI Chatbot,3.25,Resolved,0.31,4,3.77,b55d27a0-7899-4698-a6fc-ee1ff9613cc4,Utah,Tablet,True
63b11195-1bab-4558-9bf3-104198e7c99f,2024-06-19,Billing Question,AI Chatbot,1.22,Resolved,0.11,4,3.59,4a73245c-2411-4d58-ad03-e33b0d295b1e,Missouri,Desktop,False
52539fb7-6b81-4cee-832a-b39ef274a571,2024-06-24,Technical Support,Human Agent,4.7,Resolved,0.72,3,7.94,62d15184-0e05-404d-aadf-7441070ee11b,Wisconsin,Desktop,False
f42af2fc-d326-41bd-8f88-b4c8f6a54b62,2024-02-17,Billing Question,AI Chatbot,1.29,Escalated,0.66,2,2.99,4e4911f7-c40a-4105-a4aa-d91dda7163dc,Missouri,Tablet,False
6e28c906-e8a6-4f3d-babf-0ba064cc4a17,2024-03-04,Technical Support,AI Chatbot,0.74,Resolved,0.09,5,4.08,872daabc-952c-46e7-9439-df5ca08646ea,Idaho,Mobile,False
160df05e-48d5-4446-8d20-c1f4dedf673c,2024-03-08,Product Information,Human Agent,8.92,Resolved,0.35,4,7.31,24addc51-5018-44b6-b830-507a6e1b357d,Maryland,Desktop,False
7e38bc8e-d199-4fd8-81f5-4861d2e88eca,2024-03-31,Password Reset,AI Chatbot,1.37,Resolved,0.19,5,2.91,303b780a-4d40-4639-bf65-464fabae55a8,Kentucky,Mobile,False
30dc1862-dbae-499a-a3b4-a7309db1a17f,2024-05-13,Technical Support,AI Chatbot,1.98,Resolved,0.52,5,2.4,b6baa469-9b71-483d-b504-b70e83b61e16,Mississippi,Desktop,False
62f3f644-85a7-46f0-91cd-5edc3f954f9e,2024-05-25,Account Update,Human Agent,9.93,Resolved,0.48,4,6.85,96f14e01-8da3-441e-ae06-60cb7109c98f,Virginia,Mobile,False
be239f26-48d2-49eb-b9a7-f312d3b2e438,2024-05-28,Password Reset,Human Agent,10.08,Resolved,0.34,3,9.83,7d99a93b-4026-4e9f-bb71-61e384d4556d,Washington,Mobile,False
cb8b9e92-f10c-4339-88df-087de86a7fcd,2024-02-21,Technical Support,AI Chatbot,2.51,Escalated,0.46,4,4.52,a5a3eb37-8da9-44c9-bab0-23b3dd588a3c,Wisconsin,Tablet,False
f40b3f97-0b9f-4502-b4ea-7e5bb6da5455,2024-03-13,Password Reset,Human Agent,1.92,Resolved,0.54,3,6.8,d2ea04ed-1ab7-45b8-933c-9923d0d3f522,Maryland,Tablet,False
1270c5c6-fdc2-4a08-94cb-12abb3758013,2024-02-25,Product Information,Human Agent,7.05,Resolved,0.38,3,9.86,472062d9-bb53-41e3-94fb-f8240b8424d9,North Carolina,Tablet,True
13e9271f-5b40-448d-89d3-7bb38492d2b4,2024-04-26,Product Information,AI Chatbot,1.44,Resolved,0.1,5,1.23,ff76d07e-ea5a-4518-8b13-1dc503895e05,Minnesota,Mobile,False
9344fcc3-6759-4113-a547-8abe7761126c,2024-02-24,Product Information,Human Agent,7.08,Resolved,0.27,3,5.5,dd4f6ec7-80d1-4846-a703-ae443cd2189b,Arizona,Tablet,False
46cca2c8-5c16-40be-8085-1ce416bf309c,2024-02-09,Shipping Inquiry,AI Chatbot,0.31,Resolved,0.06,4,1.91,3c1efc8c-3bf6-4e9b-92c5-3288cad737a2,Missouri,Desktop,False
a977b95f-7f10-4a1b-8b9e-b6ed1d1b40a4,2024-01-05,Product Information,Human Agent,9.91,Resolved,1.0,3,5.95,65ec001f-f7da-43e1-bb70-1064175fb16d,New Mexico,Tablet,False
8dd451b9-4b9d-49d1-bb01-fd27af0e72e4,2024-03-20,Shipping Inquiry,AI Chatbot,1.27,Escalated,0.42,3,1.14,c85c5193-b726-498a-9bc1-374bc558823d,Arizona,Desktop,True
663e173e-956e-4187-9bc0-f008d25f37fe,2024-02-25,Product Information,AI Chatbot,0.56,Resolved,-0.16,4,2.84,6ce8eeca-50a4-4ec9-9875-aacd6f794648,Missouri,Desktop,False
b45bd5d1-8f58-42c7-acc8-b9c50465f5b3,2024-03-28,Product Information,AI Chatbot,2.11,Resolved,0.62,5,4.82,8a8bc89f-0c58-4e45-ab21-7ba3b020d5d4,Wyoming,Mobile,False
f9cd63b6-2c34-479a-958e-fdc16e82b926,2024-02-27,Product Information,AI Chatbot,0.73,Resolved,0.3,3,0.9,b8e57b5d-1898-4617-aba7-c7512691ab2e,Missouri,Mobile,True
e803bc05-49e0-4986-aeb3-7ca36165e079,2024-05-24,Account Update,AI Chatbot,0.53,Resolved,0.05,3,2.6,3d2052a2-f2b2-453e-9fdb-1862de041e52,Oregon,Mobile,False
386c67eb-f7d6-48fc-8ea7-d2a0b786e81f,2024-05-18,Account Update,Human Agent,5.82,Resolved,0.16,2,5.09,14183a5b-aaee-4eaa-8852-54ae41d17c9e,Hawaii,Mobile,True
785cf945-201a-4e42-8eda-5c95d0433bb2,2024-04-19,Technical Support,AI Chatbot,0.96,Resolved,0.69,3,4.34,7841aca8-20b0-4b31-9605-6d69362aafe0,Missouri,Desktop,False
64c9bb17-0355-490b-8326-306ea0c3fec2,2024-04-17,Account Update,AI Chatbot,2.53,Resolved,0.04,3,3.0,890a628d-272c-4f67-9580-23a93f7d52a3,Connecticut,Tablet,True
a698c39a-13ac-416f-99e4-62614215cec7,2024-03-23,Technical Support,Human Agent,5.94,Resolved,0.09,3,4.82,33311b39-61eb-40d9-aefd-1fddf00cbce6,North Dakota,Desktop,False
f3915d57-2977-4733-88b9-043cd341240d,2024-05-13,Billing Question,Human Agent,3.88,Escalated,0.52,2,7.07,28c255cf-7a30-4088-812a-42993b6f6a8d,Hawaii,Mobile,False
d700d798-83ce-4492-8b2e-4c1c7ccdbd93,2024-06-22,Password Reset,Human Agent,2.94,Resolved,0.66,4,7.32,0355d236-9166-4d28-896b-b24164b44078,South Carolina,Mobile,True
6519331a-bfd8-4615-ab89-276c60fa7502,2024-04-20,Shipping Inquiry,AI Chatbot,1.77,Escalated,0.72,2,3.01,2b609dde-af97-4e49-b3ca-0b8760f23e34,Delaware,Tablet,True
74665d2c-fa4b-471a-b4cf-7d7b7e8ab2ab,2024-02-02,Account Update,Human Agent,4.36,Resolved,0.4,4,9.32,f897e6e1-eabd-43e2-9495-6c36d27b3651,Utah,Mobile,True
0a78da99-5e2c-44e0-bdba-b97c79c3fdac,2024-04-05,Shipping Inquiry,Human Agent,5.65,Resolved,0.61,3,7.56,0f0f3e6d-0434-4125-8219-fdb31e60545c,California,Tablet,False
c061f363-3c60-4da9-a823-0fe580d63993,2024-05-10,Technical Support,Human Agent,11.69,Resolved,0.51,4,7.31,d1d8ef46-6166-473b-8c80-9cb1695ee5ef,New Mexico,Desktop,True
442d46eb-581c-4039-bd82-f1123f2b4fe7,2024-04-02,Billing Question,AI Chatbot,1.66,Escalated,0.4,3,0.87,fd977265-834d-41f4-9db7-6b61691cfe94,Indiana,Mobile,False
e18a87a3-ff66-4ac9-a198-0c5cf2ae4a71,2024-01-01,Account Update,AI Chatbot,2.18,Pending,0.76,3,3.8,6aa87e19-2eec-47a0-afff-0ff6dec96be7,California,Desktop,False
f0ee332b-2e9f-439a-b614-6dffd77c75ef,2024-02-14,Billing Question,AI Chatbot,0.8,Resolved,-0.05,3,4.36,2ce54bc5-1861-4a7f-872b-cc621f9189ef,Michigan,Desktop,False
4b47a911-1ff9-4bea-9a8d-69861e72de75,2024-01-01,Technical Support,AI Chatbot,0.65,Escalated,0.14,2,1.66,c4b9bcf6-1681-4f6e-920e-babe7e77d0a2,Minnesota,Mobile,False
5db2d784-9f4f-4f18-87d7-4c18be33ee18,2024-05-10,Technical Support,Human Agent,7.18,Resolved,0.81,4,7.37,fde4d5f9-9514-46c9-8f51-8a65acfa5b17,Delaware,Mobile,True
c0ca2bbb-4009-41ca-88f9-e9660365b631,2024-01-05,Shipping Inquiry,AI Chatbot,2.29,Pending,-0.33,2,6.36,27dbc9f9-362c-4440-a94c-06faccd915d3,Kentucky,Tablet,True
bbf3db28-ff7e-48de-8ea0-a1a8704aa474,2024-03-14,Account Update,AI Chatbot,1.52,Resolved,1.0,3,4.93,dbaed503-1cdb-45ee-ac8b-20c6acb2b886,California,Desktop,False
b46024e6-4d63-4542-914a-c7044c644edf,2024-06-06,Product Information,AI Chatbot,1.41,Resolved,0.76,4,4.22,ff92e046-74a6-4973-a339-847d5161f9f4,Wyoming,Desktop,False
f689c9fe-ad88-4230-81e1-4f1954bd741d,2024-03-10,Account Update,Human Agent,6.65,Resolved,0.38,2,5.28,49bc1eed-1138-4b34-97f2-dac3bfc09f92,Washington,Tablet,False
a47c2e02-9faa-4da9-b891-38e3d282b8f5,2024-01-06,Shipping Inquiry,Human Agent,6.4,Resolved,0.52,3,8.79,9603e85e-629e-46c8-b6fc-b00685ebcf97,Alaska,Tablet,False
be02c965-ce96-4894-9336-be6592dc3900,2024-04-23,Technical Support,AI Chatbot,1.85,Escalated,0.08,3,2.35,3e3ce149-47ed-4dfc-aae8-4bb18f143dd7,Colorado,Mobile,False
dec7a67d-8ae0-4982-99e1-280337f3c385,2024-05-12,Product Information,AI Chatbot,1.17,Resolved,0.31,4,1.05,267ffe7c-be63-43a2-acb6-5427d1495f29,Pennsylvania,Mobile,False
128f5fa8-af08-4e5c-97d0-7e18c4c41828,2024-03-14,Billing Question,Human Agent,3.01,Resolved,0.88,3,7.04,065c002a-d50b-4df8-b26a-8226586d24fc,Louisiana,Tablet,False
d92831ac-af71-4506-9abf-fbaaeebfe3ba,2024-04-18,Billing Question,AI Chatbot,1.29,Resolved,-0.04,3,2.18,5340b619-e7ce-4229-b778-3a0361aee70e,South Carolina,Desktop,False
4c6bab1a-4458-47c8-8884-4c9443c67689,2024-04-07,Billing Question,AI Chatbot,2.43,Resolved,0.22,4,4.3,54391537-cd3b-4b8a-9d0a-170eab49f5de,Hawaii,Desktop,False
1ba3b6c0-bbc6-42ae-ba3d-e8abfc30d7c0,2024-04-11,Technical Support,AI Chatbot,1.69,Escalated,0.77,2,-0.36,c5722420-a67d-4698-ad1b-ae24fa775e9a,Louisiana,Mobile,False
585e0435-9b92-46d0-9c02-bcbf978338cd,2024-04-28,Billing Question,AI Chatbot,2.39,Resolved,0.25,4,1.82,89bcff0e-d5cd-4863-aabb-7d46c4f6fa4e,South Dakota,Desktop,False
e7858e7f-4d54-4e0a-838c-1fb864dd4ffd,2024-05-27,Account Update,AI Chatbot,1.43,Resolved,0.11,4,3.53,3729c2cb-4edd-4743-b8a7-17b7cd1764f3,Iowa,Mobile,False
92b23016-5ae6-4e08-b071-311b593cf06c,2024-04-05,Product Information,Human Agent,6.7,Escalated,0.55,2,7.34,5254c844-a474-4259-b3e5-9996587d9834,Alaska,Desktop,False
9fcf97a5-27b6-4b85-b30f-1a2c7135048e,2024-03-01,Billing Question,Human Agent,7.3,Resolved,0.36,3,7.9,9d9106c0-c938-48ea-9cf2-c878d6c1ecd6,Oregon,Desktop,False
7c8420d7-a285-4e8f-b042-64de852ebadd,2024-05-01,Account Update,Human Agent,5.49,Resolved,0.23,4,8.13,c604087e-8a53-42f9-b165-4017da64b110,Vermont,Desktop,False
712eafbb-64c6-4ed4-9ebc-01f97e4f98e2,2024-01-06,Technical Support,Human Agent,11.73,Pending,0.04,2,6.82,10fb0ceb-0922-4a95-a6cf-7ccb181ce6e6,New Mexico,Desktop,True
b09dff9e-5eef-4696-8928-ebde6fc5b8c0,2024-01-13,Product Information,AI Chatbot,1.8,Resolved,0.2,3,2.29,d98c9f38-8a7f-4237-b38e-f7f9b645b54e,New Hampshire,Tablet,False
c94ebc04-4259-4bed-83e9-8c5cfdd1118a,2024-04-25,Billing Question,Human Agent,9.55,Escalated,0.01,3,7.1,c8b9f2bf-f7a9-498f-9394-0dcddf9c9bf0,Alabama,Tablet,False
75687aa5-a647-493a-bcd8-1050d91e2fb8,2024-05-04,Billing Question,Human Agent,9.09,Escalated,-0.2,2,5.39,320e846f-5971-4c92-9925-da83bf63dd4e,Wyoming,Tablet,True
54efe456-aabb-48b1-8779-ff952ca17554,2024-05-23,Product Information,AI Chatbot,0.81,Resolved,0.13,5,4.31,b48134d5-17be-4286-b8d6-0a779e68b0c7,Wisconsin,Desktop,True
3d6e7fe6-b429-4cca-ab7f-db9f9d709460,2024-06-23,Product Information,AI Chatbot,0.94,Resolved,0.17,4,2.46,9758ed37-f6ec-4ffc-8e5a-c1540c55d573,Ohio,Tablet,False
a9e455e9-f725-4087-aba3-789414d12e54,2024-05-06,Shipping Inquiry,Human Agent,7.78,Pending,0.53,2,6.26,d6f69a11-6fb9-468b-b0ea-aecaf120e7ce,Hawaii,Desktop,False
1a3ad5b5-44b1-45e7-a2ce-d5c3fc912100,2024-04-23,Product Information,AI Chatbot,1.36,Escalated,0.44,1,2.86,02525ba8-dc1f-4874-b92f-0151d217be80,Minnesota,Desktop,False
1eac5b13-dd96-4e4a-90b3-9e30656b2482,2024-02-16,Technical Support,Human Agent,9.29,Resolved,0.46,3,6.34,612f1e9a-1eac-4a03-b6ed-85bc4e3dd6cd,Maine,Mobile,False
c1fedc09-8283-4559-aac0-a51d374bdded,2024-05-31,Product Information,AI Chatbot,0.46,Resolved,0.44,4,4.86,e063623a-70a0-4a26-acec-b37cd67186b9,Iowa,Desktop,True
e80d48b0-9427-446b-bd34-36dcbd9c23fc,2024-04-29,Technical Support,AI Chatbot,1.71,Resolved,0.35,3,3.83,6c539ec2-d4b9-47ed-b1f1-12a07999ba73,Mississippi,Mobile,False
a8949987-8d73-44fa-b13f-31ddcd71ac78,2024-02-17,Password Reset,Human Agent,7.55,Resolved,0.57,3,9.89,146f4e8e-fe81-4a1e-904f-af4ef1d461b7,California,Desktop,False
0fb657ef-1a03-4c57-9454-e83265a8b484,2024-01-03,Password Reset,AI Chatbot,1.1,Escalated,0.53,2,-0.28,f7df8521-56de-4d3f-9a11-44c75e68d52f,Illinois,Desktop,True
980d20b1-1e47-4dad-a99a-b8251c0a6058,2024-05-13,Shipping Inquiry,AI Chatbot,1.45,Escalated,0.31,4,2.71,546f0e1e-3d6a-4ecc-9bab-6f30c29be31a,Connecticut,Mobile,True
7f140430-b2d7-455f-9a8d-955e1a815f17,2024-06-20,Billing Question,AI Chatbot,2.72,Escalated,0.46,1,1.42,d17378dd-3316-4157-90e2-f49e0dcf6abc,Arizona,Mobile,False
8c51e02f-7f30-4de6-b98d-c2e942f90237,2024-02-12,Account Update,Human Agent,8.86,Resolved,0.23,4,7.27,a6680193-2209-476a-9045-bb2891bf2070,Massachusetts,Tablet,False
822c9c86-93cc-4e3d-b1c4-a39133258b2a,2024-03-12,Account Update,AI Chatbot,2.48,Resolved,0.38,4,3.63,4bd59fe7-5ce4-45c1-a7e2-94cfe5478ebd,Texas,Tablet,False
b4be5323-3ed2-4969-be2e-b290d9237603,2024-06-02,Technical Support,AI Chatbot,1.57,Pending,0.11,3,3.99,84fc65f4-8ddf-4b6b-81e5-cd3b21fb82a5,Massachusetts,Tablet,True
e561202e-39d0-427a-9fc2-abd12dadb457,2024-06-28,Account Update,Human Agent,7.12,Resolved,0.67,3,5.69,60d83c01-00e7-454c-af0d-267e13fb972f,Vermont,Desktop,False
09d6d731-1005-4b90-823c-ee7e4dabf133,2024-05-24,Shipping Inquiry,Human Agent,8.71,Resolved,0.3,4,5.99,e65c7c75-8e6f-410e-aa4e-0a191bb21e30,Oregon,Mobile,True
1dfc8ed6-3cad-4d87-b17c-712daabd3e9f,2024-01-04,Account Update,AI Chatbot,2.39,Resolved,0.29,4,1.53,8ff68ccd-4c60-47b1-828c-f09605f92868,Alabama,Mobile,True
a63be27b-ab30-4e7e-b841-d11ee8c78989,2024-03-06,Account Update,AI Chatbot,1.56,Pending,0.2,1,3.48,41a8f248-98d1-4c78-bafb-850c222695d4,Connecticut,Mobile,False
f6161981-e21a-4951-967f-1c0d4df0c710,2024-01-14,Billing Question,Human Agent,6.0,Escalated,0.02,3,6.27,60a054a0-b0ef-43de-90ad-73bb3dcac3b6,Wisconsin,Tablet,False
6c05ba8f-bf59-4f89-be69-d23d06cd8b67,2024-01-15,Billing Question,AI Chatbot,2.3,Resolved,0.06,4,4.75,8b9bf873-3719-43a7-b9d9-2cb54306ae12,South Carolina,Tablet,False
52abac52-025c-4b67-813f-271cb753209c,2024-03-23,Account Update,AI Chatbot,0.4,Resolved,0.42,3,1.72,f9dab416-9324-4586-b568-3a455789c3e1,Pennsylvania,Tablet,False
79f832a7-c4d4-498b-9dca-8b5425fa89a1,2024-03-04,Billing Question,AI Chatbot,1.27,Resolved,0.71,3,2.06,7e67af48-5431-4cb6-9c3c-7dfb4e4a7adb,New York,Desktop,False
753dbb49-5bbc-4fcf-8e18-20afe46b4779,2024-04-19,Password Reset,AI Chatbot,0.81,Resolved,0.12,2,3.67,5d0c79bf-2149-4a1a-b0c8-eff77306ff5d,Hawaii,Mobile,True
415a95fe-d9a5-4c3b-ab9b-02736d3b1fe5,2024-01-13,Shipping Inquiry,AI Chatbot,2.07,Resolved,0.49,3,1.33,a8486205-ffc9-4979-8a7f-08a2feb372c4,Minnesota,Mobile,True
55faa402-7675-4793-a9d7-08f46ae13bb2,2024-02-07,Billing Question,AI Chatbot,0.72,Pending,0.24,3,2.4,b1fa6bee-0c5d-4604-aea3-adc7c6f6cc39,Michigan,Mobile,False
0d7784d4-e6fd-49a2-851a-c213347ee9a5,2024-02-18,Password Reset,Human Agent,8.01,Resolved,1.0,3,8.71,9dce349c-3b98-4870-a383-a15b215dcbb4,Missouri,Desktop,True
6ff2f2fa-0450-479b-8a76-93898e46346d,2024-04-14,Shipping Inquiry,AI Chatbot,0.82,Escalated,0.32,2,1.85,34a83326-cb6d-4f00-9374-b1e427b118fb,Kansas,Mobile,False
497cf6fb-bb48-4517-b445-da3612a0c037,2024-03-13,Billing Question,Human Agent,6.88,Resolved,0.74,4,7.74,b2b257bf-9f04-40cf-9eee-fa3d0a614c2c,Minnesota,Mobile,False
38add721-0ddd-4be3-8a1a-61d0bb4fbd7b,2024-05-25,Account Update,AI Chatbot,2.07,Resolved,0.23,5,2.1,7d90af8e-d0ba-4fe2-a0a7-56c405336b2e,Mississippi,Tablet,False
e3fe0ee0-98ff-47cf-ac60-3c3fab116150,2024-05-09,Technical Support,Human Agent,2.55,Resolved,0.49,3,8.4,b3359a77-af42-4bd9-8c2d-c8effa963967,Louisiana,Tablet,False
4522e7f0-752a-4732-90d4-0f8d62b65b27,2024-01-01,Account Update,AI Chatbot,0.9,Resolved,0.31,3,1.98,b074c9cf-1455-46b5-b6ce-a685ac2e9d1b,Alabama,Desktop,False
f080bfd3-35b7-42e3-ba06-e8ac41ef2221,2024-05-14,Billing Question,AI Chatbot,1.27,Resolved,0.13,3,0.34,38995308-0009-4997-a134-16bfaadf9489,North Carolina,Desktop,False
b920f49d-0daa-4ccd-bfb4-fa6aa2e70cfe,2024-06-10,Shipping Inquiry,AI Chatbot,1.54,Pending,-0.01,1,1.59,57e882b2-d32b-4f95-95b8-0f9a448f589a,Massachusetts,Mobile,False
eb3187c5-1ff5-4d9c-aeab-5d27ec993282,2024-05-12,Password Reset,AI Chatbot,2.35,Escalated,0.34,2,0.26,2f56f687-ea84-46a6-b742-1696e56c150a,Montana,Mobile,True
da39cd66-b918-449d-9486-35e59a71b584,2024-04-17,Account Update,AI Chatbot,1.37,Resolved,-0.21,4,3.39,8093905b-0fd9-4ce0-8f79-f3f1057fd8da,West Virginia,Mobile,False
698291a4-ec80-48eb-b498-ce42e3b16609,2024-04-05,Technical Support,AI Chatbot,1.83,Resolved,0.12,5,2.82,f7a6f8e6-8714-433a-8b6c-5c91e8de5883,West Virginia,Desktop,True
37734273-d42d-4678-8116-a453d03e055e,2024-01-18,Shipping Inquiry,Human Agent,6.05,Resolved,0.57,4,6.63,f0776db4-310a-4d27-81ed-600e0914f18d,West Virginia,Mobile,False
e1f18144-1074-471d-b208-63f3e991d2c3,2024-06-25,Password Reset,Human Agent,12.36,Resolved,0.22,3,8.5,51211027-2fd9-4050-8799-2b36d3d4bf54,Colorado,Tablet,True
eaa7f3e2-1784-4e76-884a-1100a903f02e,2024-02-08,Technical Support,Human Agent,6.6,Resolved,0.22,4,10.26,2edda867-7eba-4a75-b1bb-270734cc68e5,Nevada,Desktop,False
37ab1508-3b9c-41d7-9a35-68f2f663d5a0,2024-04-07,Account Update,Human Agent,12.25,Resolved,0.41,3,5.99,604b5dfc-b4d8-4dce-bf91-8bb95c31d31a,Hawaii,Mobile,False
7093c3e3-2590-42a9-b9a9-303044e38e75,2024-03-12,Account Update,AI Chatbot,1.63,Pending,0.53,3,4.49,061f6818-0faf-46aa-9397-b3fe656b555c,Louisiana,Desktop,False
a43f8a5f-89d6-471a-88fc-292274e256fe,2024-01-04,Password Reset,AI Chatbot,0.2,Escalated,-0.03,3,4.93,d69a447b-b921-42e3-b54f-243c5458308f,Hawaii,Tablet,True
8194714b-e2ce-4afa-b28e-69e93c4f222f,2024-04-22,Shipping Inquiry,Human Agent,5.61,Resolved,0.14,3,10.34,3c851261-9ba4-4bf4-88d7-53239952d978,North Carolina,Mobile,False
cf3e71a3-6c35-4ece-9e5a-e0b3f71f637a,2024-02-19,Password Reset,AI Chatbot,0.41,Escalated,0.9,4,2.94,9650854c-c5ba-49dc-b7bc-88fe711de9f8,Indiana,Mobile,False
a652ce4b-6380-4e1f-951a-530c557f213f,2024-06-17,Billing Question,Human Agent,8.27,Resolved,0.05,3,6.43,8b4ae40d-4e1d-4326-8dc5-84a8d431e913,Minnesota,Desktop,False
391e54ab-4d5c-483d-81fb-5b44501e3772,2024-03-24,Password Reset,AI Chatbot,1.6,Resolved,0.12,5,3.33,5b5db3d5-2acf-488f-9e47-41cac2c6dd0b,New York,Tablet,True
6cfd73c0-9cbc-4053-beec-10a3e474b017,2024-02-01,Shipping Inquiry,AI Chatbot,1.37,Escalated,0.34,2,4.92,6764ad93-ae14-4b86-a024-7d1f819d4bc7,Rhode Island,Desktop,False
3565ea80-6334-43de-a736-a223e728dd5f,2024-05-22,Shipping Inquiry,Human Agent,2.7,Resolved,0.05,4,3.42,a4adb30f-2353-4702-a7de-56cfa602294e,New Mexico,Desktop,False
4584e718-6b4d-4a82-b7dd-47a75a478d62,2024-01-19,Product Information,Human Agent,12.32,Resolved,-0.01,4,9.49,5ac98c58-0c3a-48b1-831a-6263c70c7398,Illinois,Mobile,False
ef9f8c41-de5b-4d25-ba45-c8570c5ad115,2024-03-22,Shipping Inquiry,Human Agent,11.06,Resolved,-0.11,1,4.41,6aa9ddee-4eb6-41e8-957d-d6bafc0e8e5f,South Carolina,Mobile,False
17c6c658-eddc-4d12-ace5-95be731552ec,2024-05-21,Account Update,AI Chatbot,2.7,Resolved,0.61,2,3.23,91337275-8347-46f4-a39b-68b8a93e8467,Delaware,Mobile,False
40d44c7f-a5d4-4f21-bcb1-fe3d8b1cacd3,2024-01-16,Shipping Inquiry,AI Chatbot,1.56,Resolved,0.74,5,3.71,e65b4ad4-38b5-40e1-9b2b-566e070d0f2b,Connecticut,Tablet,True
e88f4b8d-f023-4623-beb7-2067d482df9c,2024-02-26,Billing Question,AI Chatbot,2.15,Resolved,0.56,3,3.57,3e9d9796-5571-469b-844d-63541d90f9ab,Kentucky,Tablet,False
f17cfcb6-b709-4590-8d13-91c774e4a8f8,2024-01-25,Product Information,AI Chatbot,1.08,Pending,-0.05,4,1.42,b2a6c45e-fda0-475a-b6ef-fc350a5f8d7b,North Carolina,Desktop,False
30083a59-9b44-4869-9878-c5f500f99127,2024-03-27,Password Reset,AI Chatbot,2.7,Escalated,0.42,2,2.41,54ab78a8-3b2f-49ce-be86-04d0dfd1bdd6,Pennsylvania,Mobile,False
6a7c86f1-b56b-4af6-a1fe-54505c4ced56,2024-01-27,Shipping Inquiry,Human Agent,2.92,Resolved,-0.01,3,5.37,93f4a634-df50-4144-8e75-b5f3b1dc8b9a,Alabama,Mobile,True
184729dc-142d-44dd-b65b-3ec5f91a272e,2024-04-18,Product Information,AI Chatbot,0.97,Resolved,0.08,4,6.29,2b862f38-db91-4fd6-a78f-71e009447563,Arizona,Tablet,False
6f71d281-a30b-4eae-842b-0a4aff4114d4,2024-05-24,Password Reset,AI Chatbot,1.4,Resolved,0.65,3,5.73,4ea3d8f6-ce95-44f8-ba2b-0c94bd323348,Wyoming,Mobile,False
eb68e47d-e4a0-4d77-bd16-8ae0b8beade2,2024-03-02,Product Information,AI Chatbot,1.59,Resolved,0.48,3,4.06,ad8ea6c9-2069-4640-8567-8ad0ea2e8cae,Massachusetts,Mobile,False
2c865523-1a48-4b28-a880-e649e5df2f62,2024-04-03,Billing Question,Human Agent,10.87,Resolved,0.48,3,6.53,26549367-7c83-4934-9db1-bb34845a7d2d,Indiana,Desktop,False
2eb302f3-36f4-4dbc-a56b-6bcbcb428add,2024-02-03,Technical Support,AI Chatbot,1.69,Resolved,0.31,4,3.57,8f461687-4fe6-4568-a6ac-6f58e5357923,California,Mobile,False
61169d04-1b88-41b2-a27c-de3c52e47462,2024-06-19,Account Update,AI Chatbot,1.28,Escalated,-0.14,1,4.77,8d2caf1a-eea8-4f87-aacc-6a9517b222e2,Indiana,Mobile,True
7311bb98-4d1f-4bf1-b9d7-daf1f18fe684,2024-03-12,Account Update,AI Chatbot,2.38,Resolved,-0.0,4,0.43,150dce91-482d-4f67-adfc-216ca461c671,Rhode Island,Mobile,False
b9c24a2a-6508-4db4-b232-e0b9b268b377,2024-02-21,Password Reset,AI Chatbot,1.93,Resolved,0.46,2,5.13,ff25aa41-b6e1-40b4-bd56-cde264b8e0fa,Wyoming,Mobile,False
9fa215b2-6683-4bcb-a1a7-96b739da7e3e,2024-05-27,Billing Question,Human Agent,1.23,Resolved,0.3,4,9.35,9efad8b9-4056-4f3c-be60-7a2f6ac28449,Vermont,Mobile,False
edcb6030-a9e7-416d-8e14-ce63eda34b28,2024-05-05,Account Update,Human Agent,11.9,Resolved,0.88,3,7.21,8c3bdf89-91cc-41e4-8b25-35b0c1371b7b,Illinois,Desktop,False
8cb4a322-2ec8-4362-8c2e-77820515ccba,2024-05-24,Product Information,Human Agent,9.64,Escalated,0.12,3,6.73,97a96924-34be-4737-bb3f-661fa51af5f6,Maryland,Tablet,False
9e14c750-2a38-44ad-bfb0-9d0638779a37,2024-03-18,Password Reset,Human Agent,3.31,Resolved,0.24,4,6.23,d895108d-4607-40f3-8054-c23cf0b4a179,Wisconsin,Mobile,False
3e261d3e-b5cd-4b52-a4c1-ea88add949ff,2024-01-20,Billing Question,AI Chatbot,2.45,Resolved,0.13,3,2.31,09a80c48-a482-4140-b113-8ca2c626c843,New Hampshire,Mobile,False
62be0088-7785-4ba4-9caa-8c4927aa1314,2024-02-13,Shipping Inquiry,Human Agent,5.25,Resolved,0.31,3,6.21,516ace62-daed-4fb5-ae41-738239d6e1bf,Kentucky,Mobile,False
a87eecf7-31a4-4be0-8f4f-66023f78d4f2,2024-04-30,Account Update,Human Agent,9.26,Escalated,0.23,2,7.88,2296125f-9c39-4071-bfb6-f5db2b2304fb,Kansas,Tablet,True
580cb595-7595-4b05-a581-17f7b5a529ae,2024-05-05,Shipping Inquiry,Human Agent,5.75,Resolved,0.06,3,6.74,62f82a97-0123-43c6-9f85-58a2f44d89fc,Illinois,Tablet,False
3827759e-c68e-4fa4-93ca-097021ce59ca,2024-01-14,Shipping Inquiry,AI Chatbot,2.4,Resolved,-0.15,4,4.92,08dacf2d-6942-4946-97cd-778d072adba6,Alaska,Tablet,False
4323b2d4-1234-42a1-9ff1-4f94f139d631,2024-03-06,Billing Question,Human Agent,5.4,Resolved,0.21,2,7.63,ccac9ebf-e249-4b0e-846d-24b96936432f,Vermont,Mobile,False
8e5aec0d-1728-4efb-9665-52976d379d02,2024-03-04,Product Information,Human Agent,0.5,Escalated,0.68,1,8.98,36cf4f32-cb83-4225-bc20-6fd481d27f3b,Nebraska,Mobile,False
872c1b02-b1ca-4f94-8820-61fde1040525,2024-05-31,Billing Question,AI Chatbot,1.44,Resolved,0.35,5,2.18,c502be5d-ef2d-4e45-ac5a-9bb455d5d436,Arkansas,Tablet,False
067c5250-2765-48a8-a56a-2dc7385f170e,2024-05-14,Account Update,AI Chatbot,2.31,Pending,0.37,3,0.74,c28cbb65-7608-4ffd-9102-456c48b87ced,Montana,Desktop,True
b1285bc3-efc1-4db3-99ab-609044b484a3,2024-01-09,Technical Support,Human Agent,0.5,Resolved,-0.1,4,8.38,7cb0dc9c-f107-44f3-8d93-05d573418dad,Virginia,Tablet,False
feaabdce-aae0-4f37-a834-b38f86d8b118,2024-01-04,Shipping Inquiry,Human Agent,0.5,Resolved,0.24,3,6.01,4bb6a45a-a756-41ae-9576-9d49e5178ca5,Texas,Tablet,True
f4cff520-9549-4d06-b2b6-ad6b9d3da75a,2024-02-14,Password Reset,AI Chatbot,1.74,Resolved,-0.02,4,4.4,1916ea4c-612b-4bd4-9e18-b7c0295e8e42,South Dakota,Mobile,True
218fffcd-d919-4368-a635-e7aafad4ce55,2024-04-15,Product Information,Human Agent,3.5,Pending,0.62,2,7.91,3292348c-2598-4166-b79e-a5e59035ae05,Arkansas,Desktop,False
48262a8b-4cdb-4359-a385-128c7c4f7dcc,2024-05-04,Shipping Inquiry,Human Agent,7.05,Resolved,-0.08,3,7.98,2ea44119-3b3d-4df1-9c24-ab000c0ed9ba,Pennsylvania,Desktop,True
791e4fcc-ed7c-4445-b0b2-0a3ab41c1a61,2024-05-21,Technical Support,AI Chatbot,1.04,Resolved,-0.02,3,5.78,d00fc7c2-f382-4090-a5ca-aa857a6c7df7,Idaho,Mobile,False
efbf2ba3-f23f-4f12-b77d-2fbcb38a95b6,2024-06-13,Password Reset,Human Agent,12.93,Resolved,0.2,3,8.04,42d77411-ec99-4820-8223-a98a880af58b,Mississippi,Tablet,False
f909e504-3ab9-4365-9e6d-ed86ad15fdf3,2024-02-18,Billing Question,Human Agent,10.8,Resolved,0.12,4,8.26,4ea71cde-7868-4668-9b24-5e9319c87ed5,New Mexico,Desktop,False
0b0cf860-7d19-4afb-921c-8973cb86622b,2024-01-22,Shipping Inquiry,Human Agent,6.42,Escalated,0.38,3,8.66,52111457-1c24-4887-aeb5-0db82988e3a3,Indiana,Mobile,False
23f57ef2-00b1-4b13-aba2-a26afa92b859,2024-04-29,Password Reset,Human Agent,7.79,Resolved,0.01,3,7.86,59500f90-0eaa-481d-82c4-6fadf4cd4535,Oregon,Mobile,False
ccfcd4c9-1f10-4381-b88b-1b1972821d6d,2024-04-16,Shipping Inquiry,Human Agent,9.7,Resolved,0.3,3,5.22,30852601-98dc-4205-8803-0db90dc8afad,Pennsylvania,Mobile,False
98e54050-43ae-451f-92ab-71a7e525ef19,2024-04-23,Billing Question,AI Chatbot,1.13,Resolved,0.1,4,0.39,9c295767-a468-4477-a565-1ae5e86d1209,Massachusetts,Mobile,False
b6099306-1aab-4a7e-b51c-28dbc8fa7e7c,2024-05-23,Account Update,AI Chatbot,1.44,Resolved,0.25,4,2.3,b77140d3-d1d5-4e5f-b7bf-fe34fc499c31,Connecticut,Mobile,True
51096616-cbd8-4a5c-a246-1a6e8a6ade15,2024-03-21,Shipping Inquiry,AI Chatbot,2.15,Resolved,-0.09,4,3.47,6fd94b8c-e509-4e6b-b901-66b74e614766,Arizona,Desktop,False
199af4ec-c478-4e7d-882b-8427b09a1f58,2024-06-08,Technical Support,Human Agent,5.15,Resolved,0.34,3,7.23,c15e9a74-14cd-4716-be84-840f6791968e,Virginia,Mobile,False
cc58a7e7-f405-418c-8858-c98c453bda4f,2024-01-09,Shipping Inquiry,AI Chatbot,2.04,Escalated,0.68,2,-0.23,ab044bb4-9f45-4ad5-acda-1fb3fab0f636,Ohio,Desktop,False
82966b6f-7bcb-4d84-9a9f-5e0c5357a8e0,2024-06-10,Product Information,AI Chatbot,0.89,Escalated,1.0,2,0.77,440befb7-be6a-4865-ba11-a978a63159cd,Alaska,Tablet,False
f5d38108-2ac9-41ca-988f-4fff3387e8ee,2024-03-01,Product Information,Human Agent,1.48,Resolved,0.37,3,10.57,4e4b9cb9-d17b-4ff6-8232-961386ae2376,Wisconsin,Mobile,False
0a933c35-3999-40d3-82ab-c6e0e536bca2,2024-03-18,Password Reset,AI Chatbot,0.58,Escalated,0.88,3,5.41,bd2fca50-2623-4de5-91a1-fd96c5b875cd,Vermont,Tablet,False
753159b5-19d4-416a-924f-808e148a4824,2024-01-16,Password Reset,Human Agent,8.5,Pending,0.17,3,7.67,cbbb5012-7750-4ce2-90ed-1eba4797e17c,Connecticut,Mobile,False
8ff25ed7-03c3-472e-a0fb-c1bc7c1cf4e6,2024-01-23,Billing Question,AI Chatbot,2.47,Resolved,0.59,3,3.6,d2af45f8-b190-4bde-aa07-55740f037125,New Mexico,Mobile,False
b401bd5c-f300-4505-aed1-c6a6c108161a,2024-03-06,Shipping Inquiry,Human Agent,8.36,Resolved,0.23,2,7.96,35d1a47d-45c6-4a66-a7b7-229414cd23a7,Washington,Tablet,False
745c3124-a9c0-4102-8ac4-399a453396ee,2024-04-18,Shipping Inquiry,AI Chatbot,2.2,Resolved,0.42,4,4.31,84f61e98-8a0a-4f07-9f73-292f4af0282d,Alabama,Mobile,False
4f3ae5b9-1464-49a8-9b3e-0c7b8583c7dc,2024-02-26,Product Information,Human Agent,7.92,Resolved,0.38,3,7.24,cf996325-76cd-469e-a1a9-7e6ce4ad5efe,Missouri,Mobile,False
56f64e9e-1224-4d1d-8285-6ade77e44d8d,2024-05-12,Technical Support,Human Agent,5.65,Resolved,0.47,5,4.96,1737a255-006e-40fc-a002-76baba85b28a,California,Desktop,True
6d875497-8834-4037-8a0b-375be705a4a5,2024-02-03,Product Information,Human Agent,4.24,Resolved,0.27,4,8.13,03f080da-2e03-4442-b164-9ef4343d841d,New Hampshire,Tablet,False
a814cb81-f55b-4efe-a3e3-468786c8de53,2024-03-19,Technical Support,Human Agent,9.94,Escalated,0.5,1,6.92,4a090cf1-6d45-455d-b0a1-d052bb279976,Massachusetts,Tablet,False
1fc0e480-2d20-4091-8243-08092cb9d74b,2024-03-27,Password Reset,AI Chatbot,1.86,Resolved,-0.04,4,5.1,611b7703-04cd-471b-bcd2-37bab0a51d0b,Oregon,Desktop,True
2bc0b3ae-dad8-484d-a3e8-dacc04bd9cac,2024-02-24,Billing Question,Human Agent,6.87,Resolved,0.78,4,7.51,b5b6a31e-c5f2-42a9-b72c-b4901eea9b83,Massachusetts,Desktop,False
e38e5a17-702c-4d4d-977f-48dc508d9e9a,2024-02-20,Account Update,Human Agent,9.88,Resolved,0.58,4,5.43,8f931180-de37-4ec6-92cf-2f092269c67c,Colorado,Tablet,True
418820e5-61ae-4ef9-8f55-5dbbd2c79eae,2024-06-25,Account Update,Human Agent,2.51,Resolved,0.2,2,6.81,8139ac5b-6af7-4a8b-816b-ea343ef16ffd,Vermont,Mobile,False
2c1e2790-9032-47d3-a611-1a5be4ef5d56,2024-06-12,Technical Support,Human Agent,7.1,Resolved,0.97,3,8.2,fd6c2666-9f71-48bd-957c-ecb5a627c17e,Ohio,Mobile,False
36fb6728-3300-4056-b955-9b4181447522,2024-01-30,Billing Question,AI Chatbot,1.51,Pending,0.51,1,3.4,c949e34d-b8b3-4954-bdd9-2c84b493faaf,Arizona,Tablet,False
9a457aaa-f043-4279-9cbb-13e9d16501ac,2024-01-04,Password Reset,Human Agent,4.05,Resolved,0.78,4,4.06,c695a6bb-015c-40fd-bb2b-3b03a27e8edc,South Carolina,Mobile,True
05003dcd-6ced-4e76-bc5f-6a21c07ed626,2024-06-16,Technical Support,Human Agent,10.7,Resolved,0.24,4,6.94,05ca54c0-d30c-43f9-bed4-754e7f2f11d9,Ohio,Tablet,False
f92f93bb-b228-4f4d-9931-a72e335ce868,2024-05-30,Billing Question,AI Chatbot,1.8,Pending,0.04,2,3.17,c4a73417-ae3a-49a8-898d-402422238ac3,Michigan,Mobile,False
903ca1d5-8944-45ec-82b5-3c7e47fe1a9a,2024-04-26,Product Information,AI Chatbot,2.11,Resolved,0.73,4,1.98,6a4c1a9d-0349-4472-be91-2aaae6b46577,New Mexico,Desktop,True
15adfb49-e497-4039-90e2-e4c27433c155,2024-01-28,Technical Support,AI Chatbot,0.5,Escalated,0.98,3,4.07,3e964050-3e83-46f6-aeda-0417b1b0f0a8,Arkansas,Desktop,False
365d68e2-7b0c-404d-a3fb-828c29b61105,2024-02-23,Technical Support,AI Chatbot,0.46,Pending,0.3,1,4.34,0ba36932-8f0d-4247-9a0b-48b462ec5891,Pennsylvania,Tablet,False
3aa79c7c-9d92-467b-8031-4d43b24002d4,2024-01-24,Product Information,AI Chatbot,2.43,Resolved,0.34,4,1.25,ae5b10f5-c30b-4b82-b83d-0d1a5fa5d6fa,Maine,Mobile,False
d4efab47-07a2-4f09-a9ec-bf097c2ea85c,2024-05-23,Billing Question,Human Agent,8.72,Resolved,0.1,3,8.93,6934a596-910d-4390-965a-4ebee428a823,Virginia,Tablet,False
edbf3bea-3519-4fa1-9831-89adfa8a8fcb,2024-05-09,Password Reset,Human Agent,8.38,Resolved,0.18,3,8.3,593ba1c2-2b2c-42f3-b002-72bebfa51a1d,Louisiana,Tablet,False
af3d7a8d-09ac-4164-8cdf-44572bd1e449,2024-01-22,Billing Question,Human Agent,6.94,Resolved,0.25,3,6.03,31e287b0-988e-45ff-bd8f-b59fdd3d6abf,Vermont,Tablet,False
02432930-e1ef-4a59-bb25-0b4d9303d278,2024-03-08,Shipping Inquiry,AI Chatbot,1.1,Resolved,0.36,4,3.3,c2abcb27-0de7-4d19-8216-f17251001801,Alaska,Desktop,False
2e6b6384-d552-4996-9112-6ec7f48021a9,2024-05-16,Billing Question,AI Chatbot,0.2,Resolved,0.36,2,2.67,4f693070-2df6-4761-b057-c234515c31f3,New York,Tablet,True
9fd638b4-b39d-4e27-8889-89452f74fccc,2024-04-24,Product Information,AI Chatbot,2.2,Pending,0.23,3,5.36,aa714d51-2a6e-43ac-87b0-b872d5500013,Kentucky,Mobile,False
0b8e55bc-c4db-4e41-90dc-c272e200e9f2,2024-06-08,Account Update,AI Chatbot,0.69,Resolved,0.3,3,2.44,0a5b9a50-26e1-4563-a5d4-d526d710ac8a,Pennsylvania,Mobile,True
b8659fe0-a5ab-4a3b-bab5-cb7c5d6bd988,2024-04-30,Billing Question,AI Chatbot,1.77,Escalated,-0.17,3,5.4,1fe65c7d-1e7b-48be-aa89-1504633873fd,Oklahoma,Desktop,False
034ecf08-126c-4c86-9e9b-e40e117bd214,2024-05-08,Password Reset,AI Chatbot,0.85,Resolved,0.82,4,2.83,24d7143d-b62c-41b2-98ae-df7b50e7d19f,New Jersey,Desktop,False
6c552c98-4037-4c22-8538-ba9fc48b415f,2024-03-25,Password Reset,Human Agent,9.45,Resolved,0.55,3,3.97,637ea52b-a0f8-4a9d-8fa7-3c29338e76c1,Virginia,Desktop,False
d4746ae9-0181-4468-9477-2b7b0c25db12,2024-06-04,Password Reset,AI Chatbot,2.02,Resolved,0.38,4,4.56,ae895740-2c16-432f-ac2c-f2811e557505,Connecticut,Desktop,False
7ef8dd2c-f5be-4911-93cb-8d7002cd658b,2024-04-24,Billing Question,AI Chatbot,1.42,Resolved,0.15,3,3.48,1a0d9dff-5376-42fd-90be-c6f305fba7b4,Alabama,Tablet,False
67a10f8a-1772-463a-96b4-d87e64a72b4b,2024-01-15,Product Information,AI Chatbot,1.02,Escalated,0.2,1,3.25,775530f3-6339-433e-8ed0-b624bd8526cd,West Virginia,Tablet,False
aae06241-2c8f-45dc-a482-407bb7276c0d,2024-01-07,Account Update,AI Chatbot,1.46,Escalated,0.01,1,1.05,8d1ebde1-6ba8-4d6d-91f4-0f04f86f5bf9,Colorado,Desktop,False
a928c7ab-ba9b-435c-8631-3ed2ecb4b8c3,2024-04-26,Technical Support,Human Agent,2.02,Resolved,0.49,4,7.23,6584c835-a379-4dd1-8c8e-750cbc259172,Nevada,Tablet,False
2abb1fd5-0495-4606-b1a4-616b1c17e6e0,2024-03-25,Billing Question,AI Chatbot,1.47,Resolved,0.4,2,2.56,addf89c4-e220-4f20-bf98-ed3e3d136037,Wisconsin,Tablet,False
a43a253e-0a01-4ae7-92b5-764a006e25c1,2024-05-16,Account Update,Human Agent,7.14,Resolved,0.29,4,5.71,473cf313-ddba-4092-9702-fa5c53ef7058,North Dakota,Desktop,False
c45122a9-6c04-4181-ba5d-457d5aede2a7,2024-02-23,Password Reset,Human Agent,6.18,Resolved,0.39,3,6.74,ee3385f5-d693-4847-bd19-3d0f91f4bc41,Virginia,Tablet,True
3c4d169e-886f-49df-b5aa-4d097ba86368,2024-04-14,Shipping Inquiry,AI Chatbot,1.78,Pending,0.47,2,2.27,8ee0491d-5488-4a0a-9013-81fce58e4860,Montana,Desktop,False
7e9862c3-2e79-42a8-a619-e4cbbaf224ae,2024-03-09,Shipping Inquiry,AI Chatbot,1.86,Resolved,-0.12,5,-1.84,08ad5b6f-d5d6-479e-8f69-f8bef35ecda5,Illinois,Tablet,False
45f9b9a4-27b7-45d2-9bda-75e20daf191e,2024-05-17,Product Information,Human Agent,6.5,Resolved,0.11,3,7.18,f8eb461a-e4e6-4a92-a333-a86106153925,Nebraska,Mobile,False
8c43b5bb-1f13-4a56-acbb-9e060ec136b0,2024-02-28,Password Reset,Human Agent,8.51,Resolved,0.43,4,7.55,74977fae-e113-4442-b77f-97fdf3a3bb47,Virginia,Mobile,False
93b893df-9ad2-4c5d-b4b7-06b974fc9028,2024-04-29,Account Update,Human Agent,13.62,Resolved,0.44,4,5.81,8d225e53-8895-4f87-94a0-396cec4cb269,North Carolina,Desktop,False
43f1e65f-f7ba-4680-9eaf-f05055ee32b3,2024-01-11,Technical Support,AI Chatbot,1.64,Resolved,0.54,5,2.74,f5950c86-266f-4cce-8d1d-b1d80a7fccdb,Georgia,Desktop,False
547d9f10-5be3-40aa-aa7d-dd158e8d077f,2024-02-02,Billing Question,Human Agent,5.69,Escalated,0.35,2,5.64,12afaa88-43e7-4ec1-8658-ba26c401ee5a,New Hampshire,Mobile,False
e24476ba-ec07-4f62-8ec5-7ce1d459ab18,2024-04-09,Password Reset,Human Agent,6.12,Escalated,0.51,4,6.75,44f8b18d-4e45-4733-937b-2b33a67fa93e,Massachusetts,Desktop,False
33e586dc-1b69-40f6-9b3f-682543993ea7,2024-03-31,Product Information,Human Agent,8.25,Resolved,0.46,3,8.06,5d8a0fae-dad0-49b9-aee7-72777ec08425,Delaware,Mobile,False
0e5dd191-8cf0-437d-b1da-96e60001b04e,2024-01-01,Technical Support,Human Agent,2.78,Resolved,0.56,2,9.42,e4996ac6-d25f-47ca-8124-19719248009d,Nebraska,Tablet,True
0c87e412-d4aa-4d48-ae66-fcb16a4fef6b,2024-02-29,Technical Support,Human Agent,7.03,Pending,0.3,1,7.64,d1bf9b6b-1039-4e17-8605-255c08c19987,Washington,Mobile,False
0d786ada-40b9-4cd7-903b-126ee4ae8bcd,2024-03-06,Shipping Inquiry,Human Agent,8.8,Resolved,0.29,4,6.76,0586249c-1d2a-4a56-9564-0487b4294ce3,Idaho,Tablet,False
993e6e84-2d77-45fe-b97f-744aefce47bf,2024-03-31,Billing Question,Human Agent,12.03,Resolved,1.0,3,9.84,b98fa63f-3e95-4d03-b30a-81c0e87b8671,North Carolina,Tablet,False
bc31ace5-401a-4c8f-97e1-5138594597c6,2024-03-16,Product Information,Human Agent,10.18,Escalated,0.06,4,5.98,f594fd6f-fd92-4a38-b995-7142f99b44af,North Carolina,Tablet,False
1e91aa66-eed5-4657-a318-1ce05c439740,2024-06-10,Technical Support,Human Agent,9.35,Resolved,0.71,4,4.5,f3cd0919-ad57-4537-8f44-b2f6865a9af0,Missouri,Tablet,False
26f267c9-13ba-4b02-b356-826ada747b22,2024-01-04,Product Information,AI Chatbot,1.29,Resolved,0.33,3,3.91,ef1779c0-87e1-41a7-9e61-4bae5fca1946,Vermont,Mobile,False
011bcd25-cbf3-402b-9476-d7030e351628,2024-03-18,Shipping Inquiry,Human Agent,3.32,Resolved,0.44,3,6.66,fb4dc08e-be26-4113-9666-808a875ebfc3,North Dakota,Desktop,True
16d0b501-7810-4ba9-8530-72835b24f9ae,2024-02-23,Technical Support,AI Chatbot,2.05,Pending,0.13,2,1.79,1fb0cd59-f4b4-4a1d-962a-ae8e4673037d,Florida,Tablet,False
15b5405f-40b6-4dfd-8d74-c0ebdb22fc5b,2024-05-02,Account Update,AI Chatbot,0.2,Resolved,-0.1,4,-0.2,1de77463-af1a-4ffe-a7e3-5aff67adc535,South Carolina,Mobile,True
24d20f44-2718-4551-baad-1bbaeb1c6467,2024-06-28,Product Information,Human Agent,7.5,Escalated,0.18,2,9.29,251fe7e0-7ae8-44e7-a3f9-867077d076b8,Kentucky,Desktop,True
be49dd92-1f0d-4756-a570-7deeaf7e9a22,2024-02-13,Technical Support,AI Chatbot,0.41,Resolved,0.71,3,1.82,d57faec7-1fa3-4802-9552-bbdc73208859,Montana,Mobile,False
308e7856-0aac-427a-99ec-2d0136eb9ca3,2024-04-05,Billing Question,AI Chatbot,2.55,Resolved,0.26,4,2.58,f9d12713-2002-4240-b531-3059a0765ce2,New York,Tablet,False
f57f6b2d-a082-4df9-b4ac-728fbae8da66,2024-05-14,Shipping Inquiry,AI Chatbot,1.19,Resolved,0.07,2,5.31,46104993-05f6-4403-ac4e-191cb0909c90,Kentucky,Mobile,False
8fb551d0-075e-47bd-b46e-ed52ce716b72,2024-05-23,Account Update,AI Chatbot,2.22,Resolved,0.16,2,2.56,37e42acb-b9c6-4700-afaf-534abcd1b701,Louisiana,Mobile,False
243d3303-cf84-40b3-8632-b81824b653f4,2024-05-21,Account Update,Human Agent,9.02,Resolved,0.36,4,7.56,6b3d84e9-4418-421b-b58d-9d0289dfb00f,Montana,Desktop,False
1dffc30e-7d3b-4be0-aa96-85e9041a55ce,2024-05-03,Account Update,AI Chatbot,0.57,Resolved,0.56,4,2.66,66dd3f06-9911-4490-923e-a7f092d5074e,Ohio,Desktop,False
c9d1cdad-5cb8-48e9-a76f-3f2aeca06251,2024-01-06,Product Information,Human Agent,9.14,Resolved,0.28,4,6.48,730c1522-0788-4fdd-b38d-479b076f952f,Nevada,Tablet,False
f5010220-3311-4aef-8ddd-b83ec394bb07,2024-06-25,Shipping Inquiry,AI Chatbot,1.94,Resolved,1.0,2,7.75,c34302f2-f2dd-4206-8e64-ac1b5d65ed66,West Virginia,Mobile,False
1d4b170e-c396-4ed3-b1f5-ceeb5259fda9,2024-01-23,Technical Support,AI Chatbot,0.2,Resolved,0.17,5,4.8,d40c6f78-8603-456d-aaf2-85ac31c6bc27,Nevada,Tablet,False
5b5fbe63-9afd-4c43-81f5-a000d6bf7982,2024-01-11,Billing Question,Human Agent,8.03,Escalated,0.23,1,7.66,b91ff6d7-8fa7-423d-b50e-f832ec70b555,Wisconsin,Desktop,True
d1146f4e-9723-407e-823c-9ca052407a46,2024-04-05,Billing Question,AI Chatbot,1.79,Escalated,0.49,3,3.04,6bfeade1-a5c5-441c-826f-627339e06705,New Mexico,Tablet,False
3ee47b93-4349-4bba-b43e-32da2bfd506f,2024-01-28,Billing Question,Human Agent,7.61,Resolved,0.39,1,5.58,09fe3957-4c58-4f63-a386-94a4d3a7aca4,Rhode Island,Tablet,False
6adf7c5f-74e9-4117-b4ef-9781686498f0,2024-03-29,Shipping Inquiry,AI Chatbot,0.24,Resolved,0.39,4,4.14,cb5e1e92-f787-4b2a-94e3-f4c45fc95e6e,New Mexico,Desktop,False
060d2cb1-3b81-443e-a43c-ff2344da5381,2024-03-27,Technical Support,Human Agent,7.26,Resolved,0.67,4,6.98,92cbaa87-50e2-43bc-a2a1-88e2d94dd0d1,Connecticut,Mobile,False
dbddf1f8-acbe-4876-87bf-3259a7cf34a7,2024-01-25,Product Information,Human Agent,6.45,Resolved,0.6,3,6.81,f7d0dedd-4eff-4bab-a018-c3674b5e9987,Tennessee,Mobile,False
94050516-ccbd-412b-a173-0a09347221cb,2024-04-14,Shipping Inquiry,AI Chatbot,1.89,Resolved,0.66,4,6.0,4ad4ccfc-0a6a-48ca-bd28-2a0834e88444,South Dakota,Mobile,False
5063ccff-ea2d-478c-bd28-d13bd464696b,2024-02-03,Technical Support,AI Chatbot,0.58,Resolved,0.24,3,2.78,fc2c0071-e783-4961-9d58-8d3b4ac9484d,Ohio,Desktop,False
875c47d8-13cf-46d9-8e35-cf7bbe2419f5,2024-03-16,Shipping Inquiry,Human Agent,5.73,Escalated,0.71,1,5.61,fa9bc9dd-6cbe-4901-9948-9e27be21fddf,West Virginia,Tablet,False
d7b2ad86-9e0b-4df6-aceb-bd7689d3ef88,2024-06-19,Technical Support,AI Chatbot,1.03,Escalated,-0.03,4,0.7,0ff73bb5-6dec-4a55-9b1d-5f924d02c803,South Dakota,Desktop,False
1c703a13-6b65-43ba-8754-bcc5008eb7db,2024-02-25,Billing Question,Human Agent,0.5,Escalated,0.16,3,6.48,0f1f3be7-7e98-41a5-961a-24219623fdb6,Alaska,Desktop,False
147002c1-8720-46e5-85d4-f8a156023d99,2024-03-18,Account Update,AI Chatbot,1.94,Resolved,0.72,4,4.2,98c6e57e-f373-43bb-bb64-07150fe9c64d,Nebraska,Mobile,False
b1804890-ca64-40b3-8b58-a09df59e2f8a,2024-06-28,Password Reset,Human Agent,3.76,Resolved,-0.04,4,5.19,80c0e373-288b-4d48-8b86-e3566b31fce5,New Mexico,Desktop,False
7f1ba710-a241-4391-b6e2-413314ba6ab1,2024-05-09,Password Reset,Human Agent,8.41,Resolved,0.02,3,7.13,6d62f749-aaee-468f-a602-8f8d6e110048,Wyoming,Mobile,False
2d412ccb-2d81-4ef3-b42f-6573682f1170,2024-04-23,Shipping Inquiry,AI Chatbot,1.08,Resolved,0.36,3,1.41,7dc86a1c-e38a-4177-b498-d0b75f03d1f1,Texas,Desktop,False
edac56bb-72e0-4441-9cea-c84a02cc0fbb,2024-02-19,Account Update,Human Agent,5.07,Resolved,0.03,2,6.0,baa8be1f-13f5-4fc1-9312-e46bcc417a9b,Kentucky,Desktop,False
733be48e-a2b4-4b1b-bebf-a46926a59fbf,2024-01-04,Technical Support,AI Chatbot,1.15,Resolved,0.06,2,6.2,051bd708-ffc3-4a4f-a04b-d693357a0bb8,West Virginia,Mobile,False
e81e6bb8-eb86-4560-8eb8-79c8ee3a006c,2024-02-23,Product Information,Human Agent,9.73,Resolved,0.33,4,8.12,67c26539-9745-40a7-96d0-4a71cf3f6f3e,New Mexico,Tablet,False
46580528-798a-491b-b26a-f5dc175817bd,2024-05-23,Technical Support,AI Chatbot,1.48,Pending,0.4,4,0.58,93918e99-a74f-4233-88db-720c0841418a,Ohio,Tablet,False
d03017c0-9ec2-410e-916b-d22e7e68dadb,2024-01-04,Product Information,Human Agent,5.32,Resolved,0.3,3,7.68,2df0f63f-b91e-4a07-a370-4c92618a7ef2,Pennsylvania,Mobile,False
68a46640-a0a2-490b-9874-64e4f6c0c2e1,2024-03-29,Product Information,Human Agent,4.94,Resolved,-0.22,3,8.24,35c1786a-56dd-4ca9-8b6f-66988f71bbe4,Connecticut,Desktop,False
ece90181-77f5-4107-989b-88b7e3ead25c,2024-04-26,Billing Question,Human Agent,7.43,Resolved,0.27,3,5.95,dc355b33-a1aa-493f-893e-f262b0d9c952,Indiana,Mobile,False
44c02577-64a0-4be5-b6e1-a24870475be1,2024-02-28,Account Update,Human Agent,9.87,Escalated,0.79,2,6.27,dc8cd077-42fe-488c-a960-1513cff562b3,Wisconsin,Tablet,True
3a6e35b9-c034-44db-af13-a811228e9b0a,2024-02-25,Account Update,AI Chatbot,0.67,Resolved,-0.42,3,5.04,07823d17-0a39-4e66-b48f-f34886a0d094,Florida,Mobile,True
534c3b1e-b06b-43d6-81eb-931a8af2b8af,2024-01-17,Technical Support,AI Chatbot,1.86,Resolved,0.43,3,-0.11,e5f44fd4-f46a-4cd3-8abb-8a67a9321aa2,Rhode Island,Tablet,False
f4a579d4-a71c-458a-834a-b4694022b916,2024-05-22,Password Reset,Human Agent,6.9,Resolved,0.08,4,5.7,7da0e77d-53e3-4133-91b8-91ff2f011586,Virginia,Desktop,False
7df1b001-41b6-495d-a995-2b9651be3255,2024-04-27,Password Reset,AI Chatbot,1.82,Escalated,0.31,3,4.25,5e65c6f8-c523-4b35-9ba1-63ecae8db4bd,Wisconsin,Desktop,False
cb71f9bc-2c68-41bc-a4ca-5f3d63a62d3e,2024-01-03,Password Reset,Human Agent,4.51,Resolved,1.0,5,6.22,1f34c3b9-ddbd-4c01-8fec-242f8fa3b6e4,Arkansas,Desktop,False
b4f7c9df-410e-4d78-9165-bd358c157ecd,2024-02-07,Shipping Inquiry,Human Agent,5.12,Resolved,0.74,2,6.19,9b084509-a631-4707-a3d8-cfc8a3ba9cf4,Montana,Mobile,False
a287b1e6-4ef2-4700-b1ae-74b549c6b4a1,2024-04-07,Product Information,AI Chatbot,0.78,Resolved,0.21,4,3.06,6ca0854c-fa31-45ed-8d4a-923dc8cc2b6a,Nevada,Desktop,False
7fe43804-5204-448c-8f8d-98d08abdd6c5,2024-05-28,Account Update,Human Agent,7.91,Escalated,0.48,2,7.42,47886360-5212-474b-8aab-69d57dac2975,New Mexico,Desktop,False
8107f1ce-bc92-41cf-819f-8e2157c66664,2024-01-06,Password Reset,Human Agent,5.85,Resolved,0.8,3,8.18,26e35785-7c5b-438c-8115-b7befa3bb0b1,Mississippi,Mobile,False
4687cda3-ceb3-42c5-ad9d-e1ea1fe7e3a0,2024-04-28,Shipping Inquiry,AI Chatbot,0.83,Resolved,0.27,5,0.18,3f8d488b-4806-4e22-a641-0250f8ce7b7f,North Dakota,Tablet,False
1026490b-3955-4478-b670-009a8bf9e8b3,2024-03-27,Shipping Inquiry,Human Agent,3.69,Pending,0.97,2,5.32,fb8b9673-9cd1-4e40-8aa7-2db0f81b72c0,Mississippi,Mobile,False
0a8eadef-d60a-4c63-979b-7ed056da94d9,2024-04-23,Technical Support,Human Agent,8.76,Resolved,0.29,4,7.45,21ab6e53-b24c-4e43-a9b1-db1ec1712daa,Louisiana,Mobile,False
4ed662cf-b231-4b94-a3bb-a0be8c54b3a2,2024-05-17,Technical Support,AI Chatbot,1.33,Resolved,0.32,2,1.37,c42c8c53-bf97-413d-8a6e-15324eff73b6,South Dakota,Mobile,False
09c11c15-285c-4ef4-b748-6864dffd21a1,2024-05-25,Account Update,AI Chatbot,1.73,Resolved,0.31,3,3.78,2cba3273-ef3d-436d-b7d0-0187912d2b5f,Connecticut,Desktop,False
777f1c63-d694-49dc-8183-f8ec2f79e95a,2024-04-04,Billing Question,AI Chatbot,0.99,Resolved,0.89,3,3.54,6642eedd-00e2-4520-90fc-8f7eb7d1853b,Oklahoma,Tablet,False
1f038803-1968-4885-a7d6-be4260d22451,2024-03-23,Shipping Inquiry,AI Chatbot,3.15,Resolved,0.04,4,0.74,e95cb3c2-0346-4f12-91b3-e1f87d0b28e0,Ohio,Tablet,False
828c395c-b102-48c6-85d6-ac6f16cdf42e,2024-03-05,Billing Question,Human Agent,5.36,Resolved,0.06,4,6.93,53f635ba-8da8-433b-9712-9046febf68d8,Massachusetts,Tablet,True
762b18b2-8728-459b-8d05-081aa3f32957,2024-06-06,Shipping Inquiry,Human Agent,11.48,Escalated,-0.01,2,5.97,d7a33767-24f7-41bb-871a-e012095dd12c,Texas,Mobile,False
cc0e862b-4de2-4e24-b51f-92cd93cc1c4b,2024-06-18,Account Update,AI Chatbot,0.76,Resolved,-0.1,5,5.68,01b7c445-ad2d-409e-85f0-baa869c7cddf,North Dakota,Mobile,False
99d32f96-63c1-46ca-86da-f7b5c356caf4,2024-06-13,Product Information,Human Agent,8.97,Escalated,0.28,2,3.18,bec8948a-fe57-4044-a234-d3c856db0779,Delaware,Tablet,False
a5e9caee-6d65-4ce6-9781-bebfc8045e29,2024-01-03,Shipping Inquiry,Human Agent,7.66,Escalated,0.61,2,8.39,a4419c06-6c4e-4157-a727-c67308352c7b,Nevada,Desktop,True
f9e96159-0543-4c86-ab04-d46b2fb0f875,2024-06-09,Shipping Inquiry,Human Agent,10.42,Resolved,0.5,4,6.04,c9d44822-596c-474a-8804-f35ea2356e8e,Massachusetts,Mobile,False
06c63c16-a2e9-4c5a-ab94-97a9212f9327,2024-01-31,Billing Question,AI Chatbot,2.56,Resolved,0.64,3,5.78,e1783e63-b137-4911-b972-b259087d1463,Texas,Desktop,True
c90cd301-c7f1-460e-bac3-d9850766dcf5,2024-06-17,Product Information,AI Chatbot,1.37,Escalated,0.04,2,3.45,2bcf7b24-8a64-46b8-b0fa-15e3ffe91ddc,Wisconsin,Tablet,False
37c466ce-7f0d-4e7a-9133-52fd5733c9e7,2024-01-27,Product Information,Human Agent,0.54,Resolved,1.0,4,5.48,e051e0a8-bd4a-49f4-8e60-2d1e080e32ff,North Carolina,Mobile,True
c1912368-600b-456f-a9ac-3854f6582535,2024-06-06,Account Update,Human Agent,1.08,Escalated,0.69,3,6.4,2f968666-0904-4dd4-bba7-a525bdffd5d2,Montana,Mobile,False
c3b20f7e-d41b-4540-b2ee-9ed86303aeb1,2024-04-20,Billing Question,AI Chatbot,1.83,Resolved,0.16,3,3.64,ef1662e2-2638-40a0-976e-2cf7aed94c3a,South Carolina,Tablet,False
4950985c-1ab0-47ae-b039-1ed8deb6c48b,2024-02-06,Password Reset,Human Agent,9.7,Resolved,-0.04,4,6.16,997d2e30-d56e-4de4-bf6c-2739ec5fd57e,Louisiana,Tablet,False
7196524e-fa68-4374-8e8b-cf9cb5edd3a6,2024-04-15,Product Information,Human Agent,5.14,Resolved,0.26,4,8.16,c94791a1-564f-4212-8b97-8a959d770d17,Rhode Island,Desktop,False
db1360e6-0341-4500-b04c-6d5ca2599b19,2024-01-31,Password Reset,Human Agent,9.32,Resolved,-0.06,3,4.85,ee5331c4-ead7-48c3-b9fa-f6c301f2aabb,Arizona,Mobile,False
a367668e-fdc1-4497-8ffa-f37ebc209408,2024-06-08,Product Information,AI Chatbot,2.28,Pending,0.52,3,4.61,3615f04b-59df-425b-bded-41b4756b8d60,Minnesota,Mobile,False
79f077c9-fc24-45cf-91a8-923807370e63,2024-02-16,Password Reset,Human Agent,6.04,Resolved,-0.3,5,5.15,79fcea19-4fa3-4353-a47d-8f8b91395793,Washington,Tablet,False
ff0938ed-b40c-4a64-b9f5-c4704fd2aae2,2024-05-10,Shipping Inquiry,Human Agent,5.23,Resolved,0.32,5,7.72,155d81db-4fc6-4de6-b3f1-fbcf08a27474,Pennsylvania,Desktop,False
f632d6f6-2776-4c11-a512-bc07c305f42e,2024-01-11,Technical Support,Human Agent,7.63,Resolved,0.42,3,7.79,8cc88227-28bf-46eb-a4fd-d6ac91e098dd,New Jersey,Mobile,False
1304554c-bcdc-4dc0-b16e-45998eb4441f,2024-06-03,Password Reset,AI Chatbot,3.86,Pending,0.33,1,3.52,a5447b1a-6e48-4782-bf5b-994f30e268e3,North Dakota,Mobile,False
195810b8-84a6-4585-9f1f-85a61596de3e,2024-04-19,Password Reset,AI Chatbot,0.75,Escalated,0.79,1,2.37,ceb2446e-547e-4544-b001-fd156011cee4,Arkansas,Desktop,False
07c62197-7fc2-4b15-ac7b-86dda052583d,2024-01-29,Technical Support,AI Chatbot,1.89,Resolved,0.33,4,2.19,8080f065-98b7-4762-b56e-148035fde7f6,Arizona,Tablet,False
a0eb32e8-68da-4a16-aa3c-457558107bbf,2024-01-23,Product Information,Human Agent,0.5,Resolved,0.32,4,4.45,a801660a-8629-4746-8db4-10ee428a58bc,Colorado,Desktop,False
4e4777ad-b0bc-4e55-87f8-bbc6b6aa091f,2024-05-16,Billing Question,AI Chatbot,1.55,Escalated,0.51,2,3.0,93297c40-8bac-42f7-b50c-6ad7b26c4a7c,Maryland,Desktop,False
bf9819b6-8aec-47b1-be7f-f50fcf9aa55c,2024-05-04,Technical Support,AI Chatbot,0.72,Resolved,0.24,4,-0.18,0102a6fd-e7d9-4da8-b558-4e39a2c575fc,Tennessee,Mobile,False
9c359a5b-bf3f-4c3c-b1e0-e8450f8b2094,2024-03-17,Billing Question,AI Chatbot,1.49,Resolved,0.42,3,1.99,660730aa-70a0-4472-bd95-53807aa94ed6,Washington,Desktop,False
953bce57-3ae9-44ba-8782-510c6863d772,2024-05-10,Shipping Inquiry,Human Agent,7.3,Resolved,1.0,5,5.12,867f15df-35be-4053-b2c5-bad35da709f2,Maine,Tablet,False
087434b3-6669-485d-9709-a259b2236966,2024-02-21,Password Reset,AI Chatbot,1.97,Escalated,0.51,3,5.25,0a183bbe-8f13-46e1-9df8-a21a50f92566,California,Tablet,True
cb0b38d5-cc85-4790-aeca-511421fd2cd0,2024-06-12,Product Information,AI Chatbot,1.85,Resolved,0.09,4,2.35,626d83ed-120a-4d15-b464-09862f08a0c8,Oregon,Desktop,False
a06e6544-3a68-4f38-9667-26fc54ec05ba,2024-02-23,Shipping Inquiry,Human Agent,9.48,Resolved,0.15,4,7.84,3e4c3d08-f9b5-475a-b4ed-699a26fea5dd,Kansas,Tablet,True
2ffa635c-5eef-4407-8f32-8d057d704bdb,2024-02-26,Product Information,Human Agent,4.84,Resolved,0.57,4,8.06,d7cc753e-c9a4-4ce0-b122-eaa89f30b869,Arkansas,Desktop,False
7a7f79fb-b462-4711-b07f-adfe6d5bf187,2024-05-25,Technical Support,Human Agent,8.01,Resolved,0.91,3,8.1,10217546-bb14-4bcf-9a82-a10e4d9fa221,Virginia,Tablet,False
12620f7e-4165-4761-a2f3-b10f082cd7ae,2024-03-09,Password Reset,Human Agent,6.13,Resolved,0.61,4,8.85,1ff752e7-e9f6-44c6-b7d4-33bd7c7d45bd,Vermont,Tablet,False
cdac3ca2-8cc9-4def-89db-1b5c4f553a13,2024-05-18,Billing Question,Human Agent,8.02,Pending,0.1,2,6.83,991edacf-925a-4aa9-9777-f99dddeac4a2,Illinois,Tablet,False
6a1bed25-969b-4a53-902d-11f6702acb50,2024-02-16,Product Information,AI Chatbot,0.39,Pending,0.49,2,3.09,fc092f02-a3c1-4ce7-9497-385cb40b25eb,Rhode Island,Desktop,False
4d6a4d7d-54a7-45a4-a184-5bd5f080148b,2024-01-07,Product Information,AI Chatbot,0.2,Resolved,0.43,5,0.74,277f7fbf-e70f-47d0-87a7-f4d2fb1003b3,Maine,Mobile,True
e4431bf7-4edf-416b-ad5d-2a55aabe0424,2024-01-28,Shipping Inquiry,Human Agent,3.15,Resolved,0.59,5,5.52,3d94e95e-8d10-49ba-8375-ff3ddf6ab697,Nevada,Desktop,False
4184e29a-cbad-4c87-bf5c-24b09b46f92a,2024-02-22,Billing Question,AI Chatbot,1.65,Resolved,0.25,3,3.04,fe1a432b-ad34-4b63-a687-eee5bcac0b44,Utah,Tablet,False
13f89b32-facc-4f17-8afb-f0a8ec4f47ce,2024-06-04,Password Reset,Human Agent,8.91,Resolved,0.42,3,6.1,36e8ba3a-bca9-4327-9dc1-9aa709b47f1a,New Mexico,Desktop,False
433dd920-66e0-42d5-bb2a-e3cf9c8ec292,2024-05-02,Billing Question,AI Chatbot,2.33,Resolved,0.15,4,1.65,86303f57-f1e6-463c-8768-ffe180f95062,Pennsylvania,Mobile,False
05b15820-0df5-4f35-a4a0-5c2eb5f243fe,2024-03-13,Technical Support,Human Agent,4.87,Resolved,0.22,3,5.91,0db5922d-70c7-4b54-b266-847331dce3f9,Alabama,Desktop,True
9885a1ea-cc80-48a8-a0bb-5663db5e83da,2024-01-01,Product Information,AI Chatbot,2.09,Resolved,0.47,4,2.5,25b64df4-cf55-4ee2-a9c8-222230316ef7,Ohio,Tablet,False
0ea143f1-611d-46fb-b90d-6e288f08a7c8,2024-03-23,Password Reset,Human Agent,6.92,Resolved,0.43,3,6.52,b6c00305-5e7a-4bef-9044-6a66ac8b738c,Montana,Mobile,False
244a8080-8e9a-4aa9-81f8-a219df6e275f,2024-06-05,Shipping Inquiry,AI Chatbot,1.1,Resolved,0.2,3,0.88,f70024bb-5004-47f4-948c-8a5dd6008264,Nebraska,Tablet,False
729b5572-1355-41c8-92b3-82e7ca97f0db,2024-06-10,Technical Support,Human Agent,9.19,Resolved,0.11,4,6.44,93fde6b8-8d2b-490b-bb1d-595212559859,Indiana,Mobile,False
a9ba707f-e9c0-4c73-a537-89591bcb3c94,2024-06-13,Password Reset,AI Chatbot,1.64,Resolved,0.69,4,1.31,8fac40b3-d627-4dac-a8be-e2454376ace5,Connecticut,Desktop,False
e732b3c7-c711-46ee-b16b-0a589a84b432,2024-04-21,Account Update,Human Agent,3.87,Resolved,0.26,4,5.82,d51df70b-8909-4e69-b452-e1d1b8c22a02,Hawaii,Desktop,True
dd65d71a-e9c9-4a54-83a1-1fde7078cce9,2024-06-15,Product Information,Human Agent,11.96,Escalated,0.63,3,7.97,2770576c-51ef-4506-8115-a66740e29063,Missouri,Desktop,False
0f31acae-ef97-435a-9813-3a3de9dd8603,2024-06-05,Billing Question,Human Agent,7.93,Resolved,0.13,3,6.39,1f666316-6e6d-4bf3-be04-10c959d235c7,Ohio,Desktop,False
4c515e54-b9c0-4a02-8972-bffde27f3e33,2024-06-14,Technical Support,Human Agent,4.91,Resolved,1.0,3,5.18,f63abdd6-5403-4c23-88bb-0535e794bd33,New Hampshire,Tablet,False
1a702ff5-6489-45de-bbd9-84a207113a00,2024-03-22,Password Reset,AI Chatbot,2.81,Resolved,0.48,2,0.87,3480e468-338a-44e7-a5b1-c8970b7248be,Nevada,Tablet,True
a9fa419e-c986-4af5-943b-0cad16728480,2024-03-02,Technical Support,Human Agent,5.4,Resolved,0.34,4,8.67,d6addd99-32d8-43ff-a7a9-ff6f3e09272a,Wisconsin,Desktop,False
7066deea-c9a8-40c8-9c16-6e32d447173d,2024-06-03,Billing Question,Human Agent,13.05,Escalated,0.32,1,5.55,5e379a64-9983-4207-bef9-20a55bd484ee,Delaware,Desktop,False
399f9d7b-cb35-4f95-8557-f1b771064912,2024-03-10,Product Information,Human Agent,5.95,Resolved,0.47,3,6.31,48fe82e3-9897-4575-996f-4000ac3110c1,Missouri,Tablet,False
84f7ef55-75e6-4cd0-9549-0bb2fb4ba176,2024-02-27,Shipping Inquiry,AI Chatbot,2.21,Resolved,0.18,5,1.66,97b71f2e-c198-4921-bcc5-677ad9536bc8,Indiana,Mobile,False
a2cc73e8-4d6d-4f4e-9859-a91f9a84021c,2024-03-14,Billing Question,AI Chatbot,1.01,Escalated,0.6,2,0.63,14290ca1-e17a-484e-b552-3a00a2ca6d09,Arizona,Desktop,False
aaf19a13-925f-48b5-9121-c65524412627,2024-01-21,Shipping Inquiry,AI Chatbot,0.9,Escalated,0.11,4,1.62,bbcd4fcc-9e54-40d2-a682-3df99fc32c0b,Colorado,Mobile,False
7aa5be9e-c8c9-4554-8f3a-e401688d9e2f,2024-01-26,Shipping Inquiry,AI Chatbot,2.09,Resolved,-0.24,4,3.76,68b4b0b2-05ee-4788-9782-652b14f1dd27,Idaho,Desktop,False
f3d7eba3-a90f-45b6-8a27-a27f5d15341b,2024-06-18,Product Information,Human Agent,12.29,Resolved,0.89,3,6.82,93aad605-abfe-4d68-aa49-16b959a01494,Colorado,Tablet,False
91252ff4-5c42-4559-befd-4c4d8b4f29d9,2024-01-25,Technical Support,AI Chatbot,0.82,Resolved,0.41,5,4.32,b23a44a3-27dd-4b2f-a85e-4b1eac90df69,Tennessee,Tablet,False
1cb4b570-5b38-4bed-aa85-5d60089f69cf,2024-05-12,Product Information,Human Agent,8.33,Resolved,0.15,2,8.88,036f30e9-82ba-4806-b95b-c1312757e643,Mississippi,Desktop,False
d0800b72-2a2c-4b89-9b1d-d5e8190037a9,2024-01-02,Billing Question,AI Chatbot,0.55,Resolved,0.17,3,2.61,abb73b55-e615-49d8-9c9f-bd178d927535,New Mexico,Desktop,True
8e88d868-98c2-4e6a-9b7f-386e3963f8d8,2024-01-20,Product Information,AI Chatbot,0.89,Resolved,0.78,3,2.73,6df00c4b-7e85-4d16-9339-f8248662b710,Missouri,Mobile,False
1ae79549-9a16-40c7-ae77-7bd26290a17f,2024-02-05,Shipping Inquiry,AI Chatbot,0.76,Pending,0.49,1,2.31,627a4792-becf-4392-8a09-ebeeb1b640b0,Alaska,Tablet,True
25768410-8877-4d94-8c18-ffc1388c1daf,2024-01-29,Billing Question,AI Chatbot,1.18,Resolved,0.5,4,1.85,4f8a4c6b-d2b8-4e2d-a8cb-688dfc7727ff,New York,Tablet,False
da9322f3-5195-46f8-b7c6-0bdefc849cc4,2024-01-01,Technical Support,Human Agent,6.94,Resolved,0.43,4,5.46,7ad8225c-517b-4ded-91da-1bcaab157adf,Alabama,Mobile,False
f469462e-314a-4c27-b6b0-870054dde201,2024-01-16,Account Update,AI Chatbot,1.81,Resolved,0.31,4,3.29,ea04a668-d7a5-45bf-82eb-346b66a435eb,Connecticut,Mobile,False
f96695cf-fb1c-42f9-b093-91a70ea0da64,2024-02-04,Billing Question,Human Agent,4.7,Resolved,0.54,3,5.98,7f3f933c-4c39-468f-b405-eabff75efe50,South Carolina,Desktop,False
124dd45f-bcfd-4617-acba-11e65a6fb6fd,2024-03-15,Product Information,AI Chatbot,0.85,Resolved,0.4,4,4.82,c2c48cdc-8a8d-422b-8c13-66e59924e6ad,West Virginia,Tablet,False
054267cd-d304-42d5-a038-109c49c696e4,2024-04-30,Shipping Inquiry,AI Chatbot,0.83,Pending,0.33,1,2.83,090ee561-44eb-43c6-be1e-2440c9b73b18,Michigan,Mobile,False
807cc197-34c7-4532-bf9e-f6893eebd115,2024-01-27,Password Reset,AI Chatbot,2.33,Resolved,0.8,3,3.5,cc457957-7bdd-4651-9b2e-90bc6f823bf0,Florida,Mobile,False
405db776-67ed-42f9-801d-3c9c648a61ea,2024-02-11,Technical Support,Human Agent,9.48,Resolved,0.61,5,8.37,62835c86-a3ee-47ac-9b57-89e3c51b3d75,Virginia,Tablet,False
59a1a008-8eb5-4b8d-9950-b8a35d9c4a27,2024-03-20,Password Reset,AI Chatbot,1.29,Resolved,-0.28,5,2.7,9703e998-92f0-41fd-99ca-96c64e66d356,South Carolina,Desktop,False
980503b5-a760-427b-981f-e1b1593a5c33,2024-04-23,Product Information,AI Chatbot,1.73,Resolved,-0.04,4,3.73,9ef0ac8f-2fff-47c3-a91c-1d36151c5720,California,Desktop,False
5eb99eec-d2b4-45be-9ab2-21ba223084c8,2024-05-11,Shipping Inquiry,Human Agent,6.98,Resolved,0.3,5,6.3,ed7706b6-58c6-4783-b542-e84cebc6f103,Texas,Tablet,False
c98e74ee-d64b-4101-ba57-5e51abc822db,2024-06-16,Product Information,Human Agent,6.59,Pending,0.52,2,7.66,5aafe241-6ade-4512-9336-cfbeb0a2a116,Iowa,Mobile,False
4a7ad692-8614-4bf2-95f2-23e8bb13a97e,2024-01-11,Product Information,AI Chatbot,2.33,Resolved,0.93,3,0.61,c7f29494-fbed-4451-9d5e-93fc24902c03,Missouri,Desktop,False
17bb925b-9382-48ea-89d8-5c91a78443c0,2024-01-31,Shipping Inquiry,Human Agent,10.46,Pending,-0.09,1,6.53,3851ccf8-629c-47f4-a672-edf59612ab31,Louisiana,Tablet,False
2409dade-b2f2-4527-81fe-bd061836cf24,2024-01-23,Product Information,Human Agent,6.34,Resolved,-0.01,5,8.05,012ced5e-33b1-4565-b56c-e8142675d926,Pennsylvania,Desktop,True
5a1bbe00-108a-48cd-8874-34ce26db6f8e,2024-01-24,Password Reset,Human Agent,7.39,Resolved,0.19,5,6.3,f7127983-fcad-4e8e-884c-b1f2d929f631,New Hampshire,Mobile,False
df96b748-89f5-4bfc-adeb-3bcbd12e01a6,2024-01-04,Billing Question,AI Chatbot,1.54,Resolved,0.14,4,3.44,a3c75ea4-294f-4f15-8596-c9416f6844e7,Minnesota,Mobile,False
7b8a7a3e-ffdc-489d-8f5b-1e2d490d824c,2024-03-02,Account Update,AI Chatbot,1.89,Resolved,-0.07,2,-1.15,4bc03f4c-a2e5-4206-b754-4f09783f488f,Indiana,Mobile,False
33519a32-4dad-42c5-aba8-4ea7529c8122,2024-02-27,Shipping Inquiry,AI Chatbot,2.16,Resolved,0.52,3,1.85,458ff60b-550e-425b-9859-9dc41351b9fc,Alaska,Tablet,False
cf8c854f-4e42-4d05-a088-8071a1110575,2024-02-09,Product Information,Human Agent,7.91,Escalated,0.38,3,7.7,54585560-2206-4638-a501-0c73039faf4b,New York,Tablet,True
c2f50972-8601-4aa3-90cf-d8cf52d106f8,2024-02-09,Account Update,AI Chatbot,1.42,Resolved,0.32,4,2.85,379d0f13-ceff-41a7-bbc5-34715bf81c2a,North Carolina,Tablet,False
8cf5ffa7-91ee-4815-8fbe-3df77dac0f7f,2024-04-27,Shipping Inquiry,Human Agent,9.59,Resolved,-0.11,4,8.09,458d682d-e092-4fb6-b70b-000fd7ab6840,Nevada,Mobile,False
b0b6bcfc-2fff-4199-a80f-b9b645d9a077,2024-03-15,Account Update,Human Agent,7.83,Resolved,0.75,3,5.74,255192e2-5d42-4ccf-b69d-39df2c873b11,Montana,Desktop,True
356b055c-860a-4069-b069-200a71916fea,2024-04-01,Product Information,AI Chatbot,1.5,Pending,0.31,2,1.79,ef1b3d25-4056-4e5e-90cf-cf3f28827cd0,Tennessee,Mobile,False
24456d30-5a37-42bd-b784-a57d02a2472d,2024-01-10,Technical Support,AI Chatbot,2.37,Escalated,0.89,3,1.65,aa9e2a6a-4581-4b4f-8cd6-8ef4b184d5a3,Mississippi,Desktop,False
077eedea-4cd9-4993-9b27-4390a5022b5b,2024-03-20,Shipping Inquiry,AI Chatbot,1.18,Resolved,0.41,3,2.17,1dcf1721-919c-44ec-a776-239f878bf5ee,Washington,Desktop,True
cfec3771-4536-47e4-8e39-b3b6857f5dee,2024-05-23,Password Reset,AI Chatbot,1.28,Resolved,0.23,4,1.86,36a632a6-e024-4aef-ae55-d2541da40416,New Hampshire,Mobile,True
35a4bc90-e676-42d2-8e55-a72c26adb65c,2024-05-27,Shipping Inquiry,Human Agent,7.19,Resolved,0.67,2,7.69,3dc0628b-06fd-4153-b912-64096174f0c9,Colorado,Tablet,False
9855932f-95d2-4b67-8289-a868578112c5,2024-02-14,Product Information,AI Chatbot,2.16,Resolved,0.65,3,3.65,7395c0d5-b046-4419-a10a-68b0dda0c86e,Rhode Island,Desktop,False
842fb48d-c58d-4158-bb02-90bdb4a4e5c4,2024-06-08,Account Update,Human Agent,0.5,Escalated,0.96,2,5.26,93dd6ee9-92ef-421f-b9ef-99439f82b893,South Carolina,Desktop,False
b852c439-e0a4-4c89-b388-1d76a148cbf6,2024-04-17,Shipping Inquiry,AI Chatbot,1.91,Resolved,0.27,4,4.95,b77886ec-9599-4b32-8d0a-d392131a84ca,Mississippi,Tablet,False
7e635a33-0404-4c0c-b60f-7576f42df90b,2024-04-30,Shipping Inquiry,Human Agent,9.77,Resolved,0.05,2,8.98,87481dee-eb31-4931-b4e2-5824e8044219,Oregon,Tablet,False
636f7373-18a7-4940-bfc6-b8e8f1cbda32,2024-03-12,Account Update,AI Chatbot,1.25,Escalated,0.35,2,2.74,959dcf44-682c-47e5-ab58-d7e1bae65a02,Michigan,Tablet,False
b3644786-235a-498c-9d91-16736536405e,2024-01-06,Billing Question,AI Chatbot,1.19,Resolved,-0.44,3,3.03,71449ecb-3eaf-402f-97c0-ec454686ee20,Oregon,Mobile,False
700fd109-3022-4616-a3ff-d6765d48cd29,2024-03-03,Technical Support,Human Agent,7.45,Resolved,0.09,5,5.83,cb04d93c-a1ca-493b-8139-3da512ba1b47,New York,Mobile,False
3365b2cb-d936-4677-a11e-db9989ed07ab,2024-06-02,Password Reset,Human Agent,10.44,Resolved,0.73,4,7.94,a3a6765b-211c-4043-b85a-c18aee9c53f5,Ohio,Tablet,True
3c423bcc-6ed3-42ea-960a-00f1a3d22c20,2024-04-16,Technical Support,Human Agent,12.15,Resolved,0.48,2,7.84,ac2d3147-ffbe-42e2-bc75-a0b174d0d552,Washington,Tablet,False
f4c530b9-be2a-4679-8035-53dd0b69d418,2024-04-30,Product Information,Human Agent,6.98,Resolved,0.5,3,8.85,b03af10e-3439-46e6-a9de-004be462a192,Pennsylvania,Desktop,False
7bcdc2ba-316d-4586-81f5-943618c30277,2024-01-18,Shipping Inquiry,Human Agent,9.6,Resolved,0.84,3,8.55,bad0c7d2-f118-4db6-b60a-f59146f973ef,Michigan,Desktop,False
6de8d98e-b526-475d-88f2-6acb90275887,2024-06-08,Password Reset,Human Agent,9.0,Resolved,0.29,4,7.96,aa3c6df6-4897-42dd-9744-261283c6db50,Minnesota,Tablet,False
93a6bb95-0b16-44df-a208-c594ba08fa47,2024-05-02,Password Reset,Human Agent,3.45,Resolved,0.27,3,7.79,31e89a20-30c7-46e4-bf69-963381f79856,Nevada,Desktop,False
c9171a9c-cfc0-4d06-ab44-e05aa5f0a3b2,2024-04-30,Shipping Inquiry,Human Agent,4.76,Resolved,0.19,4,6.52,0032550f-ff9c-4203-b2b6-2a35208954d3,North Dakota,Desktop,False
5472073a-e833-42cb-8546-bb251c237ce3,2024-01-20,Account Update,Human Agent,11.2,Resolved,0.83,4,5.12,aa9209d2-1555-4932-9340-82dbe17c9290,West Virginia,Desktop,False
d3452ac0-868e-473f-ad11-fc33f92aa5e6,2024-03-21,Product Information,AI Chatbot,1.98,Pending,0.47,2,2.94,9bd26394-1a6f-4dea-aa92-84caa87929b0,South Carolina,Desktop,False
ae3deeb5-227e-4e74-b1c4-b218b828aa57,2024-06-04,Technical Support,Human Agent,4.38,Escalated,0.29,3,8.57,f3bde29b-631d-43af-9a8a-a79818b773ff,New Hampshire,Tablet,True
b5e59c7e-a266-4489-9b0f-b4fb6de7a256,2024-03-19,Product Information,AI Chatbot,2.53,Resolved,-0.47,5,3.26,82bde186-0f2f-4e21-a377-4065cb91256e,Hawaii,Tablet,False
2b75319b-dbd6-430a-aefb-6f9109b9e036,2024-02-29,Billing Question,Human Agent,10.95,Resolved,0.36,3,3.64,0bfa24a1-5e48-4802-80e6-5a7c4712f020,Illinois,Tablet,False
3f0d688a-da8e-4084-a905-be33dea4f26d,2024-01-31,Shipping Inquiry,Human Agent,1.1,Resolved,0.38,2,7.07,33cbd6e0-2f38-4bd3-9dbb-0e38ebb60e63,Pennsylvania,Tablet,False
2c8cfcdf-a01b-4253-9af9-a716f02c4be3,2024-02-21,Product Information,AI Chatbot,0.82,Resolved,0.16,4,2.99,04929ebb-78f5-4ccf-bb46-5a1dc4c65626,New Jersey,Mobile,False
c4372074-bffd-41b8-a72e-e9e0734dc7d3,2024-05-23,Shipping Inquiry,Human Agent,5.99,Resolved,0.39,3,7.92,c8ec88b8-96e1-4789-b8ba-0b777127c723,New Mexico,Tablet,False
8bfecf6d-3510-4337-aead-61d762168f95,2024-06-14,Product Information,AI Chatbot,2.42,Resolved,-0.08,5,2.51,5b3b790f-050f-4973-aa81-480a0ec1590c,Illinois,Mobile,False
36492864-8141-4134-a497-1f318b65dfd5,2024-02-29,Technical Support,Human Agent,12.02,Resolved,0.54,3,7.12,1ca8f8cc-7146-48a0-a96d-1339f953ccfe,Delaware,Tablet,False
4efe5c29-b210-4931-942e-199e2734f4ef,2024-03-31,Account Update,Human Agent,3.37,Resolved,-0.14,3,8.7,d800d435-a551-410e-8110-1021ab7dbbe4,Missouri,Mobile,False
700e2e5f-5589-49bf-9e0c-4dad8170af7a,2024-05-20,Account Update,AI Chatbot,1.45,Resolved,0.87,3,5.91,fa19aa40-b658-4084-85de-eed0a4ff0176,Massachusetts,Desktop,False
acb38cc8-2a49-409b-87c2-82b4b7d1cf52,2024-06-26,Product Information,Human Agent,5.2,Resolved,0.57,4,6.96,d1b83b6c-17f4-403d-82dd-3b9d4e76ce16,Idaho,Tablet,False
5ee7f94e-4c5d-4365-b867-2001085aa305,2024-01-26,Shipping Inquiry,AI Chatbot,0.58,Pending,0.39,2,4.52,d3f2085e-397c-4f12-b105-44e83a15a04a,Wyoming,Mobile,False
fb8a393d-8a42-4c33-a4a6-ea0eb0649f1d,2024-05-15,Password Reset,Human Agent,0.5,Resolved,0.87,4,12.11,72b776d0-11f3-429a-8480-7f9f53979300,Connecticut,Mobile,False
c9ec93d9-a278-451e-b6ad-245ce190caec,2024-06-17,Password Reset,AI Chatbot,0.92,Resolved,-0.14,4,3.73,deddafb2-2e43-4b38-82b9-f1f68b321903,Indiana,Desktop,False
e9d3dd15-4641-4aa8-ba09-a059800d076c,2024-03-13,Billing Question,AI Chatbot,1.87,Resolved,0.33,4,4.24,8035ed50-a647-440c-90ac-5d9c9c18feae,Ohio,Tablet,False
e0245130-abb7-4e19-970a-ef970d8598a6,2024-05-20,Shipping Inquiry,Human Agent,9.37,Resolved,-0.06,4,5.53,40329350-ae4c-44b3-b96e-350f5728a980,Wisconsin,Mobile,False
c3bb7565-9698-4464-ac68-995c893e11ee,2024-02-17,Billing Question,Human Agent,5.79,Resolved,0.38,3,6.59,178ed7c5-ed26-4df5-be41-77933ee02b19,Minnesota,Tablet,False
98e3811f-473e-49e8-a6b2-2d87945289e3,2024-06-22,Billing Question,Human Agent,9.92,Escalated,0.79,2,4.62,9aa01766-264e-4de1-89a8-066b5ed22aef,Idaho,Mobile,False
4cf465ef-0af4-4fd2-b162-e5ca3853cb46,2024-04-22,Billing Question,AI Chatbot,1.34,Resolved,0.35,4,4.21,18360106-111c-444c-9698-daa551b9bcf1,West Virginia,Desktop,False
20b75e7e-2dac-4051-a4e6-25b7f027222c,2024-02-16,Technical Support,AI Chatbot,1.3,Escalated,0.37,2,1.54,9abd4770-5c10-4306-85c6-6c2fdf10fdb4,Delaware,Tablet,False
0de5c096-c8b6-4ed8-9ded-47d4931a7d6f,2024-02-08,Billing Question,Human Agent,9.66,Resolved,0.24,2,8.77,05ff88ff-8f44-49c6-b2a4-35a64377f43e,Arizona,Tablet,True
f3934fd2-a212-4e51-8dd2-b9dbfd041cff,2024-05-24,Technical Support,AI Chatbot,2.45,Escalated,0.44,1,4.02,2855c02e-2334-4966-9896-4c1f47d5af12,Ohio,Desktop,False
dd7f891c-eeb0-43d8-8867-5630952a62e9,2024-02-28,Shipping Inquiry,AI Chatbot,1.73,Resolved,0.49,3,0.75,87f86db7-6588-4583-87f8-7d76bf413b5d,Iowa,Tablet,True
d689374e-8ba4-4f55-91a2-57227ce2ae6f,2024-04-24,Password Reset,Human Agent,7.32,Resolved,0.37,4,5.19,5390a5fb-4836-4739-942e-9c20ddc58fd1,Nebraska,Mobile,False
e47921c1-6b16-41a0-bec0-da57e851a552,2024-03-09,Billing Question,AI Chatbot,0.93,Resolved,0.23,3,4.68,428dd214-01c5-430b-b0e5-3515241e9fc9,Nebraska,Tablet,False
06560d9c-ad09-40ae-bb44-4ba6f64a27ee,2024-06-05,Account Update,AI Chatbot,0.87,Escalated,0.01,1,6.59,afac5d06-4b62-48da-af7f-124f525cdc04,New York,Mobile,True
276911df-7d1f-4fc9-925c-fe33db23c32d,2024-04-14,Shipping Inquiry,Human Agent,6.46,Resolved,-0.13,4,6.7,3cc4b121-855d-4b61-8ebe-c0a3c90fce47,Wisconsin,Tablet,False
3793e45e-e39c-41c9-88e3-4b129bb2cf32,2024-03-01,Technical Support,Human Agent,3.84,Resolved,0.45,5,7.48,366180a9-8e09-45e0-a09d-b92ea6ec6a6d,South Carolina,Tablet,False
6a6b2134-0a2b-4688-a5cf-53811a698d1b,2024-05-08,Billing Question,AI Chatbot,1.98,Resolved,0.29,4,3.18,673f2202-9c16-4385-8da9-16627f196c70,North Carolina,Mobile,False
b1787eea-959a-4f6f-a6e4-933d807623fe,2024-06-23,Billing Question,AI Chatbot,0.81,Resolved,-0.09,4,3.13,bd3c4cb3-1882-4415-ac17-6e60ec7dc058,Minnesota,Mobile,True
9670c0bb-637c-412f-a0b7-23f4c68b6ac2,2024-05-04,Account Update,Human Agent,2.83,Resolved,0.21,4,7.94,294c45a2-5b21-44b3-be05-fa0cfdebe29d,Alaska,Desktop,False
38834228-8fb7-469f-9709-18f8adc624e4,2024-02-17,Technical Support,AI Chatbot,1.26,Resolved,0.06,3,3.98,8ae5186e-66a1-4777-9948-f7be5d3886f1,West Virginia,Tablet,False
dfba974b-00b3-487f-9530-8dd314d60ea4,2024-05-11,Product Information,Human Agent,6.59,Resolved,0.41,3,5.9,7d676487-8508-4c0b-8cc3-979a5e2161f5,Pennsylvania,Tablet,True
8544b151-0bc8-4aa7-b8de-5a2c1fe63c18,2024-03-13,Technical Support,Human Agent,6.69,Resolved,0.68,3,4.96,0337d3b9-1e07-4deb-b2c3-3a4e5d838a85,Kansas,Tablet,False
e989dc65-e191-43e8-8526-ba71d07408c5,2024-06-19,Password Reset,AI Chatbot,1.33,Resolved,0.62,4,0.45,49228263-e4e7-4721-b047-909938312e31,Michigan,Mobile,False
341494ad-8023-4083-a643-49aa08c4a77d,2024-06-20,Billing Question,Human Agent,8.84,Resolved,0.16,5,6.54,4e3d2756-9d98-4cb9-9c38-f93763e6fcc5,West Virginia,Mobile,True
2ed7aa81-5a01-43cf-9bbe-74562a54032f,2024-01-06,Billing Question,Human Agent,7.55,Escalated,0.57,1,6.78,1e33e3bf-0a85-4706-97b8-e3bdeadab45a,New Jersey,Desktop,False
cf870c56-89ee-404f-b22d-8fa976a75e2c,2024-05-30,Technical Support,Human Agent,9.12,Resolved,0.33,2,8.16,466eebaa-0d4c-4ad8-8d89-80bf21c2e070,Arkansas,Desktop,False
1ffee733-8c0d-4b94-84ce-3d64c3655f74,2024-05-25,Password Reset,Human Agent,8.12,Resolved,0.19,2,7.32,35f0fa39-4318-4a8a-abd7-d7b2ddc5433e,Georgia,Desktop,True
26bc1626-38fe-4148-b3d3-873e82528272,2024-03-12,Technical Support,Human Agent,5.02,Resolved,0.35,3,8.23,50b7761e-56b9-4822-bb43-e5645fa584c9,Arizona,Desktop,False
5d5a02a6-aa4b-453f-a7ce-10445396dab9,2024-03-09,Billing Question,AI Chatbot,1.3,Resolved,0.41,3,4.96,6eb6f425-ffa6-4495-aeb7-1ad0893d6c26,Delaware,Desktop,True
8224a0da-5510-456e-84e7-4d63cf52cea8,2024-01-27,Product Information,Human Agent,6.02,Resolved,0.41,3,5.33,3bcb732a-48e0-43d7-a70a-092540ede428,Oklahoma,Mobile,False
6bf638e0-5e6c-4e49-8f03-85cba20fb009,2024-06-10,Technical Support,Human Agent,12.25,Resolved,0.25,3,6.43,f2c00b0c-6d20-4e2a-82e0-5a1029a9d57b,South Dakota,Tablet,False
13a2adf0-1e52-47aa-b155-c2ad7f9da8d1,2024-02-02,Password Reset,AI Chatbot,1.65,Pending,0.48,2,4.75,db9a0c54-a83c-4ed8-98af-5e00a01dd389,Maine,Mobile,True
416f5e0e-0e3e-4360-b7eb-0ef0ce415177,2024-03-19,Technical Support,AI Chatbot,1.4,Resolved,0.75,4,4.57,b883d988-095c-499e-bcab-f8fbf37f985a,Indiana,Tablet,False
5b2c97da-1a3d-47ec-bc1a-680eccdbf9af,2024-03-01,Password Reset,Human Agent,10.18,Resolved,0.4,2,5.33,a032e040-7267-49d0-8f2a-341bb22194e1,Oregon,Tablet,True
055b4f38-ab86-4e4b-86c0-775b584ee74f,2024-04-24,Password Reset,Human Agent,4.77,Resolved,0.76,4,4.9,c3fc9be4-c24f-4fc3-a00f-c55f5daca536,Montana,Tablet,False
3a93edda-842d-43f6-ba6f-dbaf4b41a054,2024-03-06,Billing Question,Human Agent,8.93,Resolved,0.78,3,7.15,60ad6d37-5042-4301-ab6d-f277ef2e1608,North Carolina,Tablet,False
61a1ec5f-11fb-4683-b4bc-5caff72d1486,2024-01-04,Shipping Inquiry,Human Agent,6.32,Resolved,0.31,4,5.15,0640ae4d-a2e4-469d-b61c-e3b184dcc08f,New York,Desktop,False
25a34f17-1f50-45a2-ae6a-e4c48405dfb4,2024-02-08,Account Update,AI Chatbot,2.91,Resolved,0.65,3,4.06,ddbd6bdf-7d27-4623-8b18-6c19a6a1c010,Wisconsin,Tablet,False
51abc0b7-c401-42d3-b819-ec6cade6e6c2,2024-03-31,Billing Question,Human Agent,11.01,Escalated,0.79,2,6.1,0b4c090c-758f-41d8-8267-69a8fc226eb5,Maryland,Mobile,False
9a9e72be-6115-4cdd-91ae-be2abdc066f4,2024-06-15,Technical Support,AI Chatbot,1.31,Resolved,0.6,2,4.31,2f9edf0f-5184-43b4-811c-7b30eea901fe,West Virginia,Tablet,False
fa7ecf11-9f74-48e2-a9c9-aaae02dc29e0,2024-04-09,Shipping Inquiry,AI Chatbot,1.44,Resolved,0.21,4,3.52,6ac18a25-2b50-468a-96cf-1ddd2dfb5d35,Hawaii,Mobile,False
ffdc0430-bec2-41ea-9726-ab9db7098109,2024-01-29,Account Update,Human Agent,11.82,Escalated,-0.07,1,7.28,f1306600-eb7b-4a3f-b7d9-0ed3d00410ab,Texas,Mobile,False
70b76f1b-7fc6-4239-8859-77d8d7bc5d5a,2024-03-14,Password Reset,Human Agent,8.1,Pending,0.33,1,8.7,c42e9f85-a564-444f-9917-284c906fe58f,Kansas,Desktop,False
bb799d66-9c7c-4797-b8e3-f816ad2f574c,2024-01-17,Billing Question,Human Agent,5.75,Resolved,0.17,3,4.69,615fcf2e-bcfa-485e-9434-452e1b0d6cca,Florida,Desktop,False
9c4e9a45-dace-4d7b-992e-678d9abfacba,2024-01-25,Password Reset,Human Agent,5.86,Resolved,0.18,3,8.88,4579eb55-7856-40db-b32a-8c021eabc815,Arizona,Tablet,True
eae81460-92df-4190-af4a-9290170942e0,2024-01-10,Password Reset,Human Agent,3.61,Resolved,0.35,3,8.63,f4cfac7e-36e5-4bd4-bd9c-57f87104a11b,Mississippi,Desktop,False
6af04186-7997-432d-a4b6-0841c912b0bf,2024-01-15,Technical Support,Human Agent,9.3,Resolved,0.56,5,7.58,80062d23-531e-4f1a-ad13-300ffc6bb42d,Michigan,Desktop,False
14937588-b6f3-4b90-a0d9-daf829271eab,2024-01-25,Account Update,Human Agent,9.18,Resolved,0.61,4,7.47,9f84bd52-58e4-4002-a8e5-33f5611a2401,Kentucky,Mobile,True
c81da02c-20d4-4e36-a4c6-da5c2706b12e,2024-05-18,Technical Support,AI Chatbot,2.03,Pending,0.33,2,1.87,15db586e-1495-4fe7-afb9-74a24389afc8,Virginia,Mobile,False
83b221c3-890e-47b4-a2ce-3b7dbeaeb1ef,2024-05-26,Product Information,Human Agent,5.89,Escalated,0.31,1,8.42,9939a20e-240c-4aeb-908e-c1a7b44b75c9,Nebraska,Tablet,False
ad76fc68-1fca-45d3-8ab3-3efcf6a1cbe0,2024-03-20,Password Reset,AI Chatbot,1.89,Resolved,0.35,4,0.99,aa1d4e26-fc7f-4d83-b0a5-4bea5e4c38e9,Nebraska,Mobile,False
cc2d5147-2a93-420c-bbd6-a62ff6541f57,2024-01-27,Product Information,AI Chatbot,1.44,Escalated,0.62,4,2.55,541ff7bd-d8db-42ef-9f2b-555d7cb44186,California,Tablet,True
fc6538b4-f76c-40dd-b55a-2ee29384c84f,2024-06-23,Password Reset,AI Chatbot,0.93,Resolved,0.54,4,2.2,f540cc47-d43b-4ea0-ae4f-9e4a8b987b3f,Arizona,Mobile,True
c7ea6bbe-07bb-4bed-9be7-e10aeacd18f1,2024-05-30,Password Reset,AI Chatbot,2.83,Resolved,0.18,4,3.72,d033fa9d-76a0-4853-8c24-9c6dada2196f,Florida,Mobile,True
5f49e715-8446-4369-b03e-e1e1184c364e,2024-05-24,Account Update,Human Agent,5.79,Resolved,0.27,5,3.16,ef70b76c-ae3f-4015-aed6-691a71bebce5,Pennsylvania,Tablet,False
f9878ddb-3d89-43d7-bdde-5518ccde3ce9,2024-05-04,Billing Question,AI Chatbot,1.28,Escalated,0.16,2,5.05,8a830222-ac53-4276-ad6c-f04d23494d62,Nevada,Tablet,False
a220debb-a6e9-4c67-adca-5d17dc3fa022,2024-02-23,Password Reset,Human Agent,9.77,Resolved,0.76,5,4.38,3a343708-bbaf-44b4-9954-cc92176f56e7,Rhode Island,Tablet,False
b5b4f2e2-2622-4a64-bcb2-f24a2220e7c8,2024-02-03,Technical Support,AI Chatbot,1.45,Resolved,0.05,4,5.48,27fea650-e02c-4928-9d0f-a11cf1bdb4a6,Texas,Desktop,False
4db590b7-c893-4814-927c-594de15d66a7,2024-03-09,Technical Support,Human Agent,9.71,Escalated,0.58,4,5.86,0c3535ee-aefa-4c1c-846c-fa9da4e5130d,Connecticut,Mobile,False
e7253a0e-d1eb-405c-aae5-5e533b967d75,2024-03-24,Password Reset,Human Agent,7.72,Resolved,0.94,4,4.62,6507a813-a626-4e15-a12b-a14257eaa424,Texas,Tablet,False
af7966b2-c81b-4516-87a9-9c5a51f98709,2024-02-01,Billing Question,AI Chatbot,1.56,Resolved,0.47,4,1.74,4c70df9a-f9be-4ea0-ae59-c4a72bec4a8b,Pennsylvania,Tablet,False
72ad1c51-956a-4e25-b31e-59164ef8e46b,2024-02-27,Technical Support,Human Agent,6.66,Resolved,0.2,3,7.57,e9623e49-0a25-4f44-bd24-49a5cb7a9e8c,Maine,Mobile,False
dd12c92e-330d-4730-95ca-304f679e9e58,2024-03-02,Billing Question,Human Agent,9.14,Resolved,0.5,4,8.91,b92999b8-e2dc-424a-afc5-6a315de5dfd1,Kansas,Tablet,True
03f6de08-e7d8-40f0-bafa-216fc7ecf86c,2024-01-19,Shipping Inquiry,AI Chatbot,1.62,Resolved,0.33,4,2.54,0aaa9cb6-5e2c-499a-bdef-c4841f69bd0e,Oklahoma,Tablet,False
e9abf1e4-8b11-4d10-9d40-96c7ab648904,2024-04-27,Password Reset,AI Chatbot,1.07,Resolved,0.64,2,0.42,8e9ba233-45c6-49da-a863-66947ca8a0a9,Arizona,Tablet,False
b32d80b9-3e4f-4c1c-9df8-c1537dcace36,2024-01-30,Shipping Inquiry,Human Agent,4.37,Resolved,0.66,4,6.97,e999e9ca-6db6-4a33-a70c-41931a3739a9,Maryland,Tablet,False
3b900323-09ed-4860-866d-400f64fe8d25,2024-03-22,Billing Question,AI Chatbot,2.46,Escalated,0.24,3,0.49,cab9fa19-b8c6-466d-a24e-76db095e0b20,Missouri,Tablet,False
6096468d-b22a-45ee-8dda-741a8ad1e704,2024-04-15,Product Information,Human Agent,8.31,Resolved,0.17,3,8.0,ae37b81c-bc75-4120-9755-05a9a55f4dc8,South Carolina,Mobile,False
106e6c9b-92e6-4f15-9380-8e9927d4f42a,2024-01-21,Password Reset,Human Agent,10.42,Resolved,-0.05,3,7.65,858f34a8-2d53-4a82-ae33-f819a3c39e81,Washington,Desktop,False
3ac17f10-e507-4056-b65a-f8f550825e1c,2024-03-01,Account Update,AI Chatbot,1.01,Resolved,0.32,3,3.04,f1a6a12d-0e08-41bf-88bc-ac26eb7d3683,New Hampshire,Tablet,False
6e229040-b911-4523-bf87-6d892e9f3389,2024-02-04,Billing Question,Human Agent,7.87,Resolved,0.12,2,9.38,83e3d1f4-df89-420f-9802-4c0c0ee1685a,Nevada,Tablet,False
9c26087a-f415-4212-a034-aa28d7c95a1f,2024-01-24,Technical Support,Human Agent,7.67,Escalated,0.51,4,4.89,e4ebb0b2-509a-4646-9fa6-efe7cd58ed8a,Michigan,Mobile,False
ed510604-99a8-4daf-9773-09f4aed83bac,2024-01-16,Billing Question,AI Chatbot,1.15,Resolved,0.68,5,3.0,ec82f20f-5c15-4956-a5d7-f8854d3115ee,Pennsylvania,Desktop,False
57f1a75d-40b1-42fd-b081-fc3280b2b900,2024-04-02,Product Information,Human Agent,4.97,Escalated,-0.13,2,8.06,c881054a-3aac-49e6-818b-fc79b9208c55,Michigan,Mobile,True
e9c277a9-a0b8-41d7-b9b3-327123ca7045,2024-04-21,Shipping Inquiry,Human Agent,7.68,Resolved,0.39,3,7.02,a03f8932-02aa-4174-a4b1-ab9b2ce725c2,Tennessee,Desktop,True
23fc9482-e67f-4cf3-855d-f882cf14f8dc,2024-04-24,Technical Support,AI Chatbot,1.61,Resolved,0.24,2,2.2,bb39dee3-9ba4-451b-8088-e558d740eaf5,Washington,Tablet,False
9ffb5cf4-ff24-4fdc-bdc8-ff7295a42f12,2024-03-24,Technical Support,AI Chatbot,2.21,Escalated,-0.06,2,2.97,b4b6e307-4d3f-4f03-ba45-de6f47b8c281,Kansas,Desktop,False
9042445f-f2e2-4b7f-8bc6-3a89c7eac9a8,2024-02-22,Billing Question,Human Agent,0.5,Escalated,0.96,5,7.76,d5ffb34b-f45b-4205-9c50-49e934ac5f26,Maine,Tablet,False
ca7cf63a-818b-4ca2-83bf-d04a055bbf18,2024-01-03,Shipping Inquiry,Human Agent,8.62,Escalated,-0.13,2,5.03,3e341ab4-5cf3-446b-98e0-3b951c838bd4,Montana,Tablet,False
411549b3-f28e-4452-8353-4ee57fe3e532,2024-03-30,Account Update,Human Agent,5.06,Resolved,-0.28,3,6.69,b7df0631-0d6d-4d7f-b6e5-4489e27076dc,California,Tablet,True
c5dd410f-267e-4ee9-ba08-1a73a53030fc,2024-06-09,Shipping Inquiry,AI Chatbot,3.09,Resolved,0.25,4,3.09,e1e6e267-d1be-4e50-b6f0-2c9d1e48f63f,Rhode Island,Mobile,False
389d3e52-0f6f-4c53-9fdc-12227e507be1,2024-04-10,Technical Support,AI Chatbot,1.9,Resolved,-0.19,5,-0.99,83096ec6-68b9-4342-ba90-993e85479074,Iowa,Desktop,False
10dac76e-7933-42a7-b119-abc231524138,2024-01-06,Technical Support,Human Agent,0.5,Resolved,0.09,2,6.61,bd87a3e3-1c36-49d9-9f54-a739ae6fdfb8,New Jersey,Desktop,True
e015699b-aad6-4b08-a055-db38a1986cb8,2024-02-04,Billing Question,AI Chatbot,1.66,Escalated,0.62,4,3.59,05da2d43-e3be-4087-bf78-c7097fba8f18,Utah,Desktop,False
bae41c70-ac23-4e8e-b269-3ae019e8e918,2024-06-22,Account Update,AI Chatbot,2.37,Resolved,0.23,3,2.44,d515f7b7-c512-4634-aa6b-c69c2931601f,Mississippi,Desktop,False
805f5bec-6452-431b-af04-79adbad62a2e,2024-02-08,Shipping Inquiry,AI Chatbot,0.2,Resolved,0.55,3,0.57,77f9a50c-437f-4821-865d-5fabb27bfad8,New York,Mobile,False
82cc4bf9-e049-42f2-aeeb-34d11d25009a,2024-04-09,Account Update,Human Agent,4.39,Pending,0.3,1,5.1,bb89f243-86fd-4d60-93fb-de90a0d088a2,Indiana,Desktop,False
c1b22d12-e4a9-421b-ad77-df65a94febc2,2024-03-01,Technical Support,AI Chatbot,1.09,Resolved,-0.04,4,1.51,6ca7baab-f6be-44f1-b408-61c115ad97fc,Michigan,Tablet,True
17a2cda4-0e1c-4f0b-a679-4499db4ab76a,2024-04-24,Password Reset,Human Agent,8.75,Resolved,1.0,3,5.33,54d6679e-7f86-4661-b169-68d829ec4990,Oklahoma,Tablet,False
9b953861-da5b-448d-ad50-711cf716d03e,2024-02-22,Technical Support,AI Chatbot,2.54,Resolved,0.47,4,2.04,bfbd9954-29e3-4bac-9ee6-8cdd73e4cac3,Wisconsin,Tablet,False
c0b2d603-3271-43f8-8642-ba813818b84d,2024-05-05,Password Reset,AI Chatbot,0.7,Escalated,0.41,4,1.47,32a6c5dc-6fd9-4d85-b9db-4d618b043026,Nevada,Desktop,False
fe5400fc-3b7b-40bd-a9ab-3a7a21ad8a25,2024-06-20,Account Update,AI Chatbot,1.99,Resolved,0.46,5,-0.44,dfd1541a-f938-4380-897d-faaeac087e37,South Dakota,Tablet,False
630bac79-21e1-427a-a3ff-e8c41d9ffbc6,2024-05-11,Billing Question,Human Agent,2.46,Resolved,0.5,4,6.62,2a2125b7-5562-4be3-bb61-2530965188d6,Delaware,Desktop,False
59f270b7-a1cf-4561-ba37-dcb14e7727ad,2024-02-06,Product Information,AI Chatbot,1.37,Resolved,0.11,3,-0.4,ce4254b5-0e04-4243-aa4d-a86477253614,Ohio,Mobile,False
3fb8c927-aeff-4227-a248-4f62453185e0,2024-05-13,Password Reset,AI Chatbot,1.83,Escalated,0.14,1,1.17,6cf3ac8e-bf94-4a1a-a1e7-f20c418d8e69,Pennsylvania,Tablet,False
3af39b57-413e-457d-b3e5-78e9421586d2,2024-02-06,Product Information,Human Agent,14.52,Resolved,0.26,3,9.66,2da97625-275f-4f0c-bee8-b86e45b6ee6b,Rhode Island,Mobile,False
ee13e0f3-d4b9-4f10-9bc2-66265f37595b,2024-01-02,Billing Question,Human Agent,5.69,Escalated,-0.04,2,8.55,c50a14c0-8c0d-4cc6-b9a1-4e134f5e975a,New York,Mobile,False
09956765-f662-4efc-8dc5-1a6ac689b275,2024-03-18,Account Update,AI Chatbot,1.36,Resolved,-0.05,3,6.4,45b34b11-6416-46fa-b87d-ace8a4a6954c,North Dakota,Desktop,False
f4a79199-e738-4b96-b9e3-0afe205e0d25,2024-03-08,Product Information,Human Agent,6.79,Resolved,0.62,3,6.72,89435cf3-8ef6-47b7-a0c8-b4213d5e66ba,Montana,Tablet,False
0704b8fc-9fd5-407e-beb4-f1e03a26ba56,2024-01-15,Product Information,AI Chatbot,2.22,Resolved,0.52,4,5.35,06283dac-abf1-458d-a4f3-0624a9160a1b,Florida,Desktop,False
805fd2f7-104d-4ed3-b7e4-000ba04eb8e4,2024-01-09,Product Information,Human Agent,9.25,Resolved,0.88,2,4.68,48d58f58-0aa3-4e0d-a7c9-c16ce194ca02,Mississippi,Mobile,False
ca4ec324-f7d7-4f3f-b5c4-893817c600fe,2024-04-05,Shipping Inquiry,Human Agent,10.15,Resolved,0.58,4,10.72,de681b12-747a-4ba9-9693-3608f043fa99,South Carolina,Mobile,False
7090bdab-28e4-42ec-960e-9725fecfda3b,2024-03-07,Shipping Inquiry,AI Chatbot,1.6,Resolved,0.65,4,0.81,28459cdc-1fed-4657-aa82-4c3c8d1b2d5f,Georgia,Mobile,False
09646c75-ca9e-4e73-9943-c754e008e3d7,2024-04-11,Account Update,Human Agent,2.92,Pending,0.53,3,8.55,2eee08ef-0b7c-458f-bc41-aa12974f20be,Missouri,Desktop,False
26f3649a-da46-489e-a0ea-23e6768d0f52,2024-01-03,Shipping Inquiry,AI Chatbot,2.17,Resolved,0.22,3,2.28,ef6d220f-36b4-49e9-aabd-860166a4d097,Texas,Desktop,False
1928c61f-04ec-47a6-81d0-5a397a224673,2024-02-24,Technical Support,AI Chatbot,1.57,Resolved,0.35,3,3.18,41e18ab9-d0c2-46ce-81b9-7662e74d3ddd,Minnesota,Tablet,False
b8f32045-65da-43e7-a3cf-7d14a4e43622,2024-06-07,Product Information,Human Agent,0.75,Resolved,0.28,3,7.17,4c34b619-807d-43df-b5ef-2528b775cdec,Michigan,Desktop,False
ee2e1d7a-0b26-478c-9961-4448e2ce02f7,2024-04-03,Shipping Inquiry,Human Agent,5.48,Resolved,0.46,5,5.51,ff07e90c-bb1c-4a84-9fd4-0237e20a080d,Massachusetts,Tablet,True
f4145214-b618-4e0b-a425-9d598999947b,2024-03-22,Product Information,Human Agent,10.17,Pending,0.41,1,7.8,7102eba8-df7a-46bf-89c9-08284a954a8f,Oklahoma,Mobile,False
b5b6bcb0-3b75-4e0f-ae2a-10b58ff42d4b,2024-04-25,Account Update,Human Agent,6.04,Resolved,0.22,4,4.8,78ac7728-84e5-474d-9af5-f76819110628,South Carolina,Desktop,False
f71832ed-428c-4595-995e-fa4f03850880,2024-05-17,Product Information,Human Agent,16.86,Resolved,0.36,3,5.92,aa53ecb6-8f97-4f67-b0c5-f67a708e06a3,Arizona,Mobile,False
33d1240a-fa7e-4d38-9325-267b0cce94ed,2024-04-06,Billing Question,AI Chatbot,1.97,Resolved,-0.16,2,-1.01,7801bbe8-fd69-4270-954b-365eabefeac1,Florida,Desktop,False
9278ec93-8bef-46f8-a014-29ca92b1f0ac,2024-05-07,Technical Support,Human Agent,4.43,Resolved,0.24,4,4.57,4c75e12a-3142-4efd-bc23-6d6199c97cda,Virginia,Mobile,False
e5b9a712-2ce5-4db0-9631-76e60e2ce789,2024-04-04,Product Information,Human Agent,11.54,Resolved,0.46,2,4.67,16461d5a-02cb-4a87-92ce-e02b905bead6,Tennessee,Desktop,False
9320a077-8f25-4ed8-98a4-63652106808b,2024-03-12,Account Update,Human Agent,4.89,Resolved,0.18,4,8.18,f2bc53cd-1c82-48ee-9df3-b16ba8a1b50e,New Hampshire,Tablet,True
ac96bdef-5ee6-40cd-887d-f9c25e541db7,2024-04-04,Shipping Inquiry,AI Chatbot,1.61,Resolved,-0.4,3,2.5,5f6705c4-c53d-4223-bc05-27f05af931af,Oklahoma,Tablet,False
9e693248-12d2-47c9-881f-200e9d871076,2024-01-14,Account Update,AI Chatbot,1.95,Resolved,-0.26,3,1.32,d3911626-dd29-4990-a2b4-2ba8a439e0a7,South Carolina,Mobile,False
1034a9e5-f6c8-466c-9052-3a313d22419a,2024-06-19,Shipping Inquiry,Human Agent,4.42,Resolved,0.16,3,7.98,e98bd1da-517f-45fe-8932-1bf034edd9ef,Nebraska,Tablet,False
ddad9f86-b0a4-4503-8c49-f3519e258a37,2024-05-20,Product Information,Human Agent,13.37,Escalated,0.43,3,6.56,fb9b7b03-5d18-412e-89b0-abf143798e15,Idaho,Mobile,False
7bad6104-f2d5-42e6-b133-680a1253439a,2024-03-24,Product Information,AI Chatbot,1.39,Resolved,0.39,3,1.56,c55611e6-7ef6-4e01-b0f1-29be950e1cd9,Indiana,Desktop,False
f6e8f3ac-f20a-468f-899f-9047bbe797c4,2024-04-06,Billing Question,Human Agent,8.62,Resolved,0.16,3,9.5,edad174d-a979-466b-983b-077774a8d991,Oregon,Desktop,True
27ccf3da-7f07-4da1-89cd-d051b324063e,2024-06-05,Shipping Inquiry,Human Agent,4.32,Escalated,0.4,3,9.25,7296be9b-8edd-447a-8a75-daf16288da7a,Florida,Desktop,False
cef25931-99e7-4abc-9d07-f5ddce995d32,2024-01-04,Product Information,Human Agent,8.61,Escalated,0.68,4,4.46,f5ec3790-1e2c-4c74-b7e9-a727a7cd7389,Vermont,Tablet,False
f087847b-bfe5-4ed9-89f5-fdfa23ce34ff,2024-04-30,Shipping Inquiry,AI Chatbot,0.66,Resolved,0.07,4,4.5,c3e75604-c23f-4d52-aaca-70a9d1662bd4,Missouri,Mobile,False
95e2f77c-a14d-4117-a661-4abe5b498643,2024-06-16,Product Information,Human Agent,6.89,Resolved,0.25,2,5.88,b67f523a-a470-4798-a37b-333c6c594349,Arizona,Tablet,False
279fca15-9ef9-48ec-a68b-c90bb88e705a,2024-05-31,Billing Question,Human Agent,8.2,Resolved,-0.08,3,7.21,f3525b85-fff0-4cc8-b021-78393861667e,Florida,Desktop,False
091f4861-62d5-4d84-bd34-71c0d7bc5bf0,2024-03-13,Password Reset,AI Chatbot,1.7,Resolved,0.37,3,0.95,9c1835fe-21bb-48bc-b000-9c957b05fa73,Virginia,Desktop,True
02dae023-41ca-4620-bfd4-06654a472d32,2024-06-24,Password Reset,Human Agent,3.04,Resolved,0.3,3,10.78,b64f437a-b0ae-453a-88af-1bd7e4219353,Nevada,Mobile,False
25132829-3492-4217-99b3-01bd7be2ebf8,2024-05-08,Account Update,Human Agent,7.44,Resolved,0.42,4,7.38,15a97291-68d8-4a52-88da-4b55493650dd,South Dakota,Mobile,True
ee77aec8-2c15-48a3-9705-005c30d1d103,2024-02-16,Password Reset,AI Chatbot,2.26,Resolved,0.64,3,2.14,6a956953-03f9-42f5-82a0-c13f6916f542,Georgia,Tablet,False
739713df-c0e8-4e95-ae55-b5e94e6eec06,2024-02-24,Password Reset,AI Chatbot,1.58,Escalated,0.32,1,3.62,009636b2-fa4d-486a-98ea-fa8e0b223342,Nevada,Desktop,False
0bac67b3-7bfe-4b62-b62c-db4b2c78e69c,2024-03-15,Technical Support,AI Chatbot,2.0,Resolved,0.21,4,2.43,3181a377-eaa2-4525-9e99-f98ed210484b,Nevada,Desktop,True
83ec56df-85ba-47d3-b6d3-52bf893078d4,2024-03-29,Password Reset,Human Agent,7.95,Resolved,0.35,4,5.04,f4ac1bec-0029-474f-817b-67c0e8888b62,Alabama,Mobile,False
6ffe72ef-efb2-4cd8-a5bb-cafdfae7d152,2024-01-05,Shipping Inquiry,Human Agent,1.34,Resolved,0.54,3,6.66,bdfb8cab-7d21-4add-bf00-78979afa2906,Indiana,Desktop,False
9a8e5f75-c2ff-4b2e-8ecf-4790b7b2da34,2024-01-10,Product Information,AI Chatbot,2.13,Pending,0.18,4,1.52,2c5453e9-259b-4973-b9c7-ea060cbe7641,Oregon,Tablet,False
608f1917-88b7-433a-9a65-704e2a32e9e4,2024-06-04,Product Information,AI Chatbot,2.27,Escalated,0.56,1,2.78,79aa9890-a9dd-4313-8552-df60f8068ceb,New Jersey,Tablet,False
75c31143-dfe0-4110-9c9b-220c26d5d683,2024-06-03,Billing Question,AI Chatbot,1.82,Pending,0.26,3,3.28,cac08fba-105b-43d0-a6e9-4f9ed98cd107,Delaware,Tablet,False
f124c2b5-c625-431c-8cb4-209bfc63e02c,2024-03-30,Billing Question,Human Agent,4.7,Resolved,0.57,4,6.35,03b61316-3a4b-4d23-8f89-d95c2b03b90e,West Virginia,Tablet,False
4274b2b7-7831-4afe-a989-eb7da194ee24,2024-04-21,Technical Support,AI Chatbot,1.29,Resolved,0.35,3,0.97,2b9406ef-6c4c-4e7d-a7f5-e65350c7acd5,Washington,Mobile,False
335a7110-4344-48b9-a1ff-4d080bb0e3be,2024-02-24,Password Reset,Human Agent,7.28,Resolved,0.46,4,6.38,8181609f-c3a6-4874-891a-68b58ee4d4d8,North Dakota,Tablet,False
c9b02c05-ec20-4f17-9ca9-885899202252,2024-06-21,Account Update,AI Chatbot,2.26,Resolved,-0.03,3,1.77,5b3af7bc-426a-4401-9360-475ec1408cbe,Utah,Mobile,False
b21e1904-4ea6-43e9-9b5f-ba63a993544f,2024-03-19,Technical Support,AI Chatbot,0.74,Pending,0.56,4,2.56,a62e8d12-f625-4955-a04b-127d32e87462,Wisconsin,Desktop,False
2ed8347f-00ff-44a4-b0a9-5e1f8f021ad9,2024-01-04,Account Update,Human Agent,3.95,Resolved,0.85,4,8.04,a62ff655-8757-46a2-b57d-c421cddfa10b,Georgia,Tablet,False
90ca8512-3a08-4c07-92d8-ab891e582743,2024-01-08,Password Reset,Human Agent,12.76,Resolved,0.95,3,5.34,726c5e15-d5fa-493a-9b2b-6497a3702d2e,New Jersey,Tablet,False
4e6f94da-a94c-4210-923b-6b73a571dc08,2024-03-29,Account Update,Human Agent,5.29,Resolved,0.55,4,9.02,b49f0fc9-80c7-44a4-8573-8509d05bee3b,North Carolina,Tablet,False
b7f474d4-7e55-4288-b5fe-e5768bd7bbc2,2024-06-06,Account Update,AI Chatbot,0.67,Resolved,0.22,5,6.88,63f3745c-f25e-4271-9ff9-207220ba5f22,Tennessee,Tablet,False
3f9de95b-234b-465c-8c86-388c5e3ada6f,2024-02-26,Product Information,Human Agent,6.62,Resolved,1.0,3,6.56,c949bc56-f1db-48c9-bd21-d685e595f019,Iowa,Desktop,False
4b31e7a3-5602-4091-bc94-b957333711e9,2024-02-05,Billing Question,Human Agent,8.12,Escalated,0.51,2,9.12,f870a24b-a243-4338-9d70-ec826d2ec8e2,South Dakota,Desktop,False
78538efd-2616-47a8-95be-3f95fa8c9dc3,2024-01-02,Billing Question,AI Chatbot,1.22,Resolved,0.21,3,2.76,47675630-d9ea-4b8b-abe3-8723742e8d71,Washington,Tablet,True
a362bef7-d778-4c77-b1f3-29213710b674,2024-04-25,Shipping Inquiry,AI Chatbot,1.65,Resolved,0.1,4,2.12,252da2f7-0362-4613-878c-92079601d693,Vermont,Tablet,True
59a1514a-3c22-4682-b091-fb41f93cce26,2024-04-18,Password Reset,Human Agent,4.24,Resolved,0.22,3,6.45,417dc140-e2a8-4e89-a4f2-e6d05db83f15,New Hampshire,Tablet,False
ffb7842d-a2e3-41cf-ab41-33ee676df890,2024-03-20,Account Update,AI Chatbot,0.62,Resolved,0.62,3,4.89,c9a9580d-ca89-46c5-a686-8b20433c2ff2,Indiana,Mobile,False
2f3aef60-5b3a-4b05-ace0-e917ceeef315,2024-01-22,Technical Support,AI Chatbot,1.18,Escalated,0.1,3,2.45,8f5f85fb-4074-4e00-b412-a0df94dd841a,Minnesota,Mobile,False
d5683f4a-293d-49bb-a4e7-b833ec6e0cd5,2024-06-09,Technical Support,AI Chatbot,1.37,Resolved,0.51,4,4.36,10d57e06-8e16-4776-873e-4d9691bbb27f,Georgia,Tablet,False
84a1b242-56a3-4064-9c9d-390d68ec8cdf,2024-04-11,Billing Question,AI Chatbot,1.49,Resolved,0.15,5,3.37,8751d07b-024c-4ce9-9a11-2ab6c23784db,Wyoming,Tablet,False
1e3e23e9-fb4c-4bc7-a735-bb8a43ac36c1,2024-03-13,Billing Question,Human Agent,7.36,Resolved,0.41,5,5.44,907df5fd-4ab6-4e4a-ad9d-86c6b369080a,Kansas,Mobile,False
0fa37331-4f97-4c8b-8e98-09e7df190f75,2024-03-06,Billing Question,Human Agent,13.83,Resolved,0.48,3,4.84,b51b7ddd-e8be-41d3-b4e2-5a51f111acc3,Maryland,Desktop,False
82af7c3b-5951-45a6-a7b8-16ac5d1922ef,2024-03-09,Product Information,Human Agent,8.35,Escalated,0.25,3,6.89,aaa9a447-9481-4bf6-af55-bd76e718b6ee,California,Tablet,False
93b4fd62-5d01-41b8-b2ba-5a3555345390,2024-02-15,Billing Question,Human Agent,9.27,Escalated,0.61,3,3.46,5bab8fa3-9db4-46bd-a16f-d88c504fc013,South Carolina,Desktop,False
df1b3b2a-3dfc-4046-98cd-93991197ebde,2024-03-15,Product Information,AI Chatbot,1.14,Resolved,0.25,3,3.26,1bf2d858-4db2-497f-83df-d3006f377210,Hawaii,Mobile,False
d6541753-6d2c-4186-a869-975b40124713,2024-05-30,Technical Support,AI Chatbot,0.33,Resolved,0.59,4,1.85,2ff643bb-c6d6-481c-bab6-2d77a3d18992,Florida,Mobile,False
5cc0ae3e-908b-4e5b-859d-9ab068132c3a,2024-02-10,Password Reset,Human Agent,7.8,Escalated,0.99,1,6.99,4de55c2c-c525-4ebf-a548-17c842243b41,North Dakota,Mobile,False
b46eeaa1-f329-4795-a0d1-48418a44503b,2024-06-27,Password Reset,AI Chatbot,1.69,Resolved,0.51,4,4.82,da980dc0-5190-4fe4-ac6b-a278c096407d,Arkansas,Desktop,False
bcef232e-f54b-4b43-8726-5b68bd3ed295,2024-04-30,Account Update,Human Agent,8.49,Resolved,-0.1,3,9.13,05dbb06d-e8d1-42d9-bcb9-73ec52400635,Rhode Island,Tablet,False
a765a5cc-0811-45e9-8af8-2392f0079a43,2024-06-28,Account Update,Human Agent,4.9,Escalated,0.16,3,4.04,fc9e64d1-0e0b-4607-9860-0dda9236d914,Kentucky,Mobile,True
df29dfad-6428-403c-9f37-1d071f84781b,2024-06-06,Technical Support,Human Agent,1.07,Pending,0.73,1,4.7,e3b18f67-6a2e-404c-8d33-3dfbb3f07d47,Illinois,Desktop,False
819e7395-ca9d-43b8-ab90-f625d1b40bc0,2024-05-03,Technical Support,Human Agent,0.5,Escalated,0.8,3,6.28,10554638-c5fd-40c8-bfd9-3780e12db319,Alabama,Desktop,False
8529736e-dea8-41bc-bad2-579a8024e189,2024-03-20,Billing Question,Human Agent,11.86,Resolved,0.07,3,5.4,d121dc0b-4093-4f6c-971d-9196afa5046e,Michigan,Tablet,False
868a560a-ad27-47e2-abde-cbd08aa189ea,2024-02-25,Product Information,Human Agent,13.47,Escalated,0.21,1,7.64,6c3643c8-8b08-49bd-bee5-bd1a409719c2,Colorado,Tablet,True
d6e33ca4-dfd6-44b5-a0c4-befad5e1a6df,2024-01-16,Billing Question,Human Agent,9.37,Resolved,0.35,5,8.51,2fd2871e-776e-4b99-a19d-f28bfdba9f0e,South Carolina,Mobile,False
57df291f-0b3e-4432-8c74-3b2680fa0b9d,2024-02-06,Shipping Inquiry,Human Agent,5.23,Resolved,-0.46,3,5.91,aa82d253-3c41-451e-9521-7bab86e95cd9,North Dakota,Mobile,False
9fdcf064-e579-47c0-a767-5100b0af31ea,2024-05-04,Billing Question,Human Agent,5.42,Resolved,0.7,4,8.62,baec80ca-6004-4eee-91a9-39886f39ffc2,Maryland,Tablet,False
2b930dc7-1f1a-4583-852d-3f7a1e39b72b,2024-03-25,Shipping Inquiry,Human Agent,7.37,Resolved,0.46,4,7.0,a7fc0f40-3246-4f24-a21c-5f4bf05a61fe,Indiana,Mobile,False
6f6e85f4-9b50-4173-a1f8-39167907af7c,2024-05-18,Billing Question,AI Chatbot,1.88,Resolved,0.14,3,1.92,50b8025c-f27c-4d97-b5a3-9a997ff18a26,Indiana,Tablet,False
1af3b76b-f03a-4aa7-8688-f3cfc76c66dc,2024-03-12,Technical Support,Human Agent,10.19,Escalated,0.68,4,7.61,3c8b4554-2034-4f2b-84d8-f087c562223f,Ohio,Desktop,False
ee7cca22-adc6-437d-bf84-6e4b3cec7719,2024-02-28,Password Reset,AI Chatbot,1.48,Resolved,0.24,2,4.01,3352a5e0-1152-4656-9750-d81c46864b0a,Wisconsin,Tablet,False
317bae95-ff2a-472e-8e2c-8028a91a4f5a,2024-05-24,Product Information,Human Agent,3.22,Resolved,1.0,4,8.74,99506782-7682-4cf1-bb78-f26bbb7aab2a,Alaska,Desktop,False
533923af-0af3-4cdc-9a8a-f8e9d9880d2c,2024-06-16,Shipping Inquiry,AI Chatbot,2.35,Resolved,0.41,3,3.89,a4429258-517a-4379-8d96-bd6a52594cbd,Minnesota,Desktop,False
94e3882f-0421-4105-addb-0ecef65bedc0,2024-06-16,Account Update,Human Agent,12.19,Resolved,0.37,4,6.42,90f9f8a1-343f-464b-a4a9-f934e1288233,West Virginia,Tablet,False
b1f14ae2-ed4b-41ef-95b3-4a1aa25a000a,2024-01-28,Account Update,AI Chatbot,1.65,Resolved,0.37,3,3.63,f476f804-994d-41c1-afbb-4240e0b2fde1,Mississippi,Desktop,False
c996cd07-450b-4c84-9a70-1ab8c66f7eb7,2024-03-23,Shipping Inquiry,Human Agent,7.42,Resolved,0.37,3,7.04,41b9bb92-33a0-4127-8897-9b60bb177059,Mississippi,Desktop,False
40ce2bd8-58be-4179-b3d1-70ec0f4fbfd7,2024-03-09,Shipping Inquiry,Human Agent,3.33,Resolved,-0.05,3,5.58,2aaca4f0-cf02-494a-9fd6-3dbeea318895,Oklahoma,Desktop,False
649b726c-e3c5-4544-b49f-f42c310086f1,2024-01-04,Shipping Inquiry,Human Agent,4.0,Resolved,0.68,4,6.14,e76fb2d9-1a3d-4817-8cdd-99d0fdcbca8e,Illinois,Tablet,False
353ebe6b-bdb1-4959-bebd-45abcbf1e9fe,2024-06-22,Account Update,Human Agent,3.04,Resolved,0.33,2,8.95,244f2302-4d16-4b5b-bc1e-ca746f0c7be5,Montana,Tablet,False
80cba5ad-caf5-4dd8-b716-49721d3519c5,2024-05-30,Password Reset,Human Agent,6.77,Resolved,0.31,4,8.01,e6d67916-31a2-494d-8414-62a4217d1005,Arkansas,Mobile,False
d9783081-4194-4221-94f8-98bd8b11c84b,2024-06-15,Product Information,Human Agent,8.69,Resolved,0.43,4,5.38,44544848-3827-4b6c-bee9-bd53e9eb2c69,Vermont,Desktop,False
a4d8a815-44f4-4e4c-89bd-b9208628ce9a,2024-04-04,Account Update,AI Chatbot,0.35,Resolved,-0.0,4,2.56,60bf7b33-31cb-4f53-b989-6bd7b722d4b3,Arizona,Mobile,False
45227efb-779c-4457-a53b-95db8ff23f30,2024-04-01,Technical Support,AI Chatbot,2.26,Resolved,0.2,4,4.31,20bf624a-71d1-452a-b8aa-2a5c76507a97,Wyoming,Desktop,False
d35ee29a-4ba6-41ac-be5e-eb496d249590,2024-03-30,Account Update,AI Chatbot,2.12,Resolved,0.24,4,2.8,526a458a-c9c3-4f22-8d58-e04842537883,Pennsylvania,Tablet,True
2c32e592-0cad-4d3f-9857-b5d015601640,2024-03-05,Password Reset,AI Chatbot,1.85,Escalated,0.11,4,3.18,37a1b4b2-c5fc-4875-a731-b46cbe96ac27,North Carolina,Tablet,True
41df8c7b-361d-4124-a222-7c734c524065,2024-01-30,Password Reset,Human Agent,5.81,Escalated,0.73,3,8.0,5d7847c6-0a7a-44bd-9a4b-4d3ee85c58df,Connecticut,Tablet,True
c4ee2531-ee57-48a6-9434-c72a36959a46,2024-04-13,Account Update,Human Agent,10.49,Resolved,-0.0,3,8.4,19409634-0cf7-4b2d-ac7e-2072d294f821,Alaska,Mobile,False
14363f58-0989-4455-acd4-c6de259fea37,2024-02-16,Billing Question,AI Chatbot,2.02,Pending,0.59,1,2.05,a3ad3b0f-5629-41e1-9275-9836d6a1666e,Missouri,Desktop,False
21e1d7f3-73aa-4cdf-9b0f-1b74752875ca,2024-03-03,Product Information,AI Chatbot,0.91,Resolved,0.04,3,1.63,5a619f84-c18e-42fe-be00-0d9f38de851b,Hawaii,Mobile,False
f218f603-8627-4fea-8dc0-6b178f3a2b17,2024-02-11,Shipping Inquiry,Human Agent,10.71,Resolved,-0.2,3,5.68,2596615d-3214-4676-84fa-1d161076d189,Nebraska,Tablet,False
4baf527b-a6ed-4ba1-972c-896f4bc98799,2024-06-24,Technical Support,AI Chatbot,2.25,Resolved,0.37,3,4.08,370fff04-e4dc-4563-bb03-194c636fa223,Colorado,Desktop,True
a77e581f-a936-4ce4-adca-d4e7e9de3092,2024-01-22,Shipping Inquiry,Human Agent,10.26,Resolved,0.13,3,9.21,62a8e59f-6088-4dfc-8fdb-4ee9d09150cb,Alaska,Tablet,False
6c99905f-4997-47bd-ac2b-fafc84fe59cb,2024-03-01,Technical Support,Human Agent,7.01,Resolved,0.56,4,5.57,ec3c21bf-1ec9-472f-9f26-564f883f9639,Idaho,Tablet,False
398c62ea-1581-42c8-937f-81b8150ca288,2024-02-05,Product Information,AI Chatbot,1.15,Resolved,0.42,3,2.8,cb49f2cb-ff73-4cee-a23b-3e42e7b57ce4,Delaware,Tablet,False
c8ff06fb-de4e-418a-bd0b-e5d988ebfb89,2024-01-16,Account Update,Human Agent,6.21,Pending,0.62,2,6.5,708507d4-eb49-48a8-a340-4d140698cb03,New Hampshire,Desktop,True
16585e34-4221-440b-8fec-44f3f5b8b41e,2024-05-24,Product Information,AI Chatbot,2.31,Resolved,0.32,3,2.97,09d23201-8201-437b-9b45-7204d44889ad,South Dakota,Desktop,True
33a47ba4-999f-499b-a175-fef2b4730a1e,2024-04-08,Password Reset,Human Agent,6.47,Resolved,0.46,4,5.24,3f6811cf-524a-4671-b08c-2650de8ac48d,North Dakota,Desktop,False
eeb2c48a-60a6-4909-91ee-a4f54b29fed9,2024-01-15,Billing Question,AI Chatbot,1.29,Resolved,-0.14,3,3.35,ce84c8f7-d575-4817-9baf-bfd5e9659dc4,Idaho,Desktop,False
e79d8770-ba88-413f-a93f-4611e4e1b3f4,2024-03-25,Password Reset,AI Chatbot,1.74,Resolved,0.2,4,4.45,bd8b9261-c0d6-4fba-86a6-67db03fd8ef5,Alabama,Mobile,False
3a5e2c88-ab10-4007-bbb2-eef40c538921,2024-06-27,Password Reset,Human Agent,5.91,Escalated,0.17,3,4.65,eede408d-258d-4fff-b69f-70976c142499,California,Mobile,False
a2c253c0-e3ff-483b-aa5c-0ccb31faf07d,2024-05-24,Account Update,Human Agent,12.12,Escalated,0.56,2,10.11,bd167f27-ea82-48b7-88c8-69b93265ff69,Ohio,Tablet,False
646d318b-1237-45a8-82ad-071d55d7edf8,2024-02-09,Technical Support,Human Agent,5.78,Resolved,-0.08,3,5.61,9422a18d-9c7f-426e-ae23-8e5667ac088d,Missouri,Tablet,False
ad32273a-d3bd-4e8d-9abe-560826867897,2024-03-07,Password Reset,AI Chatbot,3.17,Resolved,0.43,4,2.23,f7b86640-68f3-4f7e-997c-d1a0de971695,Tennessee,Mobile,False
5a1769b6-5ad7-4253-8ec8-7837b5acdba8,2024-01-30,Technical Support,Human Agent,6.54,Resolved,0.38,3,7.51,8e17e0cf-496b-424f-a456-b3f2f45a827d,Texas,Tablet,False
e4924d5c-4816-4adf-98ba-fa9423e8a119,2024-01-08,Shipping Inquiry,Human Agent,2.09,Resolved,0.45,3,7.18,c3d4e6ec-f686-41d8-9b76-b14af4c59b12,Kansas,Mobile,False
414e89ad-5425-413e-88c8-88fa59a5c8dd,2024-04-21,Billing Question,Human Agent,12.52,Escalated,0.29,2,6.06,1a5cec80-a743-4b5e-8fe8-1b25f1347107,New Mexico,Mobile,False
c2a58be2-1ac8-4abd-acc7-7a4a9390f6a4,2024-06-21,Billing Question,AI Chatbot,1.48,Pending,0.18,1,0.1,a02d395d-cc01-45ca-9567-38e7c1bb2610,Ohio,Mobile,False
a4f40be8-e235-40c2-ba0f-1207ae3f7e49,2024-05-16,Shipping Inquiry,AI Chatbot,1.66,Escalated,0.3,4,3.92,642b86dd-6731-48fc-b0c9-c5bed5f78bae,Florida,Desktop,False
9ac5cc95-5b75-4a7c-95e2-d250b30423d8,2024-03-09,Shipping Inquiry,AI Chatbot,1.13,Escalated,0.49,2,2.01,a3c9dc41-7315-42f8-9e67-04b57de9ef40,Illinois,Desktop,False
0a2ca988-acb7-49c5-977c-98d5f4c37571,2024-03-30,Product Information,Human Agent,9.69,Resolved,0.32,5,7.46,e0c8f8ac-f811-4f40-88c2-23f5492a7c30,New Jersey,Mobile,False
3cdd3979-f0d6-4a5a-a190-4e36415f56c4,2024-02-10,Product Information,Human Agent,10.42,Resolved,0.81,5,6.4,d0928b86-10df-449b-8c9f-de28edf5c81f,South Carolina,Desktop,False
f347e506-c073-4aaf-a24e-3f2129f62495,2024-03-30,Product Information,Human Agent,0.5,Resolved,0.41,3,6.7,540a1202-14db-46a0-87a8-1110fb3bd712,Massachusetts,Desktop,False
2f24b39b-9c43-4d5f-b56b-2b0009357d1f,2024-04-03,Billing Question,Human Agent,4.57,Resolved,0.69,4,6.95,10a8154e-7c84-49fb-91e1-d1a351ac795d,Minnesota,Desktop,False
33dbd852-053d-4201-ad76-3323cb774ece,2024-01-19,Billing Question,Human Agent,6.39,Resolved,0.27,4,9.06,bea80319-ce7f-45d1-96b8-d23581988265,Maryland,Desktop,False
7b15d0ae-3cbc-4b31-9318-796e190c58ed,2024-02-01,Billing Question,AI Chatbot,1.02,Escalated,0.26,1,2.87,371c1803-b1be-42d4-b332-f2ead71c2390,Kansas,Tablet,False
aee3ea82-ca69-4828-b4ff-56d997281d52,2024-03-02,Product Information,AI Chatbot,0.54,Resolved,0.26,3,1.6,ba88baa9-c64f-4496-8104-4dba77a84c08,Florida,Desktop,False
86edf90d-a87a-4f64-a960-5adea23e8be5,2024-02-20,Billing Question,Human Agent,5.56,Resolved,0.63,2,7.56,84d3f785-c398-4bb2-bdff-8fff733b8dd9,Kentucky,Tablet,False
73cd5bbc-048f-476f-9614-dbab8082c5ae,2024-01-31,Billing Question,Human Agent,8.88,Resolved,0.41,4,5.8,659d0634-684e-4e06-8256-65a6fd9af249,Indiana,Desktop,False
b400e6f6-5261-471d-9866-ea8e7855b74e,2024-01-06,Technical Support,Human Agent,11.12,Resolved,0.07,4,8.1,0df4c93e-393b-465f-b7e2-f7c65ebbeabc,North Dakota,Mobile,False
cb178473-8211-494e-b6f4-ce75ddd1e9e9,2024-05-08,Password Reset,AI Chatbot,1.57,Resolved,-0.02,4,2.84,a37302fc-3d20-4bf6-a162-2149ece03755,Texas,Mobile,False
12c0f64a-4c2d-4e68-97be-5e4e06c7bd79,2024-04-12,Technical Support,Human Agent,6.61,Resolved,0.49,3,8.06,69d9e659-af07-4c35-91bb-e5f8feab2123,Idaho,Desktop,False
dc3c0332-a25d-42f6-a8b8-1b7d647c662e,2024-05-27,Password Reset,AI Chatbot,1.51,Escalated,0.21,4,4.58,503adabe-da31-4a3e-90ab-8e62ca05bd2a,Ohio,Tablet,False
93cfd9be-4604-465c-9216-e022a4542346,2024-02-25,Password Reset,AI Chatbot,1.18,Resolved,-0.57,3,1.96,46acacdc-92d1-426b-b113-5a713981efcc,Connecticut,Tablet,True
6a8d5ea2-b886-496d-9ec3-304a1a667a92,2024-02-11,Billing Question,AI Chatbot,2.23,Resolved,-0.35,5,0.56,76e67da1-c7ac-4113-b186-da94ba282bef,Arizona,Tablet,False
6c545f05-90b6-4bbc-b099-dc3749f8a4a3,2024-05-19,Technical Support,AI Chatbot,1.53,Escalated,0.3,1,5.4,791f2c7f-4c01-476d-b8ce-d6eed1704fc3,Oklahoma,Mobile,False
7135b4c2-b2d6-4e0f-801e-299dcf2994a1,2024-03-05,Billing Question,AI Chatbot,1.21,Resolved,-0.09,3,1.72,27a2ea25-1c9e-4b23-9264-0298b3f05abb,Nebraska,Tablet,False
d7b58b5e-29e6-4872-9af4-511c07b05e03,2024-04-02,Product Information,Human Agent,8.63,Resolved,0.57,2,4.79,defdf97b-104d-436e-b140-fae289aaf6a7,New Mexico,Tablet,False
d5f522db-0354-4f95-9e99-be8d5b721fa6,2024-03-03,Billing Question,Human Agent,12.91,Resolved,0.19,4,9.14,d9dd5127-8f86-4e2b-b0dc-d11e0bd8efba,Rhode Island,Mobile,True
ab2640f8-0910-46a9-91c5-97676bd66e85,2024-05-21,Shipping Inquiry,AI Chatbot,1.51,Resolved,0.67,4,4.28,491b9e2b-46d1-48a6-8e98-6bceeb8209e0,Utah,Mobile,False
1013ca73-8dfa-4614-a806-21dda2b538f3,2024-05-26,Technical Support,AI Chatbot,2.76,Resolved,-0.19,4,4.1,d34d3bd4-34bf-4833-8c22-9913e482cde8,New Mexico,Tablet,False
cfd0c33f-9174-47b2-a85f-59d3caff357d,2024-03-04,Billing Question,AI Chatbot,1.59,Pending,-0.07,2,2.4,50a43e94-7d92-49b3-8749-7f0d14581618,North Carolina,Desktop,False
77d1578e-431c-4a31-a2e5-6f53a83618ef,2024-03-27,Technical Support,Human Agent,6.02,Resolved,0.42,4,7.48,a0f7aaf1-f544-450b-acee-dee4df0feab7,North Dakota,Desktop,False
963b75a2-f2b1-48ed-8ecb-f37aba93b31f,2024-05-15,Billing Question,Human Agent,3.53,Resolved,0.27,4,5.68,7ee6f7a0-8232-4b2e-b70f-3fcbc8cbf516,Montana,Desktop,False
d3ad7c72-a736-4357-803c-9dc07ffb2b96,2024-02-11,Password Reset,AI Chatbot,1.6,Pending,0.31,4,2.47,2bbf555b-e1e0-4c53-b0fc-a7e5bff3e2b3,Hawaii,Mobile,False
3cc269fb-4289-4cfb-8ff5-e0f01d793cdf,2024-04-21,Shipping Inquiry,Human Agent,9.96,Resolved,0.79,3,7.41,aee33dbe-3518-4d3b-bb8b-7364573f302b,Nevada,Tablet,True
5f7fb834-cdad-4232-a3c8-1867efb14d3f,2024-03-29,Password Reset,AI Chatbot,4.02,Pending,0.84,2,0.16,5888cd84-5cdf-4159-a43d-7602caa44f6d,Iowa,Mobile,False
b4ab90f2-0042-4a35-b0a0-5f3f359bbef2,2024-01-10,Product Information,AI Chatbot,1.75,Resolved,0.1,3,3.19,be1a9fd8-b961-471d-b920-81e21fabadce,Hawaii,Mobile,False
0af5e56d-69b8-48c7-adff-09cd3ddeb095,2024-03-05,Shipping Inquiry,AI Chatbot,1.63,Resolved,0.06,3,4.38,09632ba7-b1bc-4791-8ca5-509f191aa0f6,Montana,Tablet,True
bd34b3c8-479b-4675-9614-56b13f60d90b,2024-03-09,Product Information,Human Agent,6.54,Resolved,0.28,5,6.42,1dd7ede7-4664-4497-8b1d-e64e6b47b69c,Washington,Desktop,False
58cd2e88-effe-4397-b428-cf4e3bb6f1c8,2024-06-02,Account Update,Human Agent,7.37,Resolved,0.89,3,7.77,70de25ef-a8aa-41d4-9f1c-debd70e0f85b,California,Tablet,False
037fc01d-f46f-477f-955a-06743c3204a7,2024-04-09,Billing Question,AI Chatbot,0.94,Resolved,-0.2,3,5.15,8e644860-4628-4f94-882a-8bd0e6277013,Missouri,Tablet,False
7b350654-d0b2-4b0a-a4d4-41a9d9c9ff13,2024-05-17,Technical Support,Human Agent,9.38,Resolved,0.85,4,9.05,c6cbafe1-eb75-475e-b607-db464b1e78cd,Missouri,Tablet,False
9cf3764f-d8e1-4fe4-a94c-5e181b1ab9a7,2024-02-22,Account Update,Human Agent,8.68,Resolved,0.65,3,10.4,e9a2795f-5fb7-43df-8693-2d35762cc60e,Arizona,Mobile,False
b4506511-b3cc-4805-9549-6296d3e5e961,2024-01-06,Billing Question,AI Chatbot,1.09,Resolved,-0.3,3,3.26,9d1c3fd2-c2fd-4dec-b602-c88fed418212,Tennessee,Tablet,False
9f30ee23-1559-4bb3-8226-57d60c281d14,2024-04-14,Password Reset,Human Agent,3.36,Resolved,0.31,3,7.7,cc376c36-4f43-4b39-9bbd-0706c6b5b8e7,Maine,Desktop,False
59881cb9-de9e-4cf5-9886-5ac6d19a8718,2024-03-30,Technical Support,AI Chatbot,1.66,Resolved,0.0,4,0.69,f026f4f5-6852-4b89-b1ce-cc2694de3f5a,Ohio,Tablet,True
1e078d94-28c2-4771-9e11-f2b55ef97f69,2024-04-08,Technical Support,Human Agent,9.55,Resolved,0.26,4,7.34,9f778b4c-4957-4912-8f11-5d1870934f36,California,Desktop,False
86adff4c-7490-4853-b5d2-3e6bbbf31776,2024-04-17,Shipping Inquiry,AI Chatbot,0.37,Resolved,0.63,4,1.33,06a713a2-4140-4ef1-8754-86a88d4dfa06,Michigan,Tablet,False
7eb4433a-0517-4ed1-a03d-632c80c1df74,2024-06-06,Password Reset,AI Chatbot,1.93,Resolved,0.33,4,-1.3,1af97fad-7f21-4785-bd71-b131beaf0345,Colorado,Mobile,False
798e7686-86dd-4e2a-8b41-2aa6d4c58cbb,2024-01-19,Shipping Inquiry,AI Chatbot,0.86,Escalated,0.57,2,3.92,084019a1-0274-48b5-aa9f-41d0c92dbdb0,Nevada,Tablet,False
9bde1a43-0abf-40f3-b138-35375bac3fdb,2024-02-17,Password Reset,AI Chatbot,1.52,Resolved,0.63,3,5.27,af3334b2-a6a6-47fd-aabf-a8cc1868572d,Vermont,Mobile,True
4f5bec6c-8762-4edc-81a0-180b945a914f,2024-01-13,Product Information,Human Agent,8.95,Resolved,-0.01,3,5.22,2507a8fa-7231-4179-9de6-2ae49ed1a032,Utah,Desktop,False
5b7a9923-15db-4604-b61b-822a00b7287e,2024-02-08,Password Reset,Human Agent,8.91,Resolved,0.31,3,8.55,63fa6506-af5a-494f-bbb3-50b1543d9d64,California,Desktop,False
50c69159-dc34-4e58-9f07-437c23641f10,2024-01-28,Shipping Inquiry,Human Agent,2.04,Resolved,0.56,4,6.03,a40c556d-c78c-4985-9f8a-ea322b2cf609,Utah,Mobile,False
64b41dd3-3deb-431b-96d7-73e75a9a5053,2024-01-22,Password Reset,AI Chatbot,0.8,Resolved,0.67,4,5.23,dfe7ea9e-f147-4e4c-90f0-8b2ee39a8ec9,Kansas,Desktop,False
212917b4-354e-4979-b0aa-17c39059847c,2024-01-29,Billing Question,AI Chatbot,1.29,Resolved,0.59,4,2.94,557e601a-3515-498b-ae06-4311ff9f53e4,Delaware,Tablet,False
e58ad3cd-862c-450b-9b05-bc5ff2932210,2024-06-11,Product Information,AI Chatbot,1.39,Resolved,0.28,4,3.18,70c0c5b8-5dbc-4254-90cd-41492bccdacc,Utah,Tablet,False
a167eede-53a1-4d89-88d8-e3c2a174d54e,2024-06-02,Technical Support,AI Chatbot,1.48,Resolved,0.4,3,3.86,412a76db-8d64-4fc2-a6a5-dbecad763318,Hawaii,Desktop,False
9bcc9f99-2f77-46eb-974d-ae59ac470b45,2024-03-31,Product Information,Human Agent,4.38,Resolved,0.29,3,10.83,e50ccf79-10b5-4b25-8fa6-cc6ee990fd4a,South Dakota,Desktop,False
86b4e193-3102-4198-90a0-e047b6feaf23,2024-01-14,Technical Support,AI Chatbot,2.23,Resolved,0.3,4,4.4,ec9efa34-a125-4258-8181-d77793e6ae84,Rhode Island,Tablet,False
c33f02d2-8d80-4b1f-933f-7c4c1d5ad448,2024-05-23,Password Reset,AI Chatbot,1.3,Resolved,0.12,4,1.14,5857d602-9a8e-4e7e-8b37-d543287648f4,Michigan,Mobile,False
f233892c-30f5-4301-9d43-3e1175404646,2024-04-26,Technical Support,Human Agent,9.53,Resolved,0.69,4,5.34,17e550d8-091b-4fce-8915-16f40a535e35,Vermont,Mobile,False
2cd89b64-d072-4930-aaac-912b535f339e,2024-02-11,Shipping Inquiry,AI Chatbot,1.51,Escalated,0.0,4,4.18,81614b6f-cabd-43bf-9631-ec91153ef075,Utah,Tablet,False
349f8671-85d3-44a1-ab27-a2d185eebca3,2024-03-31,Shipping Inquiry,Human Agent,10.6,Resolved,-0.24,4,4.4,cea91e18-fc41-4cc5-a469-cc7648005ac8,Colorado,Tablet,False
5e0bf14a-8a8b-407b-b78d-a17f9e03ee99,2024-06-22,Shipping Inquiry,Human Agent,3.29,Resolved,0.5,3,5.8,0979e6aa-a220-46d1-8d29-11ab20f9c895,Minnesota,Desktop,False
1504e0bf-7465-4c65-8577-0705695707a9,2024-04-01,Technical Support,Human Agent,8.76,Resolved,0.66,3,8.15,7516585e-1336-4e0c-af13-7ac8a089cf2b,North Dakota,Mobile,True
865f99ea-5c88-4281-8b65-1b0494216c7d,2024-02-01,Billing Question,AI Chatbot,1.66,Resolved,0.63,4,4.59,a375eeaf-d828-48c3-9567-1f91b1486789,Virginia,Mobile,False
790403a9-4a20-4a29-a0ad-08163c045a5a,2024-03-18,Billing Question,Human Agent,10.58,Escalated,0.13,3,7.21,fdb396b4-46b5-4062-bca9-696a510d03a9,Kentucky,Tablet,True
3e551c53-afb1-469a-98f3-8d4071474cf7,2024-03-30,Billing Question,AI Chatbot,2.05,Pending,-0.07,3,2.79,d90fb2f3-cae7-4797-bf7a-782a78990e7c,Ohio,Mobile,False
d21b0b1c-aeea-4b30-a08e-3d0ee650e924,2024-06-24,Technical Support,Human Agent,6.37,Resolved,0.76,3,6.41,65df2a55-2973-4839-b951-96450aaf1278,Mississippi,Tablet,False
90d6d1ba-e8c8-42f6-a6fa-d3dcdd285a8c,2024-01-22,Product Information,Human Agent,4.58,Resolved,0.46,4,4.46,0c873f35-99a4-4630-820e-6733bc4535e9,Texas,Desktop,False
3cddb696-0262-4dc3-a0ab-a662b2ddfa61,2024-05-30,Account Update,Human Agent,8.89,Resolved,0.7,2,4.66,ee592f40-0970-450a-bcb2-36ce7cfe327f,Hawaii,Desktop,False
d7569693-aa1f-4325-bb52-f6e5fd2b8bcb,2024-05-21,Account Update,AI Chatbot,1.17,Resolved,0.86,4,4.82,1f397fd4-f4f7-43d9-9364-56320cc8feca,Wisconsin,Tablet,False
b0fb041d-e0d2-4c11-9bb9-302177f42b37,2024-01-18,Billing Question,AI Chatbot,2.26,Resolved,0.14,5,1.57,68ab5c11-2045-4537-96a7-84a113806ca8,Tennessee,Desktop,False
15c82e1f-18a4-4ddd-bd2d-9cfe53ff2f47,2024-04-08,Billing Question,Human Agent,6.09,Resolved,0.58,2,8.97,62ba86ba-e63a-4893-b664-afba72906a2e,Wisconsin,Tablet,False
e0927c54-ca69-4a89-8821-8df8f1a4226f,2024-01-18,Password Reset,Human Agent,2.18,Resolved,0.46,3,6.93,7d77e24c-ecf9-490b-ac5e-116b1b864013,Missouri,Mobile,False
02942400-5c79-4d81-8b23-00ca07b4a3c0,2024-06-01,Technical Support,AI Chatbot,0.7,Resolved,0.28,2,3.23,40284b2d-5943-4832-8c79-a3a5e6e70516,Kansas,Tablet,False
76d9fc15-d127-460f-8394-b70bb50389c2,2024-02-20,Shipping Inquiry,AI Chatbot,1.37,Resolved,-0.2,4,4.72,c1df0b61-8a93-4812-8c6b-b8cb450d5626,Hawaii,Tablet,False
5f0afa59-1c39-4b3f-b43c-961fc8b7c883,2024-04-10,Technical Support,Human Agent,2.49,Escalated,0.77,1,6.57,84eb7166-e480-4b3c-80e9-1daef21daf87,Utah,Tablet,False
5d3d5e44-a53c-4230-bf26-335e29fb5bf7,2024-06-28,Billing Question,Human Agent,5.67,Resolved,0.51,4,8.46,e7666e40-9556-4941-ae08-cd26a5b7e9af,Georgia,Desktop,False
8d4bb228-608a-4478-8f28-87ba8a0c1bde,2024-05-31,Billing Question,AI Chatbot,1.17,Resolved,-0.1,4,0.06,4b9b10e1-63a8-4d36-8511-1996ecc32746,New Jersey,Tablet,True
1f9c7faa-0299-4c7e-af7b-9d2703a6e396,2024-04-06,Technical Support,Human Agent,10.54,Resolved,0.04,4,7.34,f1a4adeb-1c5b-4bb6-9187-04299f8e3059,Florida,Tablet,True
6dfe107a-cdbb-4b07-ab0f-45066b515385,2024-05-31,Billing Question,Human Agent,10.62,Resolved,0.63,4,7.25,714085d4-ed7e-4add-ac80-87b73ec6e60e,Pennsylvania,Tablet,False
f5fbfaf2-3667-4e11-be4f-a4dd64b64d51,2024-01-28,Account Update,AI Chatbot,2.39,Resolved,0.54,5,5.67,9753472a-357e-4c64-9db8-2759f4add215,Michigan,Desktop,False
5e2c1449-22ab-4b9f-a24c-dd37f19dd7b4,2024-03-24,Shipping Inquiry,Human Agent,6.47,Resolved,0.37,4,5.73,9d98460b-5709-4afe-8bf2-a073ef868570,Hawaii,Tablet,False
4525368a-5f65-48ed-a1cd-34db7b759568,2024-06-23,Product Information,Human Agent,4.97,Resolved,0.37,3,4.0,3213f649-ddc1-4b0e-bc7c-f2ca3ab6bdc0,Wisconsin,Tablet,False
f1203f50-c2d2-4d59-8e14-a1f36a491d4e,2024-05-01,Billing Question,Human Agent,7.15,Resolved,0.42,2,8.14,f7f0c403-6512-4ec3-9e1c-a4ddcfe311cd,Massachusetts,Desktop,False
87cb58dd-cfd2-4be9-91d9-2c88300c90ec,2024-05-28,Technical Support,AI Chatbot,2.85,Resolved,0.57,5,4.16,a6908710-2ee5-40d4-8ced-797d5447d118,Kansas,Tablet,False
2841b5de-e925-4dfa-875b-5b8dc0bcbfb0,2024-01-06,Product Information,AI Chatbot,1.7,Resolved,0.44,4,1.51,e1e94e52-e3c9-442b-ad85-6c2638fec359,California,Tablet,True
f936d5b8-67bb-47d0-8506-2271b5b73893,2024-06-27,Product Information,AI Chatbot,0.88,Escalated,-0.05,4,1.04,5719094e-bfb7-45cd-a950-ab636f40a7a7,Maine,Desktop,True
5680ec35-853f-432d-85e7-76062339d7f5,2024-01-05,Shipping Inquiry,AI Chatbot,1.75,Escalated,0.68,2,2.39,3f3dadca-a119-46bf-85d2-16eeccb3bb2b,Delaware,Desktop,False
e4c46f4b-65a8-4f6e-826a-a720891e2bb9,2024-05-10,Shipping Inquiry,AI Chatbot,2.72,Resolved,0.77,5,4.26,50688636-1d65-45a7-864a-e15980392122,Alaska,Tablet,True
8206f475-a11b-4546-b520-17c1e950d452,2024-03-24,Technical Support,Human Agent,6.43,Resolved,0.13,4,7.67,c344066e-c03a-4500-82b0-510a11ead95c,Arkansas,Desktop,False
b5838253-d9aa-4ac9-87ff-7a26ec11e1a4,2024-03-29,Shipping Inquiry,AI Chatbot,1.48,Resolved,0.34,4,3.15,4abe6b0c-8dde-45ea-a65c-2fedd7fb95cf,Kentucky,Mobile,False
3d41bc7d-bccd-4ced-a72f-0c5a159f0ed6,2024-03-27,Billing Question,AI Chatbot,2.26,Resolved,0.2,5,2.58,3f700e73-1f0a-4b52-b7da-eaf021350d09,South Dakota,Desktop,True
27900271-d229-47cd-bbd9-a557d692d14b,2024-04-23,Password Reset,Human Agent,2.59,Resolved,0.07,3,6.71,dbc90546-bfba-45ca-b45a-1a0d48a992c4,Texas,Mobile,False
662c894f-e362-4747-9242-01995f699ab2,2024-06-18,Shipping Inquiry,AI Chatbot,0.86,Pending,-0.08,2,2.32,6cd1504b-827d-4af0-a6b7-ba30e279bc0e,New Hampshire,Tablet,False
8349c114-29c0-4905-b435-d386704ba405,2024-04-29,Technical Support,Human Agent,7.82,Resolved,-0.11,3,7.39,77c4968f-cbd3-4cdc-9728-d4bdc56d867c,Kansas,Tablet,False
cc7eaa06-b688-4099-a276-9e5c0900d1d0,2024-05-07,Technical Support,AI Chatbot,2.11,Resolved,0.13,5,0.92,7d44ce7f-539d-411c-b8f1-7c70324b4a52,Maryland,Tablet,True
0981506c-0af8-4e4d-aa3b-c1ac0ca51d25,2024-04-09,Password Reset,Human Agent,6.4,Resolved,0.42,2,7.53,ef96455c-e089-4a99-adb3-dbfa3f33d6f6,Kansas,Desktop,False
b08dedd6-8139-4931-a80a-d2dd714429c8,2024-05-14,Shipping Inquiry,Human Agent,2.87,Escalated,0.66,2,3.64,ee8b6777-4db0-4872-83b9-1ca1a4c7898a,Pennsylvania,Tablet,True
f7f2eacb-90fc-4d5c-bc24-02862def2bde,2024-01-29,Technical Support,AI Chatbot,1.85,Resolved,0.55,3,1.82,3c04b787-4840-4965-acdf-3240186bbb0b,Maryland,Mobile,False
776b5165-653e-4619-95ff-f5ba456d890a,2024-01-15,Technical Support,AI Chatbot,1.45,Resolved,0.52,4,4.26,d3ac488f-3f43-44e8-8bc0-e4d7c5cf8b60,Illinois,Desktop,False
e1f6253c-0e9d-4fe8-99f7-2c0900fdc7ed,2024-01-25,Password Reset,Human Agent,10.22,Escalated,0.77,3,8.52,3c19203b-9126-4e80-805d-6a8eb3616cea,Rhode Island,Desktop,False
31e05e09-8751-4324-bfb8-95580ebd2f4f,2024-04-22,Billing Question,AI Chatbot,2.35,Resolved,0.38,2,2.24,dffbb69b-9963-4e3d-9e34-485e820aef65,Utah,Mobile,True
b81e025c-7f1e-4df7-a243-a06e61f4153f,2024-06-28,Shipping Inquiry,AI Chatbot,2.39,Pending,0.46,4,3.06,efa7f685-8048-4104-b860-f0db536afe95,Utah,Mobile,False
dadbdb35-067d-43a7-b7df-0fea53b84284,2024-01-10,Billing Question,AI Chatbot,2.11,Resolved,0.11,4,0.65,6c2d094a-67e4-4635-8090-15b1ba5fbaec,West Virginia,Mobile,False
b83b9700-328f-4695-a6fe-e36fbc67d23e,2024-02-27,Shipping Inquiry,Human Agent,9.1,Resolved,0.45,4,8.5,b9e78b34-5a85-4313-9011-3eeb4e6a15c0,New Jersey,Mobile,False
3c186748-5719-4152-9c6f-6e118ff9b231,2024-03-18,Account Update,Human Agent,3.35,Resolved,0.26,4,7.87,35fd2b6f-3974-4ab3-a530-53ff2f342bd7,Pennsylvania,Desktop,False
55ea3a03-6f45-4798-81e5-77e8df049741,2024-03-02,Technical Support,AI Chatbot,1.36,Escalated,0.1,2,2.69,40b24dfb-95a2-4851-a804-ac39e9e38b4b,New Hampshire,Tablet,False
1adb472c-587c-460a-9d7e-9e4cd2cf612d,2024-06-16,Password Reset,AI Chatbot,1.28,Resolved,0.91,4,4.08,6dfa8d9e-b2e3-4ecd-a454-4e80ac3530ee,New Mexico,Mobile,True
4e3f4552-146a-4b71-b3fb-a975913af3b7,2024-05-07,Product Information,AI Chatbot,0.52,Resolved,0.39,3,5.39,606838ad-285b-4a41-8724-9b392a06ede7,Missouri,Tablet,False
15ce03b6-377c-4531-968c-1b3a713e9861,2024-05-04,Technical Support,AI Chatbot,1.42,Pending,0.53,2,4.13,1c4fa114-aa71-4788-a36a-3be477d66a57,Alaska,Tablet,False
460c67fd-3c18-4b06-b9db-0ff4cd341c09,2024-02-19,Account Update,Human Agent,8.1,Resolved,0.48,3,8.02,0555fca5-6dd0-4d5a-b058-c8ca5cbdb677,Pennsylvania,Mobile,False
a2da9fd4-3997-4fba-9dc5-51a91f6842cc,2024-04-18,Billing Question,Human Agent,7.01,Resolved,-0.05,4,6.4,f683faac-aff3-43a2-8cde-5bdbc37b347d,New Hampshire,Tablet,False
9abfae33-e8e1-433c-a19b-9db0cf946007,2024-05-17,Shipping Inquiry,AI Chatbot,1.14,Resolved,0.38,3,1.73,18673b1c-4a2f-48e5-b27a-3e08c77d8a9f,Montana,Desktop,False
a4538c77-8132-43ee-8248-0d6f23b602f5,2024-05-04,Password Reset,Human Agent,10.79,Resolved,0.07,4,4.78,96ae0e9e-fadd-4e56-a23b-66f2290c181a,North Dakota,Tablet,False
c543b79c-4ca7-44e3-8aae-2343e674e7be,2024-02-06,Account Update,Human Agent,3.47,Resolved,0.66,2,7.86,a6dfd7c3-14f7-4def-9330-c504478ca994,Pennsylvania,Mobile,False
ff5e6065-81e9-4c9a-a5ca-eca9dff4e69c,2024-06-01,Password Reset,AI Chatbot,1.29,Resolved,0.01,4,0.48,c9ae6c91-3445-44c6-bed6-5754fb2def2f,Pennsylvania,Desktop,False
f5df5445-6b53-44bf-9929-8243b9fe079e,2024-06-12,Technical Support,Human Agent,6.04,Escalated,0.34,2,6.24,b9ba89d6-38c2-4f0d-9c27-87b28c6a2e50,Pennsylvania,Mobile,False
10d3e236-11eb-4e3b-9e66-f2f9fff009dc,2024-02-18,Password Reset,Human Agent,7.26,Escalated,0.1,2,8.05,ad627db9-1528-4d44-a417-f2c8e1d32565,Idaho,Tablet,False
d5bda67d-f85e-4380-9257-184fc539331a,2024-02-02,Shipping Inquiry,AI Chatbot,1.22,Escalated,0.38,3,0.62,c1e98d65-60e8-4b66-a6e3-e3093048842f,Oregon,Desktop,False
ec702314-0851-463c-a555-757bece6fb3e,2024-05-23,Technical Support,Human Agent,6.09,Resolved,0.19,3,4.43,036208d8-9c2c-4f84-a36b-44e05d0de39d,Alabama,Tablet,False
89d28b00-3c29-4d95-959f-e7d225ea70e1,2024-06-15,Shipping Inquiry,Human Agent,10.75,Resolved,1.0,3,4.78,ed8cceb5-a643-49c4-a890-d562257e9938,South Carolina,Mobile,False
8cf5c493-ce52-42c9-bd80-bc5613af4c5e,2024-03-24,Product Information,AI Chatbot,0.52,Resolved,0.01,5,4.43,850f6a6b-706d-4448-bc11-fe36e05c0549,South Dakota,Desktop,False
ae1d1697-a888-4996-a645-07c2da8ada34,2024-06-02,Billing Question,AI Chatbot,0.66,Resolved,0.32,4,0.89,6c2ed2a0-754e-4917-b92f-c3b6d7c1e419,Texas,Mobile,False
b15c6d80-1e94-4291-8a4b-0d8203ef04b4,2024-04-04,Technical Support,Human Agent,8.17,Resolved,0.32,4,5.07,1ef89e62-9138-4101-9788-57ac2916fd93,Pennsylvania,Tablet,False
ef03682d-6a32-438c-b29a-349bea923409,2024-02-27,Technical Support,Human Agent,4.75,Escalated,0.57,3,8.51,e4ccf11e-1ad1-4f77-b19c-33287de7d6b3,Wisconsin,Desktop,False
2bcad257-5e40-4b61-a9e3-8f40fa020f7b,2024-02-26,Product Information,Human Agent,11.63,Escalated,0.39,3,6.5,38591bbd-337c-4028-ad08-543ac8310099,New Hampshire,Tablet,False
b8e79691-43ad-403d-b7c3-6fb5678ddf34,2024-05-19,Account Update,Human Agent,6.32,Resolved,0.61,3,5.85,4253d0f2-bc0b-438f-aba7-edcb60e5ad54,Massachusetts,Mobile,False
81dff19b-0692-41c4-9012-59f11ba3f90f,2024-06-26,Billing Question,AI Chatbot,2.24,Resolved,0.1,4,1.29,2912b114-ac4d-4086-87af-811a70e6cbf1,Utah,Desktop,False
a9aad2bb-9d41-4b7e-a2c5-2b59406604cb,2024-04-25,Product Information,AI Chatbot,1.33,Resolved,0.53,4,1.91,aa2ac010-2a69-443e-861b-60324681ad59,Nevada,Mobile,False
74e1c734-8292-43a5-ae12-d035752cc444,2024-01-13,Product Information,AI Chatbot,1.52,Resolved,0.33,4,6.24,e2117e37-fd75-485b-bfbf-7937a1acbcf0,Kansas,Mobile,False
6bf023f3-d7f2-4847-b1cc-ddf0b3780c58,2024-04-26,Password Reset,AI Chatbot,2.39,Resolved,-0.16,5,4.53,b2aeab69-48a3-41e6-8acd-0bbb155328b9,Kentucky,Tablet,True
e86e21c2-8387-4468-b1ca-e5026039c4b8,2024-02-24,Account Update,Human Agent,9.95,Resolved,0.08,2,6.61,1277c17f-7ce2-425e-af82-ed17c67a6e80,Maryland,Tablet,False
f8915385-5343-47e6-87d0-2a457cf5834d,2024-01-22,Product Information,Human Agent,3.01,Resolved,0.93,2,6.09,3c72f2b3-2bbc-406b-97ef-e3b54a41730f,Idaho,Tablet,False
81718c5e-1bc5-42a1-881f-d4fce397cbc5,2024-04-23,Technical Support,Human Agent,7.16,Resolved,0.6,5,10.98,b8d5eb07-d7d7-4704-8aaf-5c9956beb38b,Kansas,Desktop,False
84b2ea71-16dd-4f8e-8547-49fae7c827bf,2024-05-21,Product Information,AI Chatbot,1.24,Resolved,0.27,3,0.03,13a88ddf-5556-475e-acec-2fc5c95c0fe4,Pennsylvania,Desktop,False
478ee48d-0fef-45c5-8be5-aaf80ec58044,2024-04-09,Product Information,AI Chatbot,1.11,Pending,0.1,2,2.56,30ef0ee6-fbdd-4431-bda7-2a2e1b94e766,New Mexico,Desktop,False
7d41dcb1-c27b-4eb6-9f38-5bb12da53a44,2024-05-15,Product Information,Human Agent,5.75,Escalated,0.06,4,6.08,3e9ea5fb-1d21-4b61-a818-54c99e0d09df,Minnesota,Tablet,True
a9350abf-a777-4e94-9609-5c033b1d035e,2024-05-25,Technical Support,AI Chatbot,1.96,Resolved,0.74,4,2.69,f309cf39-e18d-4525-84f0-0abd23adcb41,Iowa,Mobile,False
9123b2a0-fd96-46cf-98ed-065ca0ad77cd,2024-04-22,Billing Question,AI Chatbot,2.61,Resolved,0.3,3,4.16,9916b4cb-757f-4313-a158-8a3bcf11f2bf,Oregon,Mobile,False
d9bc3410-4536-4218-8ca3-e29ea46565f0,2024-02-29,Product Information,AI Chatbot,1.95,Escalated,0.67,3,2.76,43216e19-e95b-4f75-9249-ad878078bc00,South Carolina,Mobile,False
0819029a-06ae-4ca3-b6fe-365796e5a042,2024-04-04,Password Reset,AI Chatbot,1.06,Resolved,0.54,5,1.92,a6e0df10-13d2-4afa-a881-074b871a15db,South Carolina,Mobile,False
ef74ac8c-f3dc-41fa-b30c-b487a460f8a9,2024-04-06,Billing Question,AI Chatbot,1.27,Escalated,0.27,4,0.49,d6569ef3-b6ee-4ec9-ac60-4d304650922a,Vermont,Tablet,False
bebb57db-a2d4-45d4-9462-289aca041cb1,2024-06-22,Password Reset,Human Agent,4.81,Escalated,-0.33,1,7.76,7b389f06-f598-46bd-b61e-234cc131e7a2,New Mexico,Mobile,False
35e6c27a-5304-42c3-a98d-97b873f2566a,2024-06-22,Account Update,Human Agent,8.39,Resolved,0.03,5,5.83,1ee22128-0993-409d-b2e3-7d7857476329,Mississippi,Tablet,False
7e1eb9c9-c36c-4a43-a0cc-54a1cee08606,2024-02-15,Product Information,AI Chatbot,1.8,Escalated,0.39,3,2.89,5a4e6acb-6f86-4e5d-876a-37f70afda188,Missouri,Desktop,False
c6336442-f96c-4efc-99fe-bc9ec5774189,2024-02-26,Billing Question,Human Agent,2.99,Resolved,0.02,3,7.82,89345bd2-faf2-4482-bdf5-69126f74306f,California,Mobile,False
15cb4fa0-7616-461b-8208-b211e93f8f1c,2024-03-25,Technical Support,AI Chatbot,0.91,Escalated,0.63,4,0.08,bcd6ce5b-c870-4a0e-b441-bbac8d845fac,North Dakota,Desktop,False
19ac8aa1-81a4-4115-8bf5-50c68a33a067,2024-04-11,Billing Question,Human Agent,9.57,Pending,-0.19,3,5.46,197d0add-5ba6-4692-bb8a-667e852e0975,Delaware,Desktop,False
e8fa0ffd-f7c5-4d20-aa49-f90ab1701a14,2024-01-04,Password Reset,Human Agent,5.21,Resolved,0.14,3,6.11,a648fdaf-9358-4cf6-8674-450fbbc456ad,Georgia,Mobile,False
17b52b69-8bb2-4fde-bde2-ced709238ffc,2024-06-20,Account Update,AI Chatbot,0.2,Escalated,0.23,3,4.13,0c2a63c3-9244-46b6-a211-595954d54d62,New York,Desktop,False
6a615b72-dc9a-467b-b503-49336ff7c616,2024-02-12,Shipping Inquiry,AI Chatbot,1.82,Escalated,0.31,3,5.02,c0536394-8c1d-4a37-89f3-4539b42ad02b,Pennsylvania,Mobile,False
451d2679-7aea-41ea-9ac6-1cf7685c200b,2024-05-06,Billing Question,Human Agent,4.96,Resolved,0.43,3,7.93,5dbd0ea0-17a6-4851-8ecb-ad8ce4ee9db0,Wyoming,Tablet,False
61550289-bcc3-46e5-9e41-5d69397fd8ca,2024-03-06,Product Information,Human Agent,8.08,Resolved,0.44,3,8.94,6af5db29-6623-4932-bb84-1931be02ddf8,Utah,Tablet,False
d039e076-7f93-44bf-bdfd-1fe7fc371084,2024-03-29,Technical Support,Human Agent,5.8,Resolved,0.35,3,7.73,f717c13c-3aec-4cbd-a44a-bc56ee60fb5b,Minnesota,Mobile,False
fc6e4501-69d5-4961-9710-4b2e553b1977,2024-01-18,Shipping Inquiry,AI Chatbot,2.06,Resolved,-0.18,4,2.74,cd3c1032-4fd3-4016-a9ff-64571b71db4b,Vermont,Desktop,False
d7235d67-6a67-4594-b9b8-e1ce59d703c3,2024-02-11,Product Information,Human Agent,9.15,Resolved,0.63,4,5.59,1c7f334b-bdef-4509-93cc-519d7b64d1a6,Kansas,Tablet,False
421c4344-abf8-4540-ac53-99413250dfcf,2024-05-30,Product Information,Human Agent,8.13,Resolved,0.17,3,6.0,804bfa20-bdd5-4d06-b08d-69dd9586b361,Indiana,Desktop,False
f4b46401-c944-48fa-9e19-bb06a4d77d57,2024-05-28,Technical Support,AI Chatbot,1.81,Resolved,0.6,4,-0.43,dcc8e01b-e080-48f8-98a6-900b52452ae3,Connecticut,Mobile,False
ac13fc32-628b-44e1-ad91-4fec7dfdb182,2024-02-11,Account Update,AI Chatbot,1.49,Resolved,0.09,4,2.78,cafe964f-3790-4aa7-8045-06ebed28e551,Arizona,Mobile,False
07da1444-4a8c-4e50-b96b-c17c02c57f7c,2024-01-13,Product Information,Human Agent,4.5,Resolved,-0.13,1,3.01,e96033a1-a4d9-4480-9c3b-51bfd2dfb389,New Mexico,Desktop,False
089a1259-c842-469c-9f49-8eb6b16f95fe,2024-04-16,Billing Question,AI Chatbot,1.33,Resolved,0.33,4,2.0,a585104d-ed23-4aae-bea1-f999ebdf094d,Vermont,Mobile,False
2fdf1ee6-9eb5-43a7-a3fd-e523ac4a5e9b,2024-01-07,Account Update,Human Agent,4.9,Resolved,0.02,4,6.6,61589ad6-1b86-495e-823f-8adfaffede95,Alabama,Desktop,False
c3600b20-6d2a-403d-a5c3-29823135dd2c,2024-02-20,Technical Support,AI Chatbot,2.45,Pending,-0.11,2,1.27,4aa03ce2-bfbf-4adf-a547-1ca054e88260,New Mexico,Tablet,False
5d8f127d-c1b0-4669-b686-3233f252abb6,2024-02-04,Technical Support,AI Chatbot,1.58,Pending,0.52,3,3.77,01acc10d-58e5-4b3c-b29a-ca502e5f697d,New Jersey,Mobile,False
9b9ae3ed-5d75-468b-a4e2-3c1d119002da,2024-02-11,Billing Question,Human Agent,10.15,Resolved,0.38,4,7.89,2c62af16-3f46-4c5a-b851-270388f9e54f,Montana,Tablet,False
b41d2613-a014-4309-8ba3-22c108719f08,2024-06-11,Account Update,AI Chatbot,1.11,Escalated,-0.16,3,0.11,2c4fc4d1-5ff3-4da6-a8ec-1935ac174214,Indiana,Mobile,False
c6ae7ba5-30c9-447b-83d8-ee3c2a3070c9,2024-01-13,Password Reset,Human Agent,8.89,Pending,0.31,2,7.92,f91fe3b8-4e12-4a37-bcfe-5091c47cc468,Montana,Desktop,True
7607d848-a1d7-4432-ab72-cf0400d5f002,2024-06-28,Technical Support,AI Chatbot,0.95,Resolved,0.48,4,2.11,73f356c0-c56e-4799-8a6d-0cdd40a5d169,North Dakota,Tablet,False
8d04a885-9882-414b-91e8-94cafa7e981a,2024-01-27,Technical Support,AI Chatbot,1.34,Resolved,0.27,3,2.45,d351daaf-feef-4d66-8df0-8ef3fde9bc89,Connecticut,Tablet,False
88bf4cf2-d058-4269-a2b4-fa980883c1de,2024-06-11,Password Reset,AI Chatbot,1.21,Resolved,-0.18,4,2.37,332a6670-e2af-41fc-ac46-f9bc0df7f251,Florida,Desktop,True
ad574d13-68cc-4b63-9ea8-a32021f2c3f1,2024-01-18,Technical Support,Human Agent,1.6,Resolved,0.54,3,7.32,5e7b53b4-fbe1-460b-85cb-c80a68bfe045,Maine,Mobile,False
827c88dc-5886-4ea7-acd1-543c989f9258,2024-05-11,Billing Question,Human Agent,7.84,Resolved,0.16,3,6.91,dbcf951c-fe5b-4043-b67a-04bd8cdce475,Connecticut,Desktop,False
f690fa87-8881-4c70-a434-b265be26898f,2024-03-16,Account Update,AI Chatbot,1.54,Resolved,0.54,3,3.31,b7ce5b77-e07c-42b8-b49b-f3e43b67d083,Ohio,Desktop,True
30b4b8a3-6616-4ec0-b3cb-77983f080b88,2024-05-19,Password Reset,Human Agent,5.66,Resolved,0.43,4,6.38,3b6549f0-ab4d-42e5-a570-d302c39f45b1,Montana,Mobile,False
04add243-8e08-45bb-96d3-8c7aed3470e5,2024-06-05,Product Information,AI Chatbot,1.28,Resolved,0.15,4,4.61,4dff45eb-0a60-45f6-b1af-84a93dadf33e,Hawaii,Desktop,False
7fa5d895-cae2-47ec-a110-8adbb20b7f25,2024-02-26,Shipping Inquiry,Human Agent,11.53,Resolved,0.43,4,6.75,4891be1e-3ec1-4347-9b5a-7347295dfc06,Arizona,Mobile,False
dd7872b0-43a6-4dde-a662-280d6ff9d12f,2024-06-06,Technical Support,AI Chatbot,0.66,Escalated,0.41,5,3.65,d6d758e7-8fc1-4eb4-9910-09ddcab3a2a1,Illinois,Mobile,False
9a887ac2-21c9-4c17-b045-8306e60f1ec3,2024-05-13,Billing Question,AI Chatbot,1.8,Resolved,0.17,4,3.79,febce120-a562-4e29-81ed-b0a6d4bffb83,New Mexico,Desktop,False
34f238bb-83a1-4571-b055-96decbff2022,2024-02-06,Technical Support,AI Chatbot,1.24,Pending,0.3,2,3.6,cbea51e2-b920-44c8-a289-d73f3d32ea79,Vermont,Tablet,False
06e3fe35-f0ef-4528-8cc3-5381777948ec,2024-03-12,Product Information,Human Agent,8.6,Resolved,0.26,2,10.01,894f8524-5f7a-420a-8a17-263f2a7ce310,South Carolina,Tablet,False
46d2abf8-fd8d-4f4d-a7ba-065b86636dee,2024-06-20,Product Information,Human Agent,5.26,Pending,0.22,1,7.32,0cf068e6-ad31-496d-80cd-d1634cc5c69e,Kansas,Desktop,False
2900c0db-5cae-47c4-8cd8-8c2cf61a8454,2024-03-27,Account Update,AI Chatbot,2.57,Resolved,0.25,4,1.54,4f8329d0-6801-49e7-ac48-3b5fa97fd7fb,Florida,Desktop,False
c16ceac5-fb1f-424d-96b4-317d0169f99d,2024-03-09,Account Update,AI Chatbot,1.35,Resolved,0.14,3,5.04,0c479917-2356-40a4-ba27-861e9136aece,Idaho,Mobile,False
78288beb-b2f0-4182-9e93-11b0e90fd4a0,2024-04-14,Shipping Inquiry,Human Agent,5.64,Escalated,0.84,2,7.72,e70ba258-4ea2-4159-9778-1598c0d5ea49,California,Tablet,False
f3877407-2d97-4a38-a896-b8cfe7761e38,2024-06-25,Product Information,Human Agent,7.85,Resolved,0.5,3,8.03,4e49573b-f76e-485e-a038-7c23e603295e,Kentucky,Desktop,False
e8f559d7-f7f0-4116-9c15-7a0a62c73aef,2024-04-21,Account Update,Human Agent,8.96,Resolved,0.66,4,6.15,a3dc89a6-27c6-46e0-a729-121ace6a31a5,Oregon,Desktop,True
2fc85974-270d-4dab-8d89-aaf5396f88f6,2024-01-23,Product Information,AI Chatbot,1.04,Escalated,0.27,2,3.88,d8559dfe-6634-471b-b33f-16b701642067,New Mexico,Mobile,False
56664159-e0dc-4eae-8506-e2296a156501,2024-03-29,Shipping Inquiry,Human Agent,4.49,Resolved,0.16,3,7.1,83438f7c-572a-474c-9c4d-524435544811,Kentucky,Mobile,False
8558190e-a133-4ceb-b2f7-56416b92e5bb,2024-01-05,Billing Question,Human Agent,4.55,Resolved,0.31,2,8.23,cb55d46b-3b80-4b43-97e6-c83832c65a12,Oklahoma,Tablet,True
bf64f8ce-3477-4e4c-8540-2a2c98e60102,2024-05-24,Product Information,AI Chatbot,1.38,Escalated,0.48,5,2.58,a9f55879-80a8-4b93-a902-25056c9daf79,Arizona,Desktop,False
b31b94e1-bde0-4e69-8343-fb0ddd12fa92,2024-05-21,Billing Question,AI Chatbot,1.55,Resolved,0.38,4,2.14,fb196751-e2a5-4f7a-a75a-5f08de3f1a58,Oregon,Tablet,True
8ddc18ef-d66c-482a-a599-1c9725c8484d,2024-06-26,Billing Question,Human Agent,6.73,Resolved,0.77,4,4.75,52d895fe-c43b-4033-8348-f7e7b316b6f4,Delaware,Mobile,False
a8dd6e54-37b1-4ed3-801a-721b1a061b46,2024-03-11,Billing Question,Human Agent,6.39,Resolved,0.51,2,8.88,507a0ec8-52a9-41cc-9187-4bf81a6c37e4,Georgia,Desktop,True
d9cd3189-9f8e-4116-bac4-5c19d6d98141,2024-06-25,Technical Support,Human Agent,8.78,Escalated,0.68,3,8.7,ed4fed46-43a5-4045-9528-bd5e091bf7bf,Mississippi,Mobile,False
a8ab284b-8bc6-43fe-870c-3c008d44fdcf,2024-03-31,Product Information,Human Agent,10.54,Resolved,0.54,3,7.72,16856254-b061-4a45-be85-7a445f119d34,Kansas,Mobile,True
89414c1b-0f9e-4c8a-a2d1-3eaf6bee4619,2024-05-20,Password Reset,AI Chatbot,1.41,Resolved,0.85,4,3.08,3d22d41b-5348-4c59-8bb8-866786614735,Utah,Tablet,False
de12fddd-d8cb-43a2-a13c-ed97e3d81fb8,2024-04-06,Product Information,AI Chatbot,1.14,Resolved,0.67,4,3.82,50f34d0f-9af9-4b05-8605-230de68d1e94,New Jersey,Desktop,False
c3ad1e79-768e-4bb3-b1e5-21dfc8235237,2024-02-25,Password Reset,AI Chatbot,1.96,Resolved,0.03,5,4.87,b7032600-919a-4cad-9fca-2ee1c593d91c,Michigan,Mobile,False
4f67f835-919d-4833-9c5e-b75f9e4590e4,2024-04-29,Account Update,AI Chatbot,2.92,Resolved,0.05,3,2.4,27234640-4edf-45ed-a53b-aa2f8f415b21,Arkansas,Mobile,False
d7906cf5-c1c2-42ce-8baa-63e8d5a2890b,2024-06-28,Account Update,Human Agent,11.74,Resolved,0.28,3,8.32,787fbceb-edb8-4d8d-9d4c-da18783bc488,North Carolina,Tablet,True
cf9f5e53-f6ba-47b9-bab8-35d8e98d45ad,2024-06-28,Technical Support,AI Chatbot,1.63,Resolved,0.52,5,3.23,99d5ab13-6e3b-47ab-bc1f-382d95d08e63,Vermont,Tablet,True
03ae8e3d-2e39-49f0-906a-303e5b55a045,2024-03-29,Technical Support,AI Chatbot,1.53,Escalated,0.7,4,3.06,e2fe576d-8c5b-44c2-8440-ae9dcf55f4c2,Wyoming,Mobile,False
45b4b9bd-b682-4af0-af1e-7a46f1109901,2024-06-14,Product Information,Human Agent,7.63,Pending,-0.07,2,4.23,f6741ad3-c253-4ec1-aace-550979480d3c,Indiana,Mobile,False
59258000-eb6d-402e-b139-6b9794c0a138,2024-01-30,Password Reset,AI Chatbot,0.88,Resolved,-0.02,5,3.04,dd01d5c6-4bbe-47f3-8292-995d693f3630,Iowa,Mobile,False
46551524-6a40-41c3-9115-03d117a3d63a,2024-03-22,Product Information,Human Agent,5.02,Resolved,0.54,3,7.06,ea4125ee-cb35-403e-8da6-46b4d72bb472,Arkansas,Mobile,False
04c3cb69-7b7b-4135-82a3-79f1e1153d7b,2024-04-02,Technical Support,Human Agent,5.84,Resolved,0.06,4,7.15,136ff4a9-d00f-4fbc-a923-1ed12186be18,Minnesota,Desktop,True
2c669455-965e-47c8-95f2-58b81fc43a6b,2024-03-21,Shipping Inquiry,Human Agent,8.86,Resolved,-0.02,4,9.33,1dba5879-8772-47a1-b726-2532bf6a3cb2,Tennessee,Desktop,False
74ce5f58-0d85-46fb-a51d-114c797bd702,2024-01-21,Billing Question,AI Chatbot,2.04,Resolved,0.56,5,0.58,5e5a3666-69b4-4973-89bd-18740d26fe6b,Georgia,Tablet,False
e5df2662-28fa-42fb-a4d0-e827e39abff3,2024-04-04,Billing Question,Human Agent,8.94,Resolved,0.56,4,6.6,a18e918c-22d7-479a-8e3a-49c515cfa169,Mississippi,Desktop,True
b0042425-34f1-4698-923a-8e133f7ca76d,2024-05-28,Password Reset,Human Agent,10.3,Resolved,0.87,4,9.12,4570e58d-a10e-48b8-9fd6-f0114135fa18,North Carolina,Tablet,False
3781563c-40b9-4b33-bb64-c90552494fda,2024-03-05,Account Update,Human Agent,9.2,Resolved,0.82,4,7.16,7e35d15e-6cd1-4d82-960c-2bf67762b374,Alabama,Tablet,False
1e66ba78-5fdc-4797-9b19-42cb13755824,2024-03-28,Technical Support,Human Agent,9.96,Resolved,0.33,4,7.74,c0c5c002-5f5c-4576-91f7-51fc7a20c7fe,New Hampshire,Mobile,False
42a72fdf-3bd7-42f0-9020-c3d2d6360f97,2024-01-23,Password Reset,AI Chatbot,1.89,Resolved,0.12,4,2.55,4dc4915a-c882-4436-929a-a61d10b0802b,Nebraska,Desktop,False
1e7f5c3b-51fd-493d-bf25-4425ae1ee467,2024-04-24,Billing Question,AI Chatbot,0.2,Resolved,0.59,4,2.58,45188565-de8f-45e4-ae40-78f20b6e808f,Pennsylvania,Mobile,False
62c9cfce-69e4-45b8-b712-ae253bb559c9,2024-04-24,Password Reset,Human Agent,0.5,Resolved,-0.05,4,6.56,f706fbde-37a4-4e35-be3e-c8ec9bb003a5,New Jersey,Tablet,False
00d069e9-b5c9-4c7c-9cb0-10ad9cfb14ec,2024-03-16,Shipping Inquiry,Human Agent,11.16,Escalated,0.18,5,6.06,daf6fba0-57d3-4330-b209-f1322ba83909,Missouri,Desktop,True
231979c5-11a8-48fb-9999-d2cdc2cc8f6b,2024-03-22,Shipping Inquiry,AI Chatbot,1.02,Resolved,0.15,3,2.97,b5acd9aa-b421-4b0d-b04d-8d79f998da67,Connecticut,Tablet,True
2b739f01-82fc-4bd2-9f48-fed294a0a48f,2024-02-10,Billing Question,Human Agent,5.84,Resolved,0.39,5,8.46,f988d451-79cb-47e2-99c5-59e0a5d3f284,Oklahoma,Mobile,False
19cb3413-79a5-4e4c-9226-6f354f3ac5da,2024-05-05,Technical Support,AI Chatbot,1.61,Resolved,0.59,4,3.92,9e782c44-4c3f-47f1-9383-a8aa64bc8c32,North Carolina,Tablet,False
b6f16c85-2161-43d1-b3d7-8853bf326dce,2024-02-20,Shipping Inquiry,Human Agent,1.75,Escalated,0.29,3,6.31,e57bb036-0c63-41c1-bfc8-3f9c62af0fba,Delaware,Desktop,False
ba032a3f-3288-452d-8881-099b69efeb62,2024-01-03,Account Update,Human Agent,3.66,Pending,0.11,3,5.95,892bba45-6ffe-4209-8908-ef36dd306955,Arkansas,Desktop,True
e0f0fd8f-f206-4aa2-8c3f-39588bb75193,2024-02-04,Technical Support,Human Agent,6.98,Resolved,0.75,3,7.2,dafeccbd-2c23-43c8-a52e-9ec668459a2d,Pennsylvania,Tablet,True
94f76a94-272c-4765-9fd1-273be8bd9a42,2024-03-21,Billing Question,AI Chatbot,0.79,Resolved,0.01,3,4.69,78a3f151-046e-4aac-8435-9061728a6543,Alabama,Mobile,True
d8c4b1dc-6fb0-494f-9631-c17739cf376d,2024-03-13,Account Update,AI Chatbot,1.4,Resolved,0.41,4,3.07,7b10a62d-04a1-43ed-aa44-b82a329afe8b,Minnesota,Tablet,False
5d6a3d45-423a-4ed8-957f-661785d82adc,2024-05-08,Technical Support,Human Agent,1.41,Resolved,0.06,4,6.04,8dd819aa-ef4f-427e-9691-e09e58017857,Indiana,Tablet,False
88e718a4-e0b4-4cfc-8719-0d688a574a38,2024-01-29,Product Information,Human Agent,6.49,Resolved,0.65,3,6.44,cc1e19a5-bce6-490d-94b1-6ff4021d7b06,Kansas,Desktop,False
299c387e-019b-46a3-b406-3b0a15b9eb79,2024-01-06,Account Update,Human Agent,7.72,Resolved,0.78,3,8.0,e94fd477-8e03-4e18-a787-078610ddd290,New Mexico,Desktop,False
5e7f8871-da98-426c-b765-9c72ff0706d8,2024-06-23,Account Update,AI Chatbot,1.55,Escalated,0.47,2,3.26,b0ad9536-8525-4c09-b016-b53cb55e315b,Tennessee,Mobile,False
7b015bb6-c2ff-43f7-ad83-3c3b261a6eb9,2024-06-24,Account Update,AI Chatbot,1.98,Resolved,0.53,4,4.49,e32d1528-24ac-48c5-990e-9b37d1f82d14,Alabama,Desktop,False
68683080-eef9-4ac2-8901-c175a7cb3ad8,2024-05-16,Technical Support,Human Agent,6.92,Resolved,0.83,2,9.89,06c45343-8cb6-47f1-a82e-4386c7f4363a,Colorado,Desktop,False
c3286012-ad14-45d7-a2eb-02ddf0c95e58,2024-04-19,Technical Support,Human Agent,12.42,Resolved,0.89,3,7.04,b23e5247-b83b-4808-aa54-b38c17778c81,Georgia,Tablet,False
6bdbe9c0-944e-4529-970c-af23952aaeb2,2024-03-13,Shipping Inquiry,AI Chatbot,0.37,Resolved,0.63,4,3.68,c75a6a66-5b64-417f-8f54-f38c14c9ca20,Indiana,Mobile,False
d8032ffa-f3b0-4c9f-861c-bbf64a5820cd,2024-06-15,Technical Support,Human Agent,2.68,Resolved,0.49,3,8.96,20a68ed1-2f5d-4643-a37a-df268c7e7301,Illinois,Tablet,False
d9068699-ebcc-42e7-a6f5-f3e1846eca9a,2024-03-10,Account Update,AI Chatbot,1.56,Resolved,0.48,4,4.99,2e5187f5-5dc7-421f-8ba2-a91fc24631ba,Georgia,Tablet,False
c19d33c6-b3e5-40e8-bbe8-061e308fec2d,2024-05-12,Password Reset,AI Chatbot,1.43,Resolved,0.62,3,4.06,b158531b-6a5f-4640-a932-59d391d2c2d9,Virginia,Desktop,False
ef5dbfe0-0bd4-4f7c-9f6b-0e9be7b738c6,2024-02-11,Password Reset,AI Chatbot,1.52,Resolved,0.09,5,3.13,b5e2fd0f-0dd5-425a-99e6-7c7137db691b,Oklahoma,Tablet,True
c9612960-9d3d-43f0-9438-fe2ff206b910,2024-02-07,Password Reset,Human Agent,7.12,Resolved,0.95,4,6.16,e09001e4-7f5f-457e-b0cf-c0189b24da59,Florida,Tablet,False
e9cb417d-045c-4cf6-9ccf-9292e556a02d,2024-03-24,Shipping Inquiry,Human Agent,3.88,Escalated,0.04,2,6.67,35c19cfe-0fa2-4dd1-b736-5e8c19b4e1ae,Illinois,Mobile,False
89ddb3da-4bfa-44d0-98ba-4061fcd149f4,2024-04-01,Billing Question,AI Chatbot,0.31,Escalated,0.62,1,1.19,9f067e0a-b485-4a3d-b2a4-c9ea751374cd,South Dakota,Desktop,True
7c6ca8fc-c812-403c-9c83-2d1a19d83aed,2024-02-22,Shipping Inquiry,AI Chatbot,0.77,Resolved,-0.04,4,2.94,9c9fabb1-d1d7-4642-b265-c14078ab67a8,Ohio,Tablet,False
0ab8bea6-05ad-4760-8d12-1cc07c990ca4,2024-04-07,Account Update,Human Agent,11.35,Resolved,0.24,3,10.03,47669e4d-35f4-4ac5-b002-eb665d38060f,Kansas,Mobile,False
40191475-2b76-469a-bb4f-0e0d5706053b,2024-06-22,Password Reset,Human Agent,4.82,Resolved,-0.04,5,8.71,29f1b9fe-9c79-4abf-9311-05ddd285308e,Montana,Mobile,False
d98743b1-4dbc-4644-bb95-52677c6485ff,2024-03-10,Password Reset,Human Agent,10.41,Resolved,0.39,3,7.07,c7d75ba9-db64-4f4c-bf80-00c834f115ad,Illinois,Desktop,False
74c48628-a4ba-43a6-8d27-91e4c963a9ef,2024-03-12,Password Reset,AI Chatbot,2.6,Escalated,0.21,5,3.55,31c7329d-76de-4fe8-b647-ada146517c92,Alabama,Mobile,False
802f16e2-a2ba-4326-ad3c-b8e602f90ef6,2024-02-26,Password Reset,Human Agent,7.81,Escalated,0.82,4,7.07,5ef0e7d5-d22a-41bd-af7b-2a0ca1aa5d06,Iowa,Tablet,False
8d140826-fc40-4c32-99a2-4ef93aa06fd8,2024-05-18,Product Information,Human Agent,8.31,Resolved,0.57,4,8.05,19ae0bb5-30da-49b7-b077-84ab0acee260,Michigan,Desktop,False
ebfc9781-40c7-477e-b8e1-b164ad2ac7d2,2024-05-04,Shipping Inquiry,AI Chatbot,0.8,Resolved,0.3,3,4.07,0a4e9752-dfaa-4f32-a5f8-7a7d4396dfc8,West Virginia,Desktop,False
aa56fbd5-111b-4b1d-b482-d91b786ac6d6,2024-02-25,Technical Support,Human Agent,5.9,Resolved,0.48,3,7.52,1edbccd7-1936-483d-be6b-067a722f80d8,Tennessee,Desktop,True
2cfeee75-300a-47d0-ae39-d3818e5e0a0a,2024-01-08,Shipping Inquiry,Human Agent,3.72,Resolved,0.29,3,4.33,4a42faef-4244-415d-8a58-686350a18c6e,Wyoming,Tablet,False
01cf565a-a616-4d74-a3b7-2969f7ca2986,2024-03-25,Shipping Inquiry,Human Agent,10.03,Resolved,0.5,4,7.77,ae363fa9-0ba6-4291-aa82-2dfc8f4baa4c,Minnesota,Mobile,False
8e8a6c2a-d314-4c32-9939-7639336189b6,2024-06-12,Technical Support,AI Chatbot,0.96,Resolved,-0.07,4,4.25,6b8870cf-0ae5-4c91-b7f3-a1d6654b52fc,Idaho,Mobile,False
033c5f85-6e54-4ffb-a7fb-dfd45dc80385,2024-06-22,Technical Support,AI Chatbot,1.9,Resolved,0.44,3,1.78,59fa1905-0431-431a-95e9-7c483ca04926,Arkansas,Desktop,True
c9543d9b-55ee-460c-bcba-62971f86e060,2024-03-06,Billing Question,Human Agent,6.78,Resolved,0.38,4,7.26,21189e4b-6eeb-4446-b2b9-46a9005c4c15,Utah,Mobile,False
43725e43-5c1c-4fc5-a0e5-c2b62f10e786,2024-05-24,Product Information,AI Chatbot,2.36,Resolved,0.42,5,3.9,ebc0915b-b050-4827-93f0-081767b173e6,Arizona,Desktop,False
1e35c5d1-16b1-4f74-93a0-6364fec947e3,2024-05-03,Billing Question,Human Agent,3.76,Resolved,0.73,3,8.85,bfe41b0b-362d-41ff-a06d-1685c22290f1,Tennessee,Tablet,False
b9c15463-6963-4101-ab79-962d722eb654,2024-04-05,Account Update,AI Chatbot,1.79,Resolved,-0.12,4,2.05,e1cccf7b-69c1-4a40-848e-8e2dc8f1ac6e,Massachusetts,Mobile,False
d2718ac2-b6ab-41ff-b8e3-4a3738a61ab2,2024-01-25,Billing Question,Human Agent,12.01,Resolved,0.29,4,6.38,fd420019-ae81-4779-8d04-7f9076e2353e,New Jersey,Mobile,False
5fa293a6-b853-4521-8ddf-1508299b2b8e,2024-04-21,Account Update,Human Agent,7.7,Resolved,0.39,5,4.63,b5ba2b4d-ce8f-4e62-9f1b-1eda5eb3ab4a,North Carolina,Desktop,False
24ee4efb-5794-42b3-9943-4b1724fa8942,2024-06-25,Password Reset,AI Chatbot,0.65,Pending,-0.02,1,4.62,6e99487d-c55e-48c3-8bcf-94308d19795d,Florida,Desktop,False
dd94efe3-e44f-490e-88bf-8f68d770c276,2024-03-14,Billing Question,AI Chatbot,0.76,Resolved,0.45,4,3.42,8b369ec8-47ca-4f6a-90cb-dc5aeaeaa119,South Carolina,Tablet,False
82037484-26e0-4e24-b9b9-8abcdf586e83,2024-02-14,Shipping Inquiry,Human Agent,9.7,Escalated,0.72,3,6.02,a8dc2ed0-ab27-4a62-ae3a-1b26e7efdb75,South Dakota,Desktop,False
b2fe2832-bea0-4237-ad6c-d312b6cd85eb,2024-01-19,Shipping Inquiry,Human Agent,6.3,Escalated,0.16,2,5.36,1ca0e54c-a6a7-473c-926d-30f802893aa6,Nebraska,Desktop,False
b53e88c0-0ddd-4f9b-b3d9-0ad0987115bd,2024-01-26,Password Reset,AI Chatbot,1.71,Escalated,0.16,3,3.18,fd4d4595-c91f-4bb4-ab72-44dfb60c64ed,New Mexico,Desktop,False
0dc11ab5-60b1-4d70-abf4-c59b5df37e21,2024-03-18,Technical Support,AI Chatbot,2.54,Escalated,0.74,3,3.28,3512b156-8230-44a4-b2d4-aae1acb4cfcd,South Dakota,Desktop,True
2929fbba-9dfd-432f-8be0-94c6a06a95e0,2024-04-06,Technical Support,AI Chatbot,1.62,Resolved,-0.17,3,2.8,847d9874-8eef-4f8c-83f7-60fd7327b662,Alabama,Tablet,True
47dfdaa2-a58b-455a-bf8d-74493fa89bae,2024-05-07,Technical Support,AI Chatbot,2.0,Resolved,0.33,4,4.83,38430ec7-d72f-47db-bfb5-73f8a5a47a58,Connecticut,Tablet,False
f440fa11-65c5-42f1-88e8-ea2a746af9ac,2024-05-09,Billing Question,Human Agent,10.36,Resolved,0.58,3,6.14,ab486ced-823b-4b69-8b35-f14ebb39da5f,New Jersey,Desktop,True
3457d148-02c0-4090-bf1b-8627c1c8d35e,2024-02-14,Account Update,Human Agent,5.23,Resolved,0.35,5,8.98,76d5be5b-fd74-4e6a-8834-64663d38ed77,Minnesota,Tablet,False
a06c2ab5-728c-4b29-a346-f634d2853045,2024-03-15,Billing Question,AI Chatbot,0.48,Resolved,-0.09,3,-0.74,f948fda1-2047-40f2-8686-2f7deecbb5d0,Colorado,Mobile,False
652eb969-58b9-4ff6-923a-aa09e5e99d0a,2024-06-15,Technical Support,Human Agent,7.69,Resolved,0.55,3,8.01,fb9f02b2-ef4c-47eb-adfc-47d1aa10f740,New Jersey,Desktop,False
f700ff44-7a08-4f78-a749-db64053ee027,2024-05-09,Billing Question,AI Chatbot,0.2,Resolved,0.94,4,2.21,d961c402-6e54-470b-91b0-63291d99b38c,Nebraska,Tablet,False
160121f4-ec2d-4917-9ad5-53be51d72281,2024-02-27,Technical Support,Human Agent,7.4,Resolved,0.49,4,7.66,fb839c2e-b812-4d5e-a125-8bee64950cfd,North Dakota,Tablet,True
edd83eb1-556a-4b5c-8990-841be245582a,2024-03-17,Billing Question,AI Chatbot,2.05,Resolved,-0.05,5,2.58,1f44e53b-55b3-4936-8092-8d1f98120278,Nevada,Tablet,False
d90c005a-3926-445a-877d-71abcff353dd,2024-06-24,Password Reset,Human Agent,7.99,Resolved,0.42,4,8.59,984483ba-da51-4825-9c85-11394fb22e54,Nebraska,Mobile,False
60bfff85-2e34-4542-b2ff-5805ad6e903c,2024-02-05,Shipping Inquiry,Human Agent,6.73,Resolved,0.53,3,3.94,f5f5bf40-0bd1-4fb6-ad3a-206676525f74,Delaware,Tablet,True
45557484-04da-4a55-bfa0-aba9089bb1fc,2024-02-24,Shipping Inquiry,AI Chatbot,0.64,Escalated,-0.05,3,0.7,04b80439-d059-4c7d-b37f-d7e989dbe9b8,Connecticut,Desktop,False
8f18c441-c55e-4f3c-ace5-2a98ea563230,2024-01-14,Product Information,AI Chatbot,2.24,Resolved,0.01,4,2.04,22a2baa0-e782-48dd-8d73-ee23ed506419,Arizona,Desktop,False
10c49eff-cdb1-4de9-88e2-83d7a4f9a45b,2024-04-19,Billing Question,AI Chatbot,2.04,Resolved,0.02,5,2.65,2fa3afbc-33f9-4fb3-b8cc-72b3de7af5e5,New Jersey,Mobile,False
42f23aa1-4d86-4cee-aa83-6216f566425e,2024-02-22,Billing Question,Human Agent,7.95,Resolved,0.53,3,7.68,db7ea7e0-40a1-4313-97f8-7d6e58b73429,Nevada,Tablet,False
13053d4c-4889-4624-8d27-0a30a2d2ee0b,2024-06-25,Technical Support,AI Chatbot,1.67,Resolved,0.53,3,3.36,f8cf6f8c-3353-40a9-9e6c-88c922eab632,Rhode Island,Desktop,False
15e517a9-1961-49b4-b054-822b06aa6ad5,2024-04-23,Technical Support,AI Chatbot,1.72,Resolved,0.15,3,4.76,e67cb9c9-cc35-46ea-85e1-d0f294e6d7de,Louisiana,Desktop,False
106e07a8-f2a7-4e51-bd38-ad5f1e935c2d,2024-05-07,Technical Support,AI Chatbot,0.8,Resolved,-0.41,3,3.48,96ff5ed1-8c46-4d89-8f28-f2a3e6d0b66f,Ohio,Desktop,False
7452e917-cae8-4a00-a4e5-d771fe4745d8,2024-02-07,Shipping Inquiry,AI Chatbot,0.82,Escalated,0.2,2,2.98,409d1e8a-946d-43c7-8383-ad36b979125a,Vermont,Tablet,False
5984c409-2cd1-4820-885b-777357f6c336,2024-03-13,Billing Question,AI Chatbot,0.92,Pending,0.67,1,4.01,b1172c22-5e9d-4e66-83ba-fb543cc5a6af,Louisiana,Desktop,True
baa5e678-4cda-4c1c-8dba-cc06b0ec1283,2024-06-20,Password Reset,AI Chatbot,1.79,Escalated,0.8,1,2.07,83f2aebf-3371-446f-844a-dac73128661a,Virginia,Tablet,False
5afa65bc-ac55-4ca1-adde-de365c31a6e9,2024-03-28,Shipping Inquiry,Human Agent,11.29,Pending,-0.04,1,6.4,23f80110-4430-4d4b-8dc5-9586a5e39e54,Illinois,Tablet,False
31014d0a-2f0f-4808-b1f4-e9eba606fa64,2024-03-09,Product Information,AI Chatbot,2.08,Resolved,0.42,5,3.53,46fe8c2f-9f72-425e-a69c-a11f53030f54,Maine,Desktop,True
49ee2398-fd72-471a-aee4-7bd75f436aa4,2024-01-30,Product Information,AI Chatbot,2.22,Resolved,0.06,3,4.71,7e7a6037-a50d-48e3-8b9c-2e553e7553dc,Texas,Tablet,False
ca8105b7-37bf-4782-bb54-01d089d12cdd,2024-02-26,Account Update,AI Chatbot,1.81,Resolved,0.86,4,2.48,1eff9077-dd3b-4c5d-b08f-bcbb0387febb,Oklahoma,Tablet,True
7033a2d5-f236-46fe-9ed0-2a251e9aa33b,2024-04-16,Billing Question,Human Agent,7.0,Resolved,0.61,3,7.48,561158df-2e28-4e86-8021-af1b32bb7061,Virginia,Tablet,False
d7190a3d-3d40-499e-be3a-18cc100ea6a2,2024-06-12,Product Information,Human Agent,14.57,Resolved,-0.14,4,10.27,18cbada1-b13c-47c3-95ed-98e5cb329799,Florida,Desktop,False
af773636-41db-4c45-b9e0-589ac6e10326,2024-01-21,Product Information,AI Chatbot,1.1,Resolved,0.53,3,3.47,760d3dd5-93c4-439a-97a7-93bf13183143,Georgia,Tablet,False
31bb724c-b688-47e5-9ce8-c6d220a1bda2,2024-05-02,Product Information,Human Agent,8.73,Resolved,0.71,5,5.35,866bb4cd-260f-4b09-b800-a9a33be7932e,Vermont,Tablet,False
f7d8f98e-1aa1-46a9-92bc-3dd019b6f6c8,2024-06-23,Account Update,Human Agent,3.85,Resolved,-0.02,2,9.67,d8b24277-9373-4052-9930-6879263a2eaf,Maryland,Mobile,False
9c5bea22-ce29-42a4-b120-b7b4f7dd0ea6,2024-03-14,Product Information,Human Agent,9.35,Escalated,0.48,3,7.97,8350cac8-5f8f-4ddd-91ff-861d94b18d8d,Missouri,Mobile,False
c311aa76-842a-467d-b34a-1d0e0d309361,2024-04-28,Account Update,AI Chatbot,2.19,Resolved,-0.41,3,2.78,07dfc4a8-880f-4f88-a5e6-063bde4144e2,Oklahoma,Mobile,False
311eca71-8a7e-49ec-8c37-573d94431959,2024-02-04,Password Reset,AI Chatbot,1.28,Escalated,0.2,3,1.17,89bbd500-b140-4288-b20d-f47ac7d17222,Ohio,Tablet,False
ceefdc41-4eb8-46fd-9859-532e68ea0c45,2024-04-13,Product Information,AI Chatbot,1.81,Escalated,-0.01,2,3.62,2fa783f0-9e3f-48bf-9a52-8bf53df4bf1b,Mississippi,Tablet,False
7da2a8de-a673-486d-98a4-d53ba520034e,2024-03-08,Product Information,AI Chatbot,1.96,Resolved,0.06,4,4.49,27538a8d-4f8e-4273-a58b-fbea8b63c1de,Florida,Mobile,False
18066aee-2b47-4aff-b847-e03014e25ae3,2024-01-12,Shipping Inquiry,AI Chatbot,1.4,Resolved,0.52,3,1.62,0f094aff-6bb0-4320-9233-1d1520eebaae,Wisconsin,Mobile,False
40386143-15d8-4d62-8b7a-04b9850cd2a0,2024-01-22,Technical Support,Human Agent,5.17,Resolved,1.0,4,6.46,1cfeab69-2bd8-433d-8bcc-53cca8720ae0,Washington,Desktop,False
42533f31-2d61-4ddf-960c-2270f157145d,2024-03-16,Technical Support,AI Chatbot,1.68,Resolved,0.16,3,4.3,550d1925-7cc9-432f-90b2-a6d361666d00,Illinois,Tablet,False
ab8641e8-484c-411d-bd4c-143fa8b9b3f1,2024-06-05,Shipping Inquiry,AI Chatbot,1.23,Resolved,0.74,2,2.11,33b5c58d-b6a9-4b9d-ade2-69ff485f653a,Florida,Tablet,True
f8c99c54-de44-42bc-9d75-a5f0d02c22a4,2024-05-16,Shipping Inquiry,AI Chatbot,1.67,Resolved,0.38,3,4.68,0114c57d-5588-4d45-a491-d888ef8e8e6d,Pennsylvania,Tablet,False
265fc65e-c40a-46aa-8d1b-b110fecdca25,2024-01-08,Technical Support,Human Agent,8.78,Resolved,0.14,4,8.77,cc2e642f-b80f-4ca3-a100-855d7aac0da9,Wisconsin,Desktop,False
4efad67f-603a-4015-af47-377373b5903e,2024-02-11,Billing Question,Human Agent,8.86,Resolved,0.66,4,5.79,5e349a6c-ed40-4356-9b7d-ffa0208fb30c,New Hampshire,Desktop,False
9c645a85-9f48-4a78-85ed-c8880fddb7e6,2024-05-30,Billing Question,AI Chatbot,0.78,Resolved,0.63,3,3.76,8bfae350-4357-4e1b-96d7-8b928f94841d,Georgia,Mobile,False
5894541f-6b87-43f6-8576-321dd3170b3a,2024-06-15,Account Update,Human Agent,6.62,Resolved,0.02,4,5.4,8a3381b0-025d-4e98-955a-b1308e9dc4ba,Idaho,Desktop,False
611e5dc3-9264-4d92-bd30-94fb1c84c556,2024-03-31,Billing Question,Human Agent,2.84,Escalated,0.49,2,7.28,e78fa963-2e37-49a3-9174-c5f9d93f27dd,Colorado,Mobile,False
d93a2cf0-5dbd-4e4c-8598-ea9e18d5a799,2024-06-11,Account Update,Human Agent,10.34,Resolved,0.3,4,9.55,d05e1c49-5fb6-482e-b6de-5037b22df079,Vermont,Mobile,False
38153339-7410-4e04-a9d9-45bf1d3c80cf,2024-02-09,Account Update,Human Agent,5.28,Resolved,-0.11,3,8.15,2d711dae-0f1c-4172-a5ae-53ecdb409ef4,Idaho,Mobile,False
5c54b8e2-fae8-4e1d-92ab-5c14b806f469,2024-03-07,Account Update,Human Agent,3.77,Resolved,0.21,4,7.08,3a3fd999-ed4c-46d5-a32b-d1536d9b8d90,Nebraska,Tablet,True
e3c2ca2c-734e-4097-9f79-e74ddd196b0e,2024-03-20,Billing Question,Human Agent,3.05,Resolved,0.48,3,7.98,b2cf950f-15a5-4005-8130-6f28fcc65a89,Georgia,Mobile,True
2d2b1604-5767-453d-bfb8-3c45413839c9,2024-06-16,Product Information,AI Chatbot,2.21,Resolved,0.12,4,4.16,3554b0b7-9b10-496c-a610-4ef8466a8d8c,Washington,Mobile,False
5f541e85-36c3-48da-8167-04faf397c535,2024-04-15,Product Information,AI Chatbot,1.76,Resolved,0.03,4,1.56,4118ce66-837b-41d8-9e59-03ef102d7454,Oklahoma,Mobile,True
679a1897-8e02-4904-a5f4-6dd563051df7,2024-04-17,Password Reset,AI Chatbot,2.05,Escalated,-0.03,2,3.3,2749364c-7389-4ca1-9a3f-fd4c7f5f1586,Delaware,Tablet,False
907c052f-c7ae-44ba-b38e-08e0e182816b,2024-03-10,Password Reset,Human Agent,5.5,Resolved,0.4,4,7.71,5cec736f-7534-43c8-bfc2-de96e6a52ffc,Illinois,Desktop,False
b1bd538f-3e64-4cd4-88eb-ba472b4f3ca6,2024-04-12,Password Reset,AI Chatbot,1.94,Pending,-0.06,2,4.55,0a78225e-b884-4849-9086-85481844d64d,Connecticut,Tablet,True
b15c6ae7-52c2-4a57-9579-6c934eed7aa1,2024-02-15,Billing Question,Human Agent,8.48,Resolved,-0.44,3,7.02,e4ee5fbe-10d1-43c7-a474-467a6bf70927,Georgia,Desktop,False
5aae2e78-3d36-4f75-ae25-ad9b93529898,2024-03-21,Product Information,Human Agent,11.42,Resolved,0.62,3,4.06,1e46195b-b92b-45ba-9459-3e8cbefda9b9,Delaware,Desktop,False
9cb0d1d4-fa2c-4960-ad3b-bf7c8c964a79,2024-05-22,Product Information,AI Chatbot,1.87,Resolved,-0.27,5,3.75,92fa9ebb-7c23-4c5f-af3e-1dedcb50e49e,Arizona,Desktop,True
8be69607-a99f-4df7-8c20-1bacbb7c55ef,2024-03-14,Technical Support,AI Chatbot,1.96,Resolved,0.39,5,4.02,354e7bb1-04e5-4e42-a72c-4a360d58261f,Washington,Mobile,False
df6f9956-bda9-43c2-a4fb-e1087ae45aa7,2024-02-05,Product Information,Human Agent,11.04,Resolved,0.59,5,8.56,25f8fefd-5f2e-4a6d-a875-0a56c299854d,Kentucky,Mobile,True
3f103251-7a68-4960-99eb-7a0b27d6b8f2,2024-02-04,Shipping Inquiry,AI Chatbot,0.2,Escalated,0.57,5,2.92,b9a953e5-7d99-4578-8f36-dc0cd7de7581,Georgia,Desktop,False
ac78d0b3-a824-4cd7-8a16-b80de88904b6,2024-06-10,Technical Support,AI Chatbot,3.29,Resolved,0.31,5,2.83,1fe6d7dc-73b0-4c5d-89aa-cf86a0851772,Florida,Mobile,False
e04927a7-8e04-43c3-a24e-c1639f568374,2024-05-24,Technical Support,Human Agent,8.12,Escalated,0.64,4,6.45,bf514c75-e329-4d80-9bf5-10ed93c2298d,Hawaii,Desktop,False
c26a2dc2-9ce1-4a5c-a222-9e999b469072,2024-06-01,Billing Question,Human Agent,9.51,Resolved,1.0,3,7.74,ebab1445-0b09-4bb4-a2e4-273125920c5a,Ohio,Mobile,False
a4d8c914-64e2-4dc8-b7df-12a8a5452676,2024-05-07,Password Reset,Human Agent,4.53,Resolved,-0.15,3,6.77,51f0e250-e2f5-4789-a8ae-6338005abfb2,Florida,Desktop,True
0e1fb210-8fce-459c-8392-933298f6f446,2024-05-04,Product Information,AI Chatbot,2.09,Resolved,0.35,5,3.05,7bd86e12-1112-4310-b262-fa6d825941fa,Arizona,Tablet,False
69cafc9e-5e56-4002-9146-c3f6a70cd918,2024-02-25,Shipping Inquiry,Human Agent,8.36,Escalated,0.11,1,6.46,e6b8399c-45c6-4550-8fe1-a7b5cc8b0592,Maine,Tablet,False
9c537201-9da0-42a1-a1b4-1da0b988e344,2024-05-01,Shipping Inquiry,AI Chatbot,2.11,Escalated,0.69,3,1.43,dfda75e8-df6a-44b2-94a0-a07c9b7b43e2,South Dakota,Mobile,True
0b973ec0-4e1e-47eb-9535-cc45c12d80d3,2024-06-12,Password Reset,AI Chatbot,2.13,Resolved,0.09,3,2.53,97bb6e33-71d5-441c-a920-3dd03b782085,North Dakota,Mobile,False
b8acacf9-40c9-4f3d-b1cf-de9cd29e4870,2024-04-23,Account Update,AI Chatbot,0.2,Resolved,0.46,4,4.35,0a8f5335-a243-41db-934e-5d513c8e5d0c,Mississippi,Mobile,False
672e2959-ea24-4758-ba49-240e778b2f82,2024-03-08,Password Reset,AI Chatbot,1.84,Resolved,0.5,3,4.06,7a662f4b-4387-41ee-97f3-96352d1071e0,Alaska,Desktop,False
fdb74257-dbf4-45fc-a013-e807f43b4571,2024-04-09,Account Update,AI Chatbot,1.56,Escalated,-0.4,3,1.25,81b3a0db-15c7-4622-a07c-2818b5a5e9d8,California,Mobile,False
d1c6379c-424b-463e-855e-1be5b1e01f36,2024-03-10,Product Information,Human Agent,7.67,Escalated,0.1,2,6.82,6b6bc001-3b55-4693-9d2f-39e70375d736,North Dakota,Mobile,False
d7d7ea9d-d574-41c5-9387-7225852ff47c,2024-05-20,Shipping Inquiry,AI Chatbot,1.76,Resolved,0.02,4,3.45,5367c16d-95fb-4858-9c08-c19971f3c872,New Hampshire,Mobile,False
81553764-9038-48ce-a7c8-11184cd28bef,2024-06-14,Account Update,Human Agent,6.43,Resolved,0.87,4,8.84,c2a7c858-8f4c-4bc6-b807-83d0a1363f9b,Arkansas,Mobile,False
8d0a523d-e7d7-4f40-9b7d-cb75ea3b6986,2024-04-28,Billing Question,Human Agent,17.15,Resolved,0.39,3,9.2,6fc43cd8-ebb1-4d82-bf38-28a6407816e6,South Dakota,Desktop,False
53f7030b-96de-4a74-9902-f808220aef9f,2024-03-04,Shipping Inquiry,Human Agent,6.88,Pending,-0.02,1,4.15,d221e84f-e0b4-4ca6-b71f-b23d74b60080,Nebraska,Mobile,False
56e236b3-5db7-47a4-b3e7-2f9282dca866,2024-02-21,Product Information,Human Agent,8.61,Resolved,0.21,3,7.76,31ce7373-7e20-406c-93c2-52f2162a2c67,North Dakota,Mobile,False
aa30937b-5571-4b9f-ad71-9f784d9544c7,2024-04-08,Billing Question,Human Agent,5.12,Escalated,0.55,2,8.73,82b88974-1734-41b1-942c-de6b4028a85e,Utah,Mobile,True
a31700ae-f5d0-4aff-9b9d-96af4255cce4,2024-04-30,Billing Question,Human Agent,5.93,Resolved,0.35,2,4.84,467124e5-2525-476f-8b56-5cc76dbaaa1c,Mississippi,Desktop,True
5469455c-935c-45a1-bb70-df03544a3004,2024-01-13,Technical Support,Human Agent,9.82,Resolved,0.16,5,7.85,d047e0b5-a5aa-451f-b54f-79cfc58715ee,Colorado,Mobile,False
ee1375f6-b5ad-4047-a481-71e7caced8df,2024-06-17,Product Information,Human Agent,7.55,Resolved,-0.11,3,8.1,cee886bb-cafa-4c68-83ab-b6be79ee6a4a,Virginia,Desktop,True
027f6eb1-dc58-4393-b294-3d8948681366,2024-01-06,Billing Question,AI Chatbot,2.14,Pending,0.71,2,3.16,c3ddcb2d-55c7-4bbd-a6f1-aa5f08babf0c,Oregon,Desktop,True
2bf108f0-ef4f-4660-b99b-21b9f34f1818,2024-03-22,Technical Support,AI Chatbot,1.22,Resolved,0.39,4,4.18,45bb4bb3-673a-453f-83fe-4008aae5a1e6,Connecticut,Mobile,False
08bdc7aa-add6-407d-8083-680414a94cfc,2024-05-24,Password Reset,AI Chatbot,1.78,Escalated,-0.28,1,2.25,ebfa4f36-965c-44ad-b302-8b9289eb8080,North Dakota,Tablet,False
69f83a3a-e084-4f40-99f0-1b0bfb630043,2024-02-22,Shipping Inquiry,AI Chatbot,1.97,Resolved,0.15,4,1.17,0b23e0f0-dea6-4d9d-88f5-afe885552312,Arkansas,Desktop,False
4021389a-80ea-40cf-aaac-d8f26769f9ec,2024-02-29,Password Reset,Human Agent,7.89,Resolved,0.65,4,8.4,46ecdde3-4dd0-4a57-8266-191f38faf23e,Arizona,Desktop,False
449d98e6-8fbc-412e-a822-66dc830e5fc1,2024-04-09,Technical Support,AI Chatbot,2.18,Resolved,0.11,3,3.72,2c3d5ede-12d3-4ba3-8b12-35906a37fa07,Nevada,Mobile,False
882dce94-2864-43a9-b9db-0c448ca0ca82,2024-01-26,Account Update,AI Chatbot,1.09,Resolved,0.62,5,4.01,48920069-2e56-4f50-8c02-9aa4896e15df,South Dakota,Tablet,False
01900f98-ac88-4ec1-b5a2-98c999576aa8,2024-02-25,Shipping Inquiry,Human Agent,6.62,Resolved,0.3,4,5.76,4c1116d3-79ef-4399-b6ca-78791d77cee9,Colorado,Desktop,False
6beb0a97-9069-4815-bc2e-62a63784cd00,2024-05-18,Shipping Inquiry,Human Agent,7.56,Resolved,0.2,3,5.92,eab1624d-8711-4507-b688-03104e41ed82,Wisconsin,Mobile,False
5f15e20f-7b3a-4ccd-8e19-83f69c17489a,2024-02-09,Billing Question,Human Agent,1.61,Resolved,0.39,3,6.45,3f153714-78a7-48e9-ad85-c6865115bf32,Nebraska,Tablet,False
fd15b9a4-f5ee-467e-9e7e-f50105f458b9,2024-03-08,Shipping Inquiry,AI Chatbot,1.68,Resolved,0.1,5,4.59,02f40503-d20f-48ed-98c4-bccfbd8cf037,New Jersey,Desktop,False
b87e64a9-3cd2-416d-89a7-e8c9e2ae9821,2024-03-14,Shipping Inquiry,AI Chatbot,0.75,Resolved,0.39,3,4.63,47d2973e-1b65-4824-8bf5-8f7f8c255e68,Iowa,Mobile,False
feac1852-288a-4808-98bd-3c91945b650b,2024-03-18,Billing Question,AI Chatbot,1.87,Escalated,0.45,4,4.28,afb28b48-e68a-4476-9999-570e7bb58364,Missouri,Mobile,False
0d0c0af0-44ed-4db4-ad55-77b059d826f0,2024-05-07,Technical Support,Human Agent,10.7,Resolved,0.51,4,7.09,9f7f9b2d-f8fd-49db-8df1-51258617dba4,North Carolina,Tablet,False
7f06da48-376f-406f-aca9-3b16198a862f,2024-04-28,Billing Question,AI Chatbot,1.73,Resolved,0.52,4,2.49,1f291d02-6c01-4817-b6fd-981768e6f089,Maine,Mobile,False
b2c2c3e7-76f4-4f27-a5be-1af447ce2ff6,2024-02-22,Password Reset,Human Agent,4.37,Resolved,0.78,3,6.13,d0a0adbb-96fb-4544-8584-bf6d3cab927f,Virginia,Desktop,False
48272a52-c508-468f-9879-e1cb455460a9,2024-01-28,Product Information,AI Chatbot,1.57,Resolved,0.33,4,3.22,5098ee3c-8432-44de-b62c-a6f9377bcd7d,Alabama,Tablet,False
dcee2fe8-7d46-4fa7-8525-5d31dcc5d88b,2024-04-11,Shipping Inquiry,AI Chatbot,1.6,Resolved,0.26,2,1.99,44e397a7-3c98-4231-a1b6-2ed1e1f19053,Washington,Tablet,False
931a0571-6231-4736-a7e5-5e028137731e,2024-01-27,Technical Support,Human Agent,7.6,Resolved,0.62,3,5.91,e752b6a7-6ea3-43b2-b23d-5bdc985c57d4,New Jersey,Mobile,False
612d3c30-75a8-49e1-a2c4-0a85932aa09a,2024-02-16,Password Reset,Human Agent,6.74,Resolved,0.62,2,6.69,3fd6f135-4686-48ef-a3cd-8e94a3252d92,South Carolina,Tablet,False
781a95ee-eabc-4ca9-a839-9daf8e88bc9b,2024-05-16,Account Update,AI Chatbot,2.08,Escalated,-0.02,3,3.55,3a544395-f52b-4d89-9ccc-ecd8af1b3db2,Alabama,Mobile,False
c378704c-4313-4924-b2db-bc38d6f3a8ad,2024-02-18,Product Information,AI Chatbot,1.13,Escalated,0.24,3,4.23,0e1f4a4d-dadc-4f2e-9970-58725162142c,Alaska,Tablet,False
2b07c47a-a735-4972-93c9-5d63f71bb741,2024-06-04,Technical Support,Human Agent,4.26,Resolved,0.54,4,7.06,220acdf1-edd4-4a95-bdc1-218023e79da4,Alaska,Desktop,False
2aa43a4b-3f5e-4fcc-be8f-31ec0875f0f8,2024-05-09,Product Information,Human Agent,6.1,Resolved,0.27,3,8.16,a4289a0e-b0ec-4ca9-ac5a-ce1e8db29d81,Illinois,Tablet,False
65122d46-e77d-4138-9471-41f8c3f0dff5,2024-06-17,Password Reset,Human Agent,6.09,Resolved,0.78,4,7.64,6f8c6108-cd97-4612-8276-69efc99e78f2,New Hampshire,Mobile,False
f14cc0c9-084b-4c5e-a9dd-26a9af198098,2024-05-20,Product Information,AI Chatbot,1.71,Resolved,0.42,4,1.47,69fca287-28d7-4442-aaa9-d308b92ee1b3,Wisconsin,Mobile,False
c5ee5164-9535-4abb-bdf8-830ec0e05fba,2024-01-16,Account Update,AI Chatbot,1.44,Escalated,0.26,4,2.87,1ebe963f-aa71-4256-a05f-953565ef806a,Georgia,Mobile,False
2e2530ed-a0ce-4370-82e5-9dccbc90d1be,2024-05-18,Account Update,Human Agent,1.93,Resolved,0.22,5,8.51,99d0f164-6b80-4928-a64b-4cbc96971c1f,Utah,Mobile,False
a50f06cc-7905-4fcf-8479-f091bb2d562f,2024-04-02,Billing Question,AI Chatbot,0.77,Resolved,0.59,3,4.15,6207804a-01fe-47a2-a323-400cd2cae0ee,Pennsylvania,Mobile,False
4e456e44-380c-45ee-b46b-be6921f57caa,2024-03-06,Account Update,Human Agent,5.48,Resolved,0.29,3,8.24,14590302-dec6-45ce-8325-afab51f37207,Tennessee,Mobile,False
fcffd9f8-1a88-4f38-8fcc-5768af6ee210,2024-06-12,Technical Support,AI Chatbot,0.98,Resolved,0.36,5,2.71,d2725d91-fd17-412c-9329-64575b993aef,Texas,Mobile,False
576d841f-990e-4934-99cc-6b2464de0f3a,2024-01-04,Password Reset,AI Chatbot,0.87,Pending,0.31,2,-0.34,dcea55d1-8861-4271-ad0f-051e70f77b4e,Georgia,Tablet,False
1107f911-21b1-489f-aec8-a289baaf17b1,2024-05-18,Account Update,AI Chatbot,0.78,Pending,0.45,4,2.57,10001251-2c14-4e4b-96e9-9410eed31a30,Minnesota,Desktop,False
537cee7c-224d-457e-b38b-5e7000f4f3d9,2024-01-31,Billing Question,AI Chatbot,1.95,Resolved,0.41,5,1.42,9be77d8b-9168-46d0-98a1-dd4d011f21eb,New York,Tablet,False
59f2ac53-7ec8-4e16-bac0-30429a6a153d,2024-02-17,Account Update,Human Agent,7.09,Resolved,0.59,4,6.88,df61d49d-89e4-41aa-8e15-f1847b2e1db9,Rhode Island,Tablet,True
65ef077d-43c5-4071-a53d-016e05249dc0,2024-05-21,Password Reset,Human Agent,6.92,Escalated,0.78,3,6.89,23f56bc1-31dd-461f-878d-7e82f8c977b9,South Dakota,Mobile,False
5243a1b8-7546-44fc-adfa-8c50caa14f5f,2024-04-14,Billing Question,Human Agent,9.88,Resolved,0.21,2,6.37,91e2b5fd-0646-4b7f-843c-7af3ef169d17,West Virginia,Mobile,True
75187d81-5996-4433-adf1-daa68cc259fe,2024-06-25,Shipping Inquiry,Human Agent,6.9,Resolved,0.37,3,9.66,c61141d0-5eb0-428b-accf-8a529aa36d4c,Nebraska,Desktop,False
cab33950-5d42-4cbb-b2f6-4741cd2a9d13,2024-04-01,Product Information,Human Agent,4.6,Resolved,0.74,3,5.13,8ad63163-2cb5-4bd8-ac6a-53b0656f417e,Colorado,Tablet,True
50544627-2822-496a-910c-653ee153313c,2024-02-27,Account Update,Human Agent,10.58,Escalated,0.11,2,5.3,0c8dd082-a5b8-4b09-abaa-c0117480a265,Rhode Island,Tablet,False
09adb3f1-a67b-4d0c-908d-99d3457b1764,2024-04-19,Billing Question,Human Agent,10.9,Resolved,0.55,3,7.0,d03455b7-39cf-40d5-8f5c-54b2ece7bdf5,Louisiana,Mobile,False
f9f4c15b-462a-417d-8084-4fcad2267d30,2024-02-28,Account Update,AI Chatbot,0.77,Pending,0.47,3,2.05,66203884-9748-40b6-b7df-a0be544abfeb,Nevada,Mobile,False
2ffd82e6-9a32-4dc0-9265-b3387111371d,2024-01-16,Product Information,AI Chatbot,1.52,Escalated,0.8,1,4.47,afe2b401-ea53-4cea-ae53-c3929aa12fd9,Idaho,Mobile,False
9a894f40-cca0-48a0-b0ac-204e1aee2b9c,2024-04-27,Password Reset,Human Agent,5.86,Resolved,0.32,4,8.36,38ce3263-166d-46e6-bce5-9b49b7d3291c,Kansas,Desktop,False
22607b7b-92be-4b1d-805c-692bf4d6e845,2024-01-04,Product Information,AI Chatbot,1.25,Resolved,0.44,5,2.91,09a5a0e1-2d6d-46cf-a11b-6d9d6cdb720c,West Virginia,Mobile,False
b408a153-fa6a-4a2c-95b5-9147db30e0bb,2024-02-24,Product Information,Human Agent,5.9,Resolved,0.65,3,7.64,1b5b8bdb-beb6-43e5-87b2-717ca90b0c70,Missouri,Mobile,False
cc28499b-c1f9-4343-8173-68c2a9505c01,2024-05-16,Shipping Inquiry,AI Chatbot,1.53,Resolved,0.65,4,1.82,ab1e0a6b-3267-4b5b-903e-92761944b598,South Dakota,Tablet,True
d7bd429c-6d9e-45f2-895f-19579230b7bb,2024-03-08,Product Information,Human Agent,8.46,Resolved,0.15,3,8.44,aa32444b-eb16-47f6-9cd8-863b03d3d692,Virginia,Tablet,True
e937411a-1ae9-492b-a30b-eb02df081114,2024-03-11,Shipping Inquiry,Human Agent,12.56,Resolved,0.88,5,5.23,70e4ac2c-70c8-41ea-ab13-f951c878e83b,Pennsylvania,Mobile,False
8a166b23-bbb7-46f3-94d5-b7fea3144461,2024-04-06,Account Update,Human Agent,5.03,Resolved,0.53,3,9.96,8213149c-3ac3-4818-9585-16ee264e1a74,Connecticut,Desktop,False
622d9243-4303-4ade-b75a-9db210f558f1,2024-03-21,Account Update,AI Chatbot,1.25,Resolved,0.36,4,4.19,c8429670-1e9a-4a1b-ab02-30778c9d7838,Hawaii,Desktop,False
fb67ef8c-842d-407d-812b-4cec624e1c3a,2024-06-07,Billing Question,AI Chatbot,1.26,Resolved,0.44,4,0.93,266ec7da-ee7e-4e79-aca4-68e73f5372e2,New York,Desktop,False
dc3fc67a-d4d8-420c-bb0f-d8cba7489a54,2024-03-16,Shipping Inquiry,Human Agent,6.2,Escalated,0.76,4,7.37,f43e96dd-5d80-4720-82d6-b24aae022d6f,Wyoming,Desktop,False
bcf8c359-ea4d-4065-9e9f-f6a01c64e808,2024-03-17,Account Update,Human Agent,8.42,Resolved,0.63,5,9.23,9bc12699-09c6-4e20-91fe-3235e18383bc,Rhode Island,Desktop,False
f35335e4-13ab-4644-b9e7-0320b4f045f7,2024-05-13,Product Information,Human Agent,9.35,Resolved,0.72,3,6.03,e36e3c29-e743-4e93-b3f4-ee48be127967,Vermont,Desktop,False
fc8b8533-1732-4d0b-a0df-7b4bffea9e19,2024-04-20,Password Reset,Human Agent,5.98,Resolved,0.2,4,8.03,48bcbaed-4e36-4b01-b2e9-37adaa7bf6d0,Tennessee,Tablet,True
d1153e27-0d0c-47c6-b254-15a7be18c1c4,2024-05-12,Product Information,Human Agent,9.71,Resolved,0.26,4,10.28,8417f482-402a-43f7-8e02-7421fdc063be,Massachusetts,Mobile,False
d866f954-7354-4c1d-8996-9b7785f19537,2024-05-18,Technical Support,AI Chatbot,2.66,Resolved,0.32,4,4.29,b1a4a224-2132-4031-9471-751f5a802938,New York,Mobile,False
4df70752-bb80-405c-80e2-c3fd975728ab,2024-03-13,Product Information,AI Chatbot,2.53,Resolved,0.44,3,2.65,1e47d5fa-f065-47b5-9724-403d236dfe6d,Arkansas,Desktop,True
71610832-5f83-4a55-9f68-4f53bec3751f,2024-03-27,Password Reset,Human Agent,5.14,Escalated,0.32,4,7.79,53ac09df-9935-4890-9266-655b8b485a1e,Louisiana,Tablet,False
898d9fdf-f401-4788-bba5-a83eaff9efd3,2024-05-11,Technical Support,AI Chatbot,2.3,Resolved,0.69,4,1.56,88d63c0c-00cc-444e-b334-3730dfe5f758,Washington,Tablet,True
f0b5882f-0fc4-4f85-8823-c945eba6d001,2024-03-17,Shipping Inquiry,Human Agent,9.24,Resolved,0.36,3,6.54,eb2f74b4-9d03-4a0c-ac4b-d69a96ac5588,Hawaii,Mobile,False
6c363e95-8348-4dec-838a-cd656089c0f2,2024-03-27,Billing Question,Human Agent,5.58,Resolved,0.86,3,8.38,8f2dcad9-ea77-4e1f-912d-77fd57c3e4fd,Montana,Mobile,False
400c1c0d-94de-4a4f-b55d-9170926e7c8a,2024-06-15,Technical Support,AI Chatbot,1.45,Escalated,0.12,2,4.21,5b3a8281-8045-4179-84b5-e93806f4d8eb,Minnesota,Tablet,True
8d36489d-bbcc-4e1f-9248-a7e887fe1d1e,2024-03-02,Product Information,AI Chatbot,1.99,Escalated,0.66,3,3.12,ec4af640-f1a9-4513-8a1d-aa2f64ce6f95,Illinois,Desktop,False
74246ed6-ae54-433e-8865-9bd23d4bae7e,2024-01-16,Billing Question,AI Chatbot,1.21,Resolved,0.48,4,3.29,61077e7b-fb3f-40d5-bb30-811289bb0d7e,Louisiana,Mobile,True
c5bbd38a-03a2-47dc-95cc-efceba30cd63,2024-03-16,Product Information,AI Chatbot,1.38,Resolved,-0.32,5,3.35,63fb62e9-cda6-454d-8c7c-9f5b494e5c95,Rhode Island,Mobile,False
d4847a77-d09b-4982-8480-b4388d52424c,2024-01-18,Account Update,AI Chatbot,0.2,Resolved,0.61,4,1.98,60c3d284-3577-4858-b7f8-abf4bf8ab1f6,Wyoming,Mobile,False
6ab45195-c59a-4660-91bc-973f01d75c0f,2024-01-02,Product Information,AI Chatbot,2.07,Resolved,0.32,3,5.95,31bbaf25-80a2-47a3-840b-b738dbf1ba1d,Colorado,Mobile,True
f5554da6-a3ba-4ba4-935b-21c478e080a8,2024-03-15,Product Information,Human Agent,4.99,Escalated,-0.0,3,6.9,51988264-085d-474e-b5d1-598aa14af03d,Georgia,Desktop,False
c58a79ac-a9eb-4473-994b-c9ddb5dae07f,2024-05-09,Product Information,Human Agent,3.83,Escalated,0.49,2,5.11,cd850e29-989f-423b-80d3-c9d933eef320,Delaware,Tablet,True
1648c201-fe89-42fa-b857-fc62fa48b8cd,2024-02-29,Technical Support,AI Chatbot,1.87,Pending,-0.42,2,3.05,83ba3e3a-1c26-4da6-8d45-a023421a1818,West Virginia,Tablet,False
f80075ff-9413-4b63-8780-e6568f76c980,2024-02-14,Password Reset,Human Agent,4.82,Resolved,0.51,3,10.04,b6ce885d-a784-4a5d-a8cc-ecc209955d1b,Georgia,Tablet,True
28922766-31a6-4330-9400-d0d5f048a1dd,2024-04-05,Product Information,AI Chatbot,1.95,Resolved,0.17,3,3.31,ebb8b7d0-9c0c-4a8a-adfb-3671aa9435f8,Nevada,Desktop,False
f967dc58-fbfc-4a9d-98c6-fd740145a4f0,2024-01-05,Technical Support,AI Chatbot,1.12,Resolved,-0.43,4,0.95,100cb71e-8aac-4c04-96a1-cde8763524a3,Iowa,Mobile,True
7c5e74a8-a810-4f49-bf83-55f0e3cc370c,2024-03-24,Technical Support,AI Chatbot,1.43,Resolved,0.11,3,3.13,9e90c0de-ed7d-48a6-95d7-52a3debd26e9,Rhode Island,Mobile,False
d40a8a91-f7cc-4c35-810e-d37b8d3dcbf2,2024-04-12,Shipping Inquiry,Human Agent,2.42,Resolved,0.78,4,5.75,eda917b9-331e-4611-80bf-7ebfb91beffb,Wisconsin,Mobile,False
2066bc41-a268-41ef-942e-d96339e6c462,2024-06-12,Billing Question,Human Agent,8.08,Resolved,0.7,4,10.21,dc349d46-6d17-4f63-8d10-64dab0f30d53,New Mexico,Desktop,False
aa437032-bf87-43a3-80d6-c3e0e60144aa,2024-01-27,Account Update,Human Agent,7.7,Resolved,0.44,5,4.77,cbaddc67-3410-4042-bf5f-455d920b6bad,Oklahoma,Desktop,False
dfb12ba7-f949-4b44-b6d2-9d89d178b8ec,2024-02-21,Shipping Inquiry,Human Agent,7.49,Resolved,0.33,3,8.07,274bdff4-f6b3-4e6c-aa7f-df610c238dd5,North Dakota,Tablet,False
0cf3afe5-ce8a-46ae-bf50-238d124ba2ca,2024-04-16,Billing Question,AI Chatbot,1.09,Escalated,1.0,4,1.97,3e7f740f-edb0-406b-bf68-c7f35699ce84,New York,Desktop,True
55cb04ca-e6b8-4cdc-8227-f6b961888a69,2024-05-03,Password Reset,AI Chatbot,1.72,Resolved,0.48,5,2.35,6281b167-6799-49e7-bac4-22c5d8e62692,Maryland,Tablet,False
66254459-42c6-4f25-bf44-b485769800dc,2024-02-20,Password Reset,AI Chatbot,1.17,Escalated,-0.18,2,3.6,8c58381b-82e6-481b-9219-e4312e261a81,Nebraska,Mobile,False
8b281b82-e211-4659-9934-042709376547,2024-01-17,Password Reset,Human Agent,7.45,Resolved,0.18,4,7.03,124ba873-ffa6-4ca9-b440-07b53c5de452,Maryland,Desktop,False
afe8b8e7-60dd-40ba-9903-c5dd0d1973fc,2024-01-09,Shipping Inquiry,Human Agent,12.81,Resolved,0.4,3,5.7,a58a3c30-2eca-4bea-9fe3-66aaab5fddd3,Kentucky,Tablet,False
053da8b5-1cc8-48f4-93ff-45cb5d814f5c,2024-05-24,Billing Question,Human Agent,2.29,Resolved,0.12,5,7.99,5d35df49-69d5-46d4-8389-20b357c15109,Tennessee,Tablet,True
41003bc1-1c20-4da0-8292-836bf3544c4c,2024-03-04,Password Reset,AI Chatbot,1.57,Pending,0.54,3,2.69,0c7d41d5-8b08-4c29-a3b8-ee77806d302e,North Carolina,Mobile,False
402d34f9-d0ae-4092-b0a9-e05f2f704abf,2024-01-13,Technical Support,Human Agent,10.03,Resolved,0.62,3,6.86,f23f13a1-70f7-4e9d-b545-1d4db0444938,Missouri,Tablet,False
9839cef9-8902-44c0-97bd-67511b0fecf1,2024-06-26,Technical Support,Human Agent,7.31,Resolved,0.35,4,7.15,a1b84d68-974b-4dbd-b728-b456356b8932,South Dakota,Mobile,False
9c6ae901-7c27-4567-bb6b-0ef2d1086b20,2024-01-18,Shipping Inquiry,AI Chatbot,1.39,Resolved,0.94,3,3.27,9e4bb43c-f968-4d4f-9e02-85ad15dd8f4b,Rhode Island,Desktop,False
aee940a6-3c69-46ba-addb-7537561809c7,2024-01-10,Billing Question,Human Agent,4.06,Resolved,0.6,3,7.08,3a5e9f0d-6d7b-4cb2-8f64-d6aa1ed7314f,Tennessee,Desktop,True
ba0de367-3734-4006-9e8f-9b3d368e3e7d,2024-06-07,Billing Question,Human Agent,8.38,Resolved,0.79,2,6.51,21a732c7-d525-4580-9f8d-9d175547603d,Illinois,Tablet,False
a6b2fd63-93c4-4766-8b57-3c665e5cc497,2024-06-25,Password Reset,Human Agent,8.69,Escalated,0.52,2,9.05,a685d248-431e-4eaf-bb69-bd771de24d9f,New Mexico,Tablet,False
8cff6fd1-dd69-4a61-bd01-cee2b3d87792,2024-04-18,Account Update,Human Agent,10.53,Resolved,-0.03,4,9.19,a23f4dc8-a524-438b-ba58-f66ae81e753e,Georgia,Tablet,False
2af4393e-964d-4316-af15-69fe850d0136,2024-06-01,Password Reset,Human Agent,3.3,Resolved,0.59,4,7.83,0eaa8bb7-b5de-4116-88b4-149577257f9d,Maine,Tablet,False
e83ab882-28a1-459c-b4d2-60c534ea668d,2024-06-18,Product Information,Human Agent,12.38,Resolved,0.42,3,8.1,4310efab-2471-439b-a829-f92111f46298,Maine,Desktop,False
dfb3e89c-23fa-44f9-a31a-55aadc4c1077,2024-01-17,Account Update,AI Chatbot,0.22,Resolved,0.03,3,1.95,05258284-70f3-4e56-86e5-1df99d434678,West Virginia,Tablet,False
0874a0e7-36e1-4ba9-81c5-01d019fe3074,2024-03-06,Billing Question,Human Agent,3.4,Resolved,0.76,3,7.89,a9cf58a7-d5dd-490b-a48a-3e5c33b889cb,Missouri,Mobile,True
8e399535-0427-4361-be8a-8b6adeae6c1f,2024-01-06,Product Information,Human Agent,10.18,Escalated,0.29,4,9.74,87f94609-9f41-4833-8e79-973279a8ea62,Illinois,Mobile,False
6ca3afbc-2f34-4aea-a8bd-096320938066,2024-06-10,Product Information,Human Agent,2.26,Resolved,0.41,2,7.25,2daeb533-4c6f-46cc-ba4a-42266532953e,North Dakota,Desktop,False
0178920e-ec16-430e-b3dd-b27467ba327f,2024-01-10,Password Reset,Human Agent,6.07,Resolved,0.78,4,8.01,8c033a31-63ef-4dca-82a9-4a8b122726ac,Arizona,Tablet,False
e2c2cdc2-c8f6-4d27-a0c3-9af7dcafd47f,2024-05-19,Product Information,AI Chatbot,1.8,Escalated,0.23,2,2.85,5fd73b52-f30c-461d-9db0-ef2fa53a6257,Wyoming,Tablet,False
af304d17-b4d7-48a1-b0bd-fbdc1a322de0,2024-01-07,Password Reset,Human Agent,7.88,Resolved,0.74,3,6.31,ec2f0532-ba42-408f-ba13-5f55aa247ea3,Oklahoma,Mobile,False
c37ca1e7-3983-4fd2-8285-5a3c095e085c,2024-03-14,Technical Support,AI Chatbot,1.42,Resolved,0.53,5,3.93,4ff3f3f3-dc25-4c7e-a5f4-1d234eef3c83,Florida,Desktop,False
a5d4dda5-624c-4955-83be-c9a32f64542c,2024-01-26,Password Reset,Human Agent,10.1,Escalated,0.61,1,7.05,94d585b9-7337-4faa-b539-d25b023fb831,New York,Desktop,False
85b781ff-2d09-422e-939a-4bc26262db35,2024-03-19,Product Information,Human Agent,8.43,Resolved,0.48,3,6.49,c3114cb5-ae50-4f96-bb2a-a3368ff458fe,Alaska,Mobile,False
d1b6d3a8-a6a5-47de-ba68-bafba6590ed1,2024-02-17,Account Update,Human Agent,10.53,Resolved,0.35,3,8.65,14ce3893-7c1e-456e-a61e-fb191b4a8aa2,Alaska,Tablet,True
a2db6592-b0ec-4e96-b2a0-74a07881fb29,2024-03-30,Billing Question,AI Chatbot,1.59,Resolved,0.52,4,2.78,1c0b1871-73fa-4f55-9ba7-59e8c0a7b194,Arizona,Desktop,False
cc633067-0fcd-49d2-a44a-b7da81be1b02,2024-01-13,Account Update,AI Chatbot,0.73,Resolved,0.33,5,1.61,863d3a87-bebb-4639-9644-6ce2b4414062,Nevada,Tablet,False
b62e6762-de1f-470c-81d7-602e4df19d02,2024-01-14,Account Update,AI Chatbot,2.27,Resolved,0.45,3,1.43,12f9cd9b-d0cf-40e8-b158-6c89884666d9,New Hampshire,Mobile,False
58737414-91b6-474d-9838-90958a723678,2024-06-04,Billing Question,AI Chatbot,1.22,Resolved,0.24,3,3.67,cd5dc578-43ea-4a32-8bc8-861484f93fd9,Wyoming,Mobile,False
76ea8794-7d74-4c71-9130-12fd368e5edd,2024-06-03,Product Information,AI Chatbot,1.41,Resolved,-0.12,4,-0.52,d28d041d-61f7-46c6-b9a4-c8b9f9730f5b,New York,Desktop,False
a5805e9f-4c8a-4026-8f86-60d2c70c2246,2024-05-23,Password Reset,AI Chatbot,2.04,Resolved,-0.14,1,0.7,fda08b5d-d3ab-4056-9a1f-bf1ca37db3a9,Pennsylvania,Desktop,False
fe29be48-e006-4767-8db2-01790ecbe405,2024-05-06,Password Reset,Human Agent,7.17,Resolved,1.0,3,7.28,a096a3ee-4377-4b6a-ab89-dd45bdd68b6f,Wyoming,Tablet,False
e2e92b3a-7726-4b4e-ab77-dfbbabae7574,2024-05-13,Billing Question,AI Chatbot,1.68,Escalated,0.07,3,4.78,c022fd07-be09-4b5b-b478-a74722cd9daf,Kansas,Mobile,True
93e6d365-e9d2-4bf5-9a93-6fc3d1e3001c,2024-04-16,Billing Question,AI Chatbot,2.4,Resolved,0.35,3,3.09,ecfc51de-6ea0-41c2-b283-e5e405e2fc4c,Oklahoma,Tablet,False
3ec1f2a6-cc31-42ef-80bb-5f283ed22c5d,2024-03-27,Billing Question,AI Chatbot,2.11,Resolved,0.1,4,5.17,d0ef500a-7163-4c4e-ad78-f29a2da714f9,Vermont,Desktop,False
2a1e5459-e169-4077-b0f0-e4cb5d1300a1,2024-05-07,Shipping Inquiry,Human Agent,2.39,Resolved,-0.04,5,5.52,4258b70d-a248-4f33-8b2a-dafbb554d41a,Nebraska,Mobile,False
5b32b4d7-bde8-4400-9030-3d7464d299d4,2024-02-29,Password Reset,Human Agent,7.62,Resolved,0.25,3,4.87,af5d2db7-8280-4859-98bd-ef230f623f46,Delaware,Tablet,False
e7f8db35-3fb0-4483-b9ea-2b82fc446ad1,2024-03-10,Shipping Inquiry,AI Chatbot,0.98,Escalated,-0.09,3,-0.21,fcc2ba92-7b08-4ac5-bfae-875e96f8701a,Missouri,Mobile,True
05b57779-e428-4d0e-8438-ba95159b3bc9,2024-03-24,Shipping Inquiry,AI Chatbot,1.62,Resolved,0.3,4,0.72,72f8fbc8-a2f9-4d73-9870-7460ee3d980e,Ohio,Desktop,True
45f363f7-c94c-4619-b744-36f6b7b60f28,2024-04-18,Shipping Inquiry,AI Chatbot,2.22,Resolved,0.48,4,3.35,8ab234f0-c316-48de-9696-78728e4c0b99,South Carolina,Desktop,False
99e3d2f3-ead9-4b67-b79d-8a214e63c008,2024-06-15,Account Update,Human Agent,3.64,Resolved,0.33,3,8.81,032e1318-fc88-4098-bfb8-031324a7e7d3,Florida,Mobile,False
a216c8d1-9495-4183-a4b9-2c6acd1b6754,2024-03-23,Account Update,AI Chatbot,0.7,Resolved,0.46,3,4.61,d169504e-4cd9-48bd-adb0-fa6d72410e1a,Wisconsin,Desktop,False
82f5f7ed-b651-4a66-80db-4b57f4e6d50c,2024-01-07,Shipping Inquiry,Human Agent,6.06,Resolved,-0.09,3,5.66,e8b0366d-3a35-4929-946a-1be5be85250c,Missouri,Tablet,False
b2fe050c-76a3-4cc3-9167-b3d7494973a5,2024-06-27,Technical Support,Human Agent,4.99,Resolved,0.26,3,7.93,392d1478-99e4-4536-b702-21a72c16a698,Louisiana,Desktop,False
5972d408-2555-49c4-b82e-8d0fa01a4682,2024-04-20,Account Update,AI Chatbot,1.65,Resolved,0.12,3,4.07,b5a1757c-7f7a-4241-8e88-5fcced889b43,Idaho,Mobile,False
57a977e8-091e-4d43-bc7a-d6b73e4a9cd1,2024-01-06,Technical Support,AI Chatbot,2.07,Resolved,0.01,4,3.64,6c1499f9-e0a8-46b7-ae53-a769d238d585,Missouri,Mobile,False
71959c8c-e147-4c10-81df-f7ed6a61d14a,2024-02-15,Shipping Inquiry,AI Chatbot,1.21,Resolved,0.09,4,-0.99,b1eb2570-a8c1-4158-8315-b9e968a0b988,California,Mobile,True
f5198391-9cbb-4cff-b3ff-ffe52d4f960b,2024-02-05,Shipping Inquiry,AI Chatbot,0.79,Resolved,0.61,3,1.14,c635bbf8-268c-4a7b-87e2-4d5cc09ac4f9,Georgia,Desktop,False
7e9b0c2f-f209-461a-ae44-e34612b3692c,2024-03-19,Product Information,AI Chatbot,0.58,Resolved,0.36,4,0.87,7146025a-b02d-4715-a11c-0edfbe8568dd,Nebraska,Tablet,False
3fafe8d4-8239-4d95-8276-fbf61ebe1753,2024-02-04,Product Information,Human Agent,3.44,Resolved,0.29,3,6.09,05ae77c7-e166-4627-8fd2-0213e2915b18,Indiana,Desktop,True
f8289bd6-30a3-4e63-8106-9d46fb9d9778,2024-06-14,Billing Question,Human Agent,7.14,Resolved,0.75,4,9.9,603945a2-ece2-40fb-8055-cd692e664bed,Maine,Tablet,False
988f8f1c-75b3-4d4d-9512-b31c0c0f82b4,2024-06-15,Product Information,AI Chatbot,1.47,Resolved,0.06,3,2.3,2341e33b-e764-4ebb-b7c6-1687226f9452,Washington,Desktop,False
7f2e6d53-2e69-4fe8-bfec-ae0ce756df1e,2024-03-26,Billing Question,AI Chatbot,2.34,Resolved,-0.16,3,1.98,3cf9734a-32e1-4630-a50d-6e2af27f7cde,Maryland,Mobile,False
a56d32f4-11cd-412f-9ca5-d3bee7fde17f,2024-02-28,Technical Support,AI Chatbot,1.28,Escalated,-0.13,4,5.9,a3dc7bd1-8ba4-4318-8432-eceacc28fc56,Nebraska,Desktop,False
d6136d61-e0f4-48c2-a7c0-243d7620111d,2024-02-26,Technical Support,Human Agent,7.0,Pending,0.87,1,6.89,d0f5fda8-0587-41a5-a3b5-f23257f1c1de,Missouri,Tablet,False
96050590-ab2c-4ed7-9921-4c93fd5e9f84,2024-05-01,Billing Question,AI Chatbot,2.67,Resolved,0.17,4,1.23,f01c2fbb-cc01-4429-9639-c3975bac1e1d,Virginia,Mobile,False
565dbdf1-6f74-46ce-a5a5-817e114aef99,2024-06-09,Technical Support,AI Chatbot,2.02,Resolved,0.23,3,2.88,31c667fc-3cb3-4530-bf96-755309ab70b4,Florida,Mobile,False
ba0421d3-103e-432d-af77-5571cc78343e,2024-01-08,Billing Question,AI Chatbot,0.2,Pending,-0.37,3,2.54,ad627cdf-d978-4b21-8043-7577e5a110a5,Michigan,Tablet,False
3334a0ca-f5fe-4ef8-a80c-8eeb5c4581f7,2024-01-31,Technical Support,AI Chatbot,3.52,Escalated,0.69,3,0.15,549607b9-e5ef-4845-8a42-525952c9a776,Massachusetts,Mobile,False
f36d32a7-36fc-40a9-ad2c-0658e18190ac,2024-02-01,Billing Question,AI Chatbot,3.37,Resolved,-0.06,4,2.63,a83a2017-f15e-45b6-882c-49ddf9912ab5,Arkansas,Tablet,False
f315f724-8607-44f3-add4-9c5734d65b42,2024-01-12,Account Update,AI Chatbot,1.03,Resolved,0.18,3,5.29,509e9e61-48f4-4243-823f-e04ce6b22b81,West Virginia,Mobile,True
3ece4024-43b3-4607-9538-8fb17c11b421,2024-04-01,Shipping Inquiry,Human Agent,8.41,Resolved,0.39,3,5.93,31958aa9-b2dc-4042-bb25-4d4ad97040ed,Louisiana,Tablet,True
14c8856e-f4e9-4178-b9b0-04145b6a090f,2024-03-09,Product Information,AI Chatbot,1.97,Escalated,0.97,4,4.26,363e3e6b-f098-4f59-9e66-7a0ccd28aa25,Oklahoma,Desktop,False
60f6bd54-be2b-416e-a86f-4a84f7527424,2024-05-12,Billing Question,Human Agent,8.46,Resolved,0.13,5,3.53,5da5460c-986b-4861-93b1-c8c2724f31a5,Arkansas,Tablet,False
a0747242-49cc-491f-9d05-ac2db40dff51,2024-06-18,Account Update,Human Agent,4.3,Escalated,0.72,2,8.43,58f18118-191a-4b4f-9681-fc8d2e06cc46,Nevada,Tablet,False
a81e1c52-3c62-4a00-a178-4376007b38a8,2024-03-31,Shipping Inquiry,Human Agent,11.46,Resolved,-0.02,2,5.02,e103bda0-d597-46e3-a4b2-654bb5e6bbec,South Carolina,Mobile,False
1cf66e7c-affa-4c0e-a2ca-b69d93861abe,2024-05-03,Billing Question,Human Agent,7.63,Escalated,0.21,3,7.86,02f4b844-e1ca-4d67-b9f1-67d73ca6341e,Arkansas,Mobile,False
27334cee-32f8-4b0a-9164-5563142750d8,2024-06-16,Account Update,Human Agent,5.07,Escalated,0.66,3,8.38,660d53b8-7060-4d9d-b547-90ded395bc99,Kansas,Mobile,False
ada4b27c-01b5-4e2e-a8ee-661e158b1fa8,2024-01-18,Billing Question,AI Chatbot,1.54,Escalated,0.07,1,2.36,d4a5d248-6b8d-4c99-893a-8fb5ed4f24e5,Texas,Tablet,False
70c2b956-ebcf-4162-a17f-8a78f4ce9b07,2024-02-21,Product Information,Human Agent,6.21,Escalated,0.55,3,7.51,4cf245e7-f334-4845-89ff-8caf9dcea984,Hawaii,Desktop,False
ff0283ff-16ed-4266-b8d8-fa5acfbcdbcc,2024-06-18,Shipping Inquiry,Human Agent,6.43,Resolved,-0.01,4,7.73,4440ab8c-3c8e-44fb-af4e-39c72b04d6e5,Michigan,Mobile,True
2950dd32-1feb-4ee4-b860-5db30041c81d,2024-05-28,Technical Support,Human Agent,6.6,Resolved,0.13,4,6.79,67ff52a9-e04f-4efd-a498-0a48190d1881,Maine,Tablet,False
d3a76bf4-d78c-42d7-ba6c-501ee64a9ac0,2024-06-05,Password Reset,Human Agent,9.72,Resolved,0.41,4,9.49,961af9db-b18f-4d78-98eb-f1e4b0d00c9d,California,Tablet,False
47375738-a38e-4b79-9ca4-60f4dc6839c9,2024-02-06,Product Information,AI Chatbot,0.25,Resolved,0.13,4,2.35,5c2c2927-69bc-4586-bbd0-397ece4892a3,Florida,Tablet,False
d8fc51aa-3953-4d5c-8a39-ad55971fbda2,2024-04-21,Shipping Inquiry,AI Chatbot,1.85,Resolved,0.46,3,3.34,ea134d4a-3812-4dfe-9b4a-f897dfb132d3,Tennessee,Desktop,True
a9fc4e88-e9d9-4de8-a6dc-cfd5b258fb8a,2024-04-28,Shipping Inquiry,Human Agent,6.44,Resolved,0.45,3,8.11,aefc084c-3af7-44fa-b7cc-af3cd0259e52,Maine,Desktop,False
2c7e7f44-7224-45ef-9bd4-b922e796750c,2024-01-16,Billing Question,Human Agent,7.05,Resolved,0.15,4,7.36,dd28f523-e968-4faf-bae0-2a0867d0d3e3,Michigan,Mobile,False
c8d1e88b-6e7c-457b-9c68-5d0a312451c5,2024-06-10,Shipping Inquiry,Human Agent,8.33,Resolved,0.22,2,5.14,85ba9754-3ca4-42df-ab4e-bed35b1992ff,Louisiana,Mobile,True
4ccb6674-7107-4c39-b0ab-031a4c185e52,2024-06-09,Technical Support,AI Chatbot,2.1,Resolved,0.45,3,0.94,3b4333bc-bf6a-4304-bf76-7cc00448bc99,Kansas,Desktop,False
8c695a62-f981-4875-9124-d4ce1417ba42,2024-05-13,Billing Question,AI Chatbot,1.6,Resolved,0.49,4,4.16,10c761f6-63ab-43ca-91f5-d832c89a7e37,New York,Desktop,False
15c80f05-7c2a-4444-972c-b4cfdd121b8b,2024-06-11,Password Reset,Human Agent,9.01,Resolved,-0.19,2,6.28,7112ff5e-c2b9-43ea-992c-4097d6d646ec,Pennsylvania,Mobile,False
4763c7d9-e5b0-4a89-b6f2-08f0ddd71e19,2024-04-04,Account Update,AI Chatbot,1.94,Resolved,0.65,4,2.06,b4d81b61-240e-4d81-b009-51ac5d9eca67,Rhode Island,Mobile,False
f6febad2-0476-45fc-acbb-7aa15d0f4964,2024-01-07,Account Update,Human Agent,0.5,Resolved,0.59,2,9.33,e4502f52-0914-4bc2-a9e3-84b5cd5ba2bc,Tennessee,Mobile,False
eb5db2ab-cdd9-4537-8302-1d1ba6d4e925,2024-01-30,Password Reset,AI Chatbot,1.4,Resolved,-0.01,4,5.67,72fc47a0-0648-423f-8ccd-02006922796a,Wisconsin,Tablet,False
acab2b8c-550d-4426-8f85-7bf2b844869c,2024-05-02,Password Reset,AI Chatbot,0.87,Resolved,0.81,5,0.61,be8cc0d8-c618-4b68-b96f-22589d606586,North Carolina,Desktop,False
9cb916a7-7548-4922-85bc-07e9ffbba5f6,2024-02-15,Technical Support,AI Chatbot,1.26,Resolved,-0.16,5,2.45,56bb1548-3a9f-4037-b585-20339389069f,Minnesota,Desktop,False
d59a6f9d-17c0-45d3-9eaf-5a847572decf,2024-03-06,Account Update,Human Agent,2.99,Resolved,0.45,2,7.76,842e210f-58e1-418d-97ff-13c8bdfc1ade,Alabama,Desktop,False
bf58bb37-176d-401d-9b73-22810a85f6f2,2024-03-13,Account Update,Human Agent,9.82,Resolved,0.77,4,7.78,0904f75a-0d52-48b1-858d-33ed41f96eb2,New Mexico,Desktop,False
5ed45ba0-bf28-4fb3-91ef-150ced9d0e50,2024-02-27,Password Reset,Human Agent,9.88,Resolved,0.51,3,6.34,0e1f2666-f8e7-4323-88c6-c09a8ba8b009,Arkansas,Mobile,False
232fda06-d801-40c3-ae42-7db97a97762e,2024-02-15,Shipping Inquiry,Human Agent,4.73,Resolved,0.66,3,7.39,987619e6-11c1-4e89-a630-28bbd148968c,Minnesota,Tablet,False
6f986c74-08cf-4839-8a0f-0352ff6f2123,2024-02-04,Shipping Inquiry,AI Chatbot,2.34,Escalated,0.28,2,2.08,efae3ebb-99e1-43ba-937a-0c80cacf1f24,California,Tablet,False
55f38b25-5d7e-4cb0-8d1b-2437fcab6801,2024-03-24,Technical Support,AI Chatbot,2.22,Resolved,0.56,3,2.52,123c8c50-afbf-4f99-b95f-73b805409779,Colorado,Mobile,False
0c1da4b4-296d-4433-96dd-1edd6305f756,2024-06-27,Account Update,Human Agent,6.52,Resolved,0.63,4,5.44,95f3d687-8355-4b39-91a4-82d0741913a1,Idaho,Tablet,False
73d60f46-2ff3-49dd-9286-5268b1fcde22,2024-05-10,Shipping Inquiry,AI Chatbot,3.43,Resolved,0.5,3,2.4,60d826e0-b273-4093-bb8c-df0cdc2c7c36,Wisconsin,Desktop,False
574c7187-ee9d-4569-99ac-e20cb1faaca5,2024-03-25,Product Information,Human Agent,4.42,Resolved,0.24,3,8.66,8f99372d-2809-486a-b568-9df70e209d4c,Alaska,Tablet,False
b0d96369-bf47-4cbb-aabc-e9abb6a8671a,2024-04-02,Password Reset,AI Chatbot,0.96,Resolved,0.16,4,4.1,1125d73a-611c-4131-97a5-02ff3e07d0b9,Kansas,Desktop,False
e775744b-0661-4921-9853-1f9fbb3058dc,2024-04-13,Billing Question,Human Agent,9.12,Resolved,0.23,3,8.39,aea81e95-057d-43e7-974e-23c24b66ee61,Tennessee,Desktop,False
1cc04d58-39ce-42e5-8fe1-79498f38abfe,2024-01-16,Technical Support,AI Chatbot,1.42,Resolved,0.7,3,3.42,2c0590b0-5536-49a1-86b8-32ead6857742,Alaska,Tablet,False
8b8659b0-855d-4125-81ea-30a809d94dbf,2024-01-27,Account Update,AI Chatbot,2.34,Escalated,0.19,3,3.43,bfcd737f-3f1c-4507-95c7-00481e48ccaa,North Carolina,Desktop,False
93e05732-6868-4363-9060-eb52a9246826,2024-05-20,Technical Support,Human Agent,1.64,Escalated,0.65,3,8.41,e99a0d6b-3677-4b70-b108-e6b8551f759e,Idaho,Mobile,False
1d22146f-6107-497a-bfc4-e30a1ee2deeb,2024-06-18,Billing Question,AI Chatbot,2.42,Resolved,0.68,3,3.64,d796159d-b97e-4fa6-a762-9566c8510da7,Virginia,Mobile,True
90075118-d316-4d8d-b8c8-af3aba503fce,2024-02-05,Account Update,Human Agent,6.91,Resolved,0.44,5,4.98,f194be3d-0079-49db-be34-935108b9ca90,Vermont,Mobile,False
4aa8fec2-33a9-4b51-8d04-45b574016fdc,2024-05-03,Password Reset,Human Agent,3.26,Pending,0.33,1,5.48,ba18b390-42f7-4286-9478-b2761a86e721,Maine,Tablet,False
ab630f2c-b415-45d9-8d2e-0d84c41c3885,2024-05-02,Billing Question,AI Chatbot,2.68,Escalated,-0.06,4,2.39,4fc1ffe6-62e0-4d3e-a6b0-82d3997127e2,Maryland,Tablet,False
f4143a6c-8564-4b57-8213-49e9c8555a40,2024-03-19,Password Reset,AI Chatbot,0.67,Resolved,0.8,5,4.54,a101e782-a101-4d23-80fa-5ebb944adeb9,Kansas,Tablet,False
1b2a5851-4e32-4054-812f-987612c18ece,2024-05-22,Account Update,AI Chatbot,1.08,Resolved,0.05,4,3.55,883772e4-e7be-42fb-8fee-43452aa87d37,Montana,Tablet,False
ca080739-1ced-4484-be57-3c489279b533,2024-02-10,Billing Question,Human Agent,5.01,Resolved,0.55,4,4.57,faaecf83-ad0a-4c11-97fb-e86973528fea,Ohio,Tablet,False
3e1a7336-9068-4876-89b5-ad089b09bc39,2024-06-22,Password Reset,Human Agent,5.21,Resolved,1.0,5,6.39,f2c5b755-c77a-4332-8d04-47d6faacfc6c,Rhode Island,Tablet,False
dcd63cef-0b83-4ff8-a3c7-07682d5a22c1,2024-01-26,Account Update,Human Agent,4.68,Resolved,-0.04,2,4.82,814d650c-15b5-4cc5-9089-88761293037f,Kentucky,Tablet,False
f5e232cb-ba6a-4665-993b-68f068bbb2b1,2024-03-04,Shipping Inquiry,AI Chatbot,0.64,Resolved,-0.16,4,4.46,eff5f165-1402-4f34-a85f-65ae770fcaf8,Missouri,Mobile,False
ef69d3e9-8f0b-4589-9b8a-4f14edf49510,2024-06-27,Billing Question,Human Agent,10.06,Pending,0.62,2,8.27,96b32632-ac73-46fd-a853-79b007fb5332,Pennsylvania,Desktop,False
9a945f2d-df70-474f-b97e-80158ed5ba3c,2024-03-02,Shipping Inquiry,AI Chatbot,2.39,Resolved,0.04,4,4.27,0b8e5e4f-66e8-4071-b5c1-e0ca007ebc32,Wyoming,Mobile,False
4bdad6dc-3784-431a-bef0-ef210bebe122,2024-06-20,Technical Support,AI Chatbot,1.0,Pending,0.25,3,0.58,b1cd0b22-87aa-4a8e-b3d7-2581ced86d5c,South Carolina,Desktop,False
d5776cc8-d71a-4fe3-bcb2-6a2dc71e429f,2024-05-12,Technical Support,Human Agent,2.07,Resolved,0.16,3,5.44,d74178f9-1b9f-46ff-8019-02e5fc23d93a,Minnesota,Tablet,False
bd7b2bc0-6499-47ab-9bd2-59c19c57c944,2024-05-19,Password Reset,Human Agent,5.71,Resolved,0.53,4,6.27,da8a993f-b88e-4918-b0dc-c6754a3052c4,Kansas,Mobile,False
2b28dd0b-b456-44de-8892-cfe4d45a8059,2024-01-09,Password Reset,AI Chatbot,1.32,Resolved,0.57,3,0.87,b0c6eca8-5993-4184-976e-7c709db40734,Florida,Desktop,False
d923af6b-abf4-4b0b-9283-18d7b2fba09b,2024-06-12,Billing Question,AI Chatbot,1.42,Pending,-0.04,2,4.11,9d0d3cf5-0ad8-4654-a211-9ee8d6e61d24,West Virginia,Desktop,False
f9b75b51-aa1b-481e-b3c3-b5c63e14eb39,2024-01-07,Technical Support,AI Chatbot,2.19,Resolved,0.79,5,2.24,b32e2cc5-5e62-4e25-8f29-d86233b96d01,Nevada,Mobile,False
201f7246-e010-42a3-bd33-00f66474c031,2024-06-02,Product Information,AI Chatbot,1.37,Resolved,0.42,3,1.2,defc946b-3eda-4635-ab36-63524169336f,Wisconsin,Mobile,False
451b0187-d8c9-4c18-80f0-adc3f814b5fe,2024-01-26,Product Information,Human Agent,12.73,Resolved,0.34,2,6.89,7175ace5-ecf9-4d23-8494-29a41c58f676,New Mexico,Tablet,True
f981e936-1ea4-4e51-b0b8-ec164bb3a492,2024-01-10,Password Reset,Human Agent,6.91,Resolved,0.64,3,5.3,dacc7a7b-34ad-4913-ae37-90a048ea2e00,Arkansas,Desktop,False
c816a65a-5d9c-4f4a-a44c-a579c7af60c1,2024-01-13,Technical Support,Human Agent,6.52,Resolved,0.04,3,8.81,a805b800-839f-4d90-a051-7643c675b90b,North Dakota,Tablet,False
b54a53c7-848d-4821-a2f1-293667b1c233,2024-05-24,Product Information,Human Agent,2.46,Pending,0.69,4,9.5,8847dd1d-e21b-4cf6-b7a7-cda6cf530071,South Carolina,Desktop,True
a05ff946-1c97-4960-a042-1d753254af6f,2024-06-19,Billing Question,AI Chatbot,2.18,Pending,0.07,1,3.93,23f4e9cf-e9da-4f53-99cd-df9cc32bcaf0,South Carolina,Desktop,False
36787e86-0bf7-4d9f-a4aa-ad8bc9355fff,2024-01-16,Technical Support,Human Agent,5.9,Resolved,0.36,4,8.23,9ef577d2-07f5-48b6-9318-05652956785f,Oklahoma,Desktop,False
fbd088b2-580e-4beb-801b-098ad1ecd3c4,2024-01-27,Technical Support,Human Agent,11.15,Resolved,-0.06,3,7.54,a5c5f6e6-9cf5-4cda-9c33-e630fc30939b,Nebraska,Mobile,False
78146126-545a-4e50-9eee-63d7cb0cc6fb,2024-04-10,Account Update,AI Chatbot,1.26,Resolved,-0.02,5,1.58,9030ee2e-2fdb-4555-841e-7c5ae44e2252,New Mexico,Mobile,False
6e8e0bf3-07b8-4945-9245-4c01b1ff74d1,2024-03-31,Shipping Inquiry,Human Agent,8.08,Resolved,0.51,3,5.74,1da6b83f-8114-4ff4-82da-16a795c6911e,Florida,Desktop,False
f134d1f8-ab99-4cfc-84a8-60c7dde3b87e,2024-05-16,Account Update,AI Chatbot,1.07,Escalated,0.33,2,1.88,10581cd5-5ed7-43ff-a6f8-90a9fa0cc090,Illinois,Mobile,False
8cb10389-1662-4eb3-beb5-8508fb81e89a,2024-06-14,Password Reset,Human Agent,5.29,Resolved,0.33,3,9.23,310d96d3-a230-4ca6-a3c1-79890edf632a,Alabama,Desktop,False
e97f783a-1c06-41c5-a232-817e82b258e1,2024-01-14,Billing Question,AI Chatbot,2.07,Resolved,0.58,4,2.53,458fb09e-5ad9-4137-b8db-7a262cbd5c20,Utah,Desktop,False
a6374676-7d2c-4782-b807-dfaa2f48b854,2024-05-18,Shipping Inquiry,Human Agent,4.3,Escalated,0.39,3,5.77,2e07c8c2-5fd5-4eb7-a50b-e8ba8de65729,Minnesota,Tablet,False
263a25ea-810f-4b3a-8007-eb8c56a7ab0e,2024-04-29,Password Reset,AI Chatbot,1.76,Resolved,0.57,4,2.29,0c4de18b-22f7-4e2d-8947-beb06b85bba7,Delaware,Mobile,False
ddea0f4b-52dd-4614-b039-a38c25915aac,2024-05-17,Product Information,AI Chatbot,0.79,Resolved,0.58,3,1.62,8ab11d3c-bdba-4d04-8684-e1228e0e8c28,Vermont,Mobile,False
a577fa8a-debb-4b7c-b855-5bf120742984,2024-04-26,Shipping Inquiry,AI Chatbot,0.2,Resolved,0.54,3,0.2,2c13a5de-e32a-4bfd-a9fe-0ebf2ac1f44f,Alabama,Mobile,True
29d5bc75-1a3d-42ef-ac44-c6723aa5f3e3,2024-06-22,Password Reset,Human Agent,6.89,Resolved,1.0,5,9.21,6b4288a7-975f-486e-ac1e-1bc8766446e4,West Virginia,Desktop,False
899052df-b90e-4706-9558-ae44fc9e2e21,2024-06-28,Product Information,Human Agent,7.91,Resolved,0.47,3,6.45,da0854d8-b87d-416e-a382-f6aaae5e227b,Oregon,Mobile,False
6cebb59d-f9d8-49b1-8a1c-b1f420449d7c,2024-04-20,Product Information,Human Agent,8.21,Resolved,0.69,4,6.59,af481aa4-d13b-4b1b-99f6-105ee493fbe2,Missouri,Desktop,False
594c173f-5cbf-446e-90b2-14937208209c,2024-03-12,Password Reset,Human Agent,5.25,Resolved,0.05,1,6.22,d5c14a4d-2dab-4f70-9fe1-64085b16d851,Delaware,Mobile,False
1c8f4860-ad47-4b67-bee7-197297cbefe6,2024-01-11,Technical Support,Human Agent,6.87,Resolved,-0.06,4,4.98,33e59db7-fbe0-4e0d-a9fb-2fc8b15edeb2,Illinois,Mobile,True
2d60d84b-ee22-4922-bfe8-0e9d779cdcc7,2024-04-03,Account Update,Human Agent,7.17,Resolved,0.32,3,5.48,4f2b4719-e29e-4056-b273-52671a8d97d9,Arizona,Desktop,False
a5f53e08-d46f-4f94-9e1a-c4b750bd0136,2024-01-29,Shipping Inquiry,Human Agent,2.02,Pending,0.5,3,7.11,97cf50a7-5883-47d6-9819-e18875ce077d,Idaho,Mobile,False
77187c14-3ac4-487f-aa1c-64d3d8f09d30,2024-04-06,Shipping Inquiry,AI Chatbot,1.57,Resolved,-0.01,5,2.15,6d91980f-26e5-4aab-adfa-4b5844448c6d,Alabama,Mobile,False
20bd4b5c-6606-470f-b153-3b7d287f36cb,2024-01-23,Account Update,Human Agent,6.2,Resolved,0.15,4,7.19,3386fc80-7173-4291-9174-9391bae785bf,Maryland,Mobile,False
21f2a361-2aa2-4334-9671-b0f64224974f,2024-02-05,Shipping Inquiry,AI Chatbot,1.17,Escalated,0.4,2,3.78,2674b77b-faf6-4786-9430-85e9a883f482,Idaho,Mobile,False
055a2779-b396-42b0-a522-bd68ff4785cd,2024-05-31,Product Information,Human Agent,4.54,Resolved,-0.08,3,8.05,14f4e964-042c-4cc5-b906-e57061dbe630,Connecticut,Desktop,False
2e7d692c-fead-4367-9cc9-4e84a0998352,2024-05-08,Shipping Inquiry,Human Agent,11.25,Resolved,0.4,4,5.08,f2407954-8420-42ef-94cc-986b9f046ea0,Kansas,Desktop,False
da3fa7f1-8cfd-47a5-bb02-efd61a84d71a,2024-06-19,Billing Question,Human Agent,7.98,Resolved,0.45,5,8.1,942893e7-fc2d-4ec8-9b6d-c8ed2d0153c4,Michigan,Mobile,False
4f688580-9e34-4f75-a932-ebf4fb431a48,2024-02-07,Shipping Inquiry,AI Chatbot,1.0,Resolved,0.42,3,4.46,931e0b8b-03d0-481a-ae04-cecf7f60cea4,Wisconsin,Tablet,True
a4d6e8a0-2e45-41cc-9151-05ddb41dd7d7,2024-04-06,Technical Support,AI Chatbot,0.97,Resolved,0.09,5,3.8,6901c340-117b-4198-84ca-c5531683174a,Louisiana,Desktop,True
71218cff-c8ae-410c-9671-412050cb62c4,2024-01-30,Shipping Inquiry,Human Agent,7.71,Resolved,0.38,2,6.5,8091c018-40fe-46cd-bd37-813a19dc58e6,Ohio,Tablet,False
cf968c5a-3c19-43f8-8c8b-22bac804935f,2024-03-27,Product Information,AI Chatbot,2.47,Resolved,0.31,3,1.77,06db7eb3-0daa-42c6-a2db-2ce2177796ca,Alaska,Mobile,False
f34fc237-ecdf-4cef-b737-f6ce6d9a4518,2024-03-13,Password Reset,AI Chatbot,1.79,Resolved,0.38,4,4.68,5ced09a0-12a4-4847-952a-402c52c1f9cc,Massachusetts,Desktop,False
419f3cb3-00d6-483c-8376-6bfff2f0d371,2024-01-12,Billing Question,Human Agent,6.7,Resolved,0.8,3,4.58,3616c638-0885-4fb4-a550-4e8e3df244ad,Rhode Island,Mobile,False
65b4a64a-4dd5-413f-8860-1453bd7420c7,2024-01-19,Product Information,AI Chatbot,1.05,Resolved,0.16,5,3.94,8eab5a13-a0bc-4943-99e0-d66d9299c2a7,Maine,Mobile,True
1c425542-8067-424a-b2b8-61bbe88bda56,2024-05-02,Shipping Inquiry,AI Chatbot,0.99,Resolved,0.44,4,4.15,68bc951a-880e-4c89-aa70-fbd8849e4f3d,New Hampshire,Desktop,False
e19d21c2-a534-474e-9962-b21b6f58ab6a,2024-02-22,Product Information,AI Chatbot,2.29,Resolved,0.45,3,3.36,28564ea1-29b2-46bd-bc9a-0fbb8cd387e9,Montana,Desktop,False
8238fbab-154a-4161-8011-a2cbf623b439,2024-06-22,Product Information,AI Chatbot,1.37,Resolved,-0.05,4,3.2,17ed7092-4605-4e79-813b-ee4d7b3fd0d9,Louisiana,Mobile,False
d09736f8-b9d5-4a87-8c96-11745da7defd,2024-02-01,Product Information,Human Agent,9.58,Resolved,0.8,4,6.82,973e938b-b970-498e-bddb-f13f10998609,Nevada,Mobile,False
dea0c3df-51a2-4801-9101-c75a578cfbe2,2024-03-26,Shipping Inquiry,AI Chatbot,1.41,Resolved,-0.09,4,2.82,9551e0b7-7e01-4514-b818-2398c98b4569,New York,Mobile,False
e158c687-1085-4b9a-9175-e11a64060bdd,2024-06-21,Account Update,AI Chatbot,2.21,Resolved,0.67,2,3.5,03be5715-1c6d-4b01-9cf2-4763d6b519b4,Oklahoma,Desktop,False
8c0dcf1d-8416-41d8-9187-5e8255058e05,2024-05-01,Product Information,Human Agent,4.08,Resolved,0.69,3,7.54,fb801e11-065b-41fe-8f17-98a6e54586cf,Minnesota,Desktop,False
ca2ee8cf-52e6-4f5f-8c91-7be831074ba6,2024-03-03,Billing Question,AI Chatbot,2.22,Resolved,0.49,4,1.76,86de44f6-9821-4b4f-8cdd-3b651cb4456b,Hawaii,Mobile,False
9b26a498-d4e0-41bc-8877-f0ea5f0e7c66,2024-06-05,Billing Question,Human Agent,1.25,Escalated,0.09,4,7.47,bc78980b-423c-4563-b822-bbd1f7d0fa12,Kentucky,Desktop,False
ea2643fb-1262-461f-a0e4-98a971ba5a73,2024-03-29,Password Reset,AI Chatbot,1.57,Resolved,0.21,3,0.26,fb8252a2-f7e3-4c44-aefd-9792cc29006e,South Dakota,Mobile,True
feb233b1-1ab8-4706-a288-0393123dd3f9,2024-05-05,Shipping Inquiry,Human Agent,6.43,Resolved,0.48,2,8.07,375d127a-58ee-4b3a-aa55-b0a7b6a6b83c,Nebraska,Tablet,False
8080710e-bdba-4112-8e71-6d951fd04837,2024-03-30,Password Reset,AI Chatbot,1.25,Resolved,0.2,3,0.86,c8c72615-48ae-4691-a9e4-2abb256b48f7,South Dakota,Tablet,False
cb4458fb-efef-4727-9a35-f1ac5c8145ad,2024-04-24,Product Information,AI Chatbot,1.07,Escalated,0.12,1,1.93,4f80abca-3f94-42d4-ac04-ecbb87905569,Pennsylvania,Desktop,False
1a0d8262-0eb6-437e-a9b4-f4741dc32fa8,2024-05-08,Shipping Inquiry,AI Chatbot,1.22,Escalated,0.5,2,2.12,4ffd343e-6624-42d9-904d-bfee7ae9d649,Oregon,Desktop,True
e1670a98-ca13-4101-8cbe-b647978d1eea,2024-03-10,Shipping Inquiry,AI Chatbot,0.47,Resolved,0.66,5,1.7,5dcdc1dd-c630-442f-a4c4-5de5e9f10aef,Hawaii,Desktop,False
8f321c52-1830-4c28-8926-15bba56979ba,2024-01-17,Account Update,Human Agent,8.27,Escalated,0.25,3,6.7,5930143e-9a53-4fee-8df2-a36f9d66c2e9,Washington,Tablet,False
65a2220e-d569-4abe-9498-bc43579a65d8,2024-05-26,Product Information,AI Chatbot,2.27,Pending,0.47,2,4.13,37227f1f-ba9b-4fda-b4e9-68f21211b795,Illinois,Tablet,False
80ac93f9-f0ea-4e5b-a7e4-a128a87123db,2024-06-01,Password Reset,AI Chatbot,1.14,Resolved,0.13,4,5.78,c89fb028-db1c-4aa2-a936-299f6d81263e,Kansas,Desktop,False
13005e35-01e8-45f6-8c55-4041a9409558,2024-02-04,Password Reset,Human Agent,5.59,Resolved,0.4,2,8.5,4480a95e-e6aa-46f8-a60c-ac0d8fa6a810,Hawaii,Tablet,False
f60e172c-55c7-4276-9b36-d367c39de3ad,2024-05-25,Product Information,Human Agent,2.4,Resolved,0.57,5,5.89,42cf1e8f-10d8-4a80-89a6-143afd7da016,Massachusetts,Mobile,False
38b00f92-9cf6-4f7f-b390-26875c1b134b,2024-06-28,Password Reset,Human Agent,13.34,Resolved,0.68,4,3.69,da83a2b5-f93c-4c14-a79d-cb0f3f5126b2,New Mexico,Mobile,False
78da0fa5-344d-4ecc-9fa9-d0805f825f0f,2024-03-26,Technical Support,AI Chatbot,0.2,Resolved,0.2,3,5.22,4f316a2b-2bc2-4ac4-ba7b-eda55fccbfe1,Oklahoma,Desktop,True
09dbd7fd-c1ed-443d-bff4-5c58898f5834,2024-03-23,Shipping Inquiry,AI Chatbot,2.6,Resolved,0.49,4,2.38,1002b6e6-f71c-4076-848f-8f3b8a14c09e,Rhode Island,Desktop,False
c0e6bc97-d6dc-4c4b-8265-a5638f6ed126,2024-01-26,Product Information,AI Chatbot,1.64,Resolved,0.69,4,0.34,44abc1d1-e65b-497c-a3d0-7e7214fc9adf,South Dakota,Mobile,False
047d8d68-e0fd-4919-8db7-5b07428a5d58,2024-04-23,Billing Question,Human Agent,7.68,Resolved,0.67,3,5.63,71a46d7e-d29a-4386-a9e8-024459792fe4,Virginia,Tablet,False
6470cbfb-5c31-4e3f-8197-e8beab032099,2024-01-26,Password Reset,Human Agent,5.46,Resolved,0.48,2,7.88,f971f9bb-feeb-46d4-b560-28b67b016625,Oklahoma,Tablet,False
68f24ea0-0697-4dfd-8b59-ee20dafbdb1d,2024-06-15,Billing Question,AI Chatbot,2.49,Escalated,0.67,1,5.42,bda484ed-da44-4964-af37-d7e2040342b5,Indiana,Mobile,False
8ad4d3bd-c68c-4a36-a9d0-1b15c8edafc4,2024-02-20,Product Information,AI Chatbot,1.72,Resolved,0.05,4,4.88,d3519962-f3d3-490f-ba5e-de9c2651a60f,Maryland,Desktop,True
7b0017b4-ba79-48f3-b4f4-bf234af3935c,2024-06-04,Password Reset,AI Chatbot,1.45,Pending,0.39,3,4.28,801e843d-5ebf-4fbc-afd6-79523ded0bca,New Hampshire,Tablet,False
12ee4ed9-c43d-4456-a4a2-4f86b153940b,2024-06-05,Shipping Inquiry,Human Agent,7.5,Escalated,0.18,3,7.64,1814ac75-5074-4b35-ac2c-8abf0690a309,Oklahoma,Desktop,False
9f46def5-2247-4e3c-953b-9c6abcba393f,2024-06-28,Shipping Inquiry,Human Agent,12.37,Resolved,0.16,4,5.35,3fc3eb04-b96c-4390-87e2-612f86efecec,New Mexico,Tablet,False
30801180-d10d-46af-83a7-2f2f837d063a,2024-05-21,Billing Question,AI Chatbot,2.56,Pending,0.28,3,0.69,10e11a0c-c7f4-429b-b714-e69ff745ac3f,North Carolina,Desktop,False
fdd8b4e7-0e19-4b45-858b-d08816cb305e,2024-02-17,Technical Support,AI Chatbot,1.41,Resolved,0.58,3,5.46,d23daaaa-65de-45ea-9b25-7dc6b4935dbb,Oregon,Desktop,True
2619ac2f-212b-4072-afea-a614fdf3bf3f,2024-04-27,Shipping Inquiry,Human Agent,13.5,Escalated,0.23,3,7.28,f8015534-c540-43e7-946a-765724805761,Kentucky,Tablet,False
23e6f2f8-7b69-4de0-86aa-9eec9a90318c,2024-03-20,Billing Question,Human Agent,11.06,Resolved,0.74,3,6.03,d3ba09f3-a728-424d-94b8-79e863ad0bca,Tennessee,Mobile,False
15bfad43-97a8-45e5-91b4-bc14c0d0e504,2024-05-31,Password Reset,Human Agent,11.17,Resolved,-0.05,1,4.96,7d185a1e-8dab-46b2-8e45-eeb78ece73a6,Iowa,Tablet,False
467f6b77-e45b-4bdc-96f8-8b1f08ea871b,2024-02-25,Password Reset,AI Chatbot,0.2,Escalated,0.78,4,2.08,bd52c9cd-cbc3-42dd-95e7-30b067681c6b,Alabama,Tablet,False
eb4633ac-f4e7-4c99-a3d0-b225be9cdde4,2024-02-10,Shipping Inquiry,AI Chatbot,2.51,Resolved,0.02,4,2.67,ec976190-c394-4a69-917c-d0c48b2be7b5,Alaska,Tablet,False
588c1cb2-b755-4c13-841a-5c0917f2a05b,2024-03-06,Password Reset,Human Agent,8.77,Resolved,0.94,5,7.08,cc39dd73-b9e9-4886-86a4-d2ce1df4f58a,Oklahoma,Tablet,False
8542133e-8d17-489c-99f7-11e13497d8d8,2024-03-26,Billing Question,Human Agent,7.23,Resolved,0.24,3,6.27,e27f8e08-03f2-45fa-a9ba-8a7a3ebf3935,New Jersey,Tablet,True
35b99d6d-884a-4baa-b282-0e3a1e2d6826,2024-03-29,Billing Question,Human Agent,4.42,Resolved,0.83,4,7.13,2b4961c0-e1f9-404c-a9bb-db4997e8bc57,Mississippi,Tablet,True
9f5628ad-2446-4aee-9641-24429043ec97,2024-06-14,Billing Question,AI Chatbot,2.14,Escalated,0.21,3,3.9,ee9bf489-85d7-4857-be85-5e1f2c046d71,Wyoming,Tablet,False
2aba9ef1-346e-4077-a0b6-2070cdc444ea,2024-01-04,Password Reset,Human Agent,5.3,Resolved,1.0,4,7.51,501835f1-66fd-4f1b-b93b-de3f45d5c3b9,South Dakota,Desktop,False
7d600e66-f617-4bbd-90cb-6db5e2a7b3bc,2024-05-11,Technical Support,Human Agent,10.91,Escalated,0.78,2,7.27,5fe1b772-2a14-4122-855b-e4760a2cb041,Tennessee,Tablet,False
71eac2ec-8536-4292-9925-b9e9dd8322e7,2024-02-16,Shipping Inquiry,AI Chatbot,0.74,Resolved,1.0,4,-0.14,348c93bf-7325-42ba-9cf5-d7cf0ac47f9d,Idaho,Mobile,False
797bd845-0e0f-4c68-8269-9a438b03cba9,2024-03-08,Technical Support,Human Agent,7.85,Resolved,-0.34,4,8.54,777f2fb6-b212-46aa-aef2-78c774673a87,Nevada,Tablet,True
1ed554e1-5e23-43ca-9c08-907fa4cfc292,2024-02-15,Billing Question,Human Agent,9.33,Resolved,0.3,3,7.54,55046828-dcca-48f3-917a-b007ca6fe596,Tennessee,Tablet,True
42f53a5d-3356-4574-99ec-1fce40c0bbc3,2024-02-04,Account Update,Human Agent,7.18,Resolved,0.36,3,8.9,708d22a5-9b38-4b17-875d-4e3ea8a9470e,Mississippi,Tablet,False
58453745-cb0e-473c-805a-b762f8617bb9,2024-01-22,Technical Support,Human Agent,7.94,Resolved,0.71,3,4.28,a896ec9a-c3c9-40d3-bc8b-845267a136d4,Missouri,Mobile,False
28694b53-88b8-42ba-ac70-622efa4f214f,2024-03-31,Billing Question,Human Agent,3.05,Escalated,0.65,4,6.53,559485ca-43d7-4d5f-a29f-cb7e7fb89daa,Texas,Desktop,False
4ea73496-b96b-4bbd-afe0-b611b0f3fa07,2024-05-01,Billing Question,Human Agent,0.5,Escalated,0.04,4,6.39,011b3100-6b53-4625-b260-f5eebbab40e6,Virginia,Mobile,False
404aa5eb-1407-4ccd-90f3-b929e8356637,2024-06-02,Technical Support,AI Chatbot,1.37,Escalated,0.27,4,1.63,b8c022b7-6bab-4bb7-8fb9-d0a214f8cb23,Massachusetts,Tablet,False
b1c1bdf1-a671-4d36-9bec-2841bc217516,2024-01-01,Password Reset,AI Chatbot,1.44,Resolved,0.46,4,5.56,b35cb16d-9f5f-4f24-abaa-14f83d9ef161,California,Mobile,False
ac00023e-798d-4635-abe7-9ce1405f3dd5,2024-04-05,Product Information,AI Chatbot,0.61,Resolved,0.92,3,3.24,e64c5e37-6658-43d8-a652-995cc964c250,Illinois,Mobile,False
69719969-9d76-4544-881c-f7aa9e008f9f,2024-06-10,Shipping Inquiry,Human Agent,6.75,Resolved,0.2,4,5.74,988a0942-5b7d-44a0-bc73-441d9cfc3d05,Iowa,Tablet,False
80cdff7b-2f4f-4b19-82f0-9c2364db38fc,2024-01-27,Billing Question,AI Chatbot,1.17,Resolved,0.11,3,-1.87,8f693dfb-0a33-481c-b7f3-0a00dd8a2898,Kentucky,Tablet,False
dc4dce8e-c2f2-49a0-b419-65f5b15387a4,2024-02-27,Billing Question,Human Agent,4.84,Resolved,0.5,4,6.77,c3cbe54f-1ef1-4fcb-acc4-a1edd9f458eb,Maryland,Tablet,False
3bb61e54-a8f7-4e8b-b282-a21b35f52b84,2024-04-09,Account Update,Human Agent,10.02,Resolved,0.24,3,3.41,e5858d1c-b261-4bb9-8812-863356261180,Washington,Desktop,False
5f30e911-4b70-41cb-a8dd-a1a3330ffd2a,2024-01-13,Account Update,Human Agent,5.03,Resolved,0.38,4,5.06,cc9bc95b-0924-4a7e-8e0d-696885a33f3d,New Jersey,Desktop,False
d31ebaa5-19c8-4760-9765-c2be2b8b18d8,2024-03-31,Shipping Inquiry,Human Agent,5.66,Resolved,0.56,4,6.98,9f5cdd4c-e9cd-4365-bfdf-da5dcf734496,Minnesota,Tablet,False
7d79631f-315c-4bd1-97a7-a7a898a0c21e,2024-02-26,Product Information,Human Agent,6.71,Resolved,-0.06,5,8.17,907aa74b-8af0-4ae5-9128-2c2679f5cf18,Arkansas,Tablet,False
01ef7c64-f5a3-450c-9e1a-ac690dc71c9d,2024-03-28,Technical Support,AI Chatbot,1.97,Pending,0.37,4,6.6,37881300-b8c7-4e52-888d-a4dcbba15315,Hawaii,Mobile,False
74c8704f-817a-4294-85aa-745bc8dd748b,2024-04-20,Account Update,AI Chatbot,0.31,Pending,-0.24,4,3.94,a2dc8188-149e-4cf2-964b-24253e0bafd3,Nebraska,Mobile,False
119741dd-8ffc-4694-9cd0-c19d5a38dba1,2024-05-08,Technical Support,Human Agent,6.2,Escalated,0.61,3,4.7,837a0b00-b8c8-4c20-9536-e900768b8e05,New Hampshire,Desktop,True
ff0fce46-3a13-4b02-b0f6-6d8a3a2ca52d,2024-03-08,Password Reset,AI Chatbot,1.72,Resolved,0.07,4,2.48,5e52ed3f-f9e7-4fb7-a703-2504bf2178c5,Delaware,Tablet,False
3e2b2ed2-c802-45c2-beb6-fb9f69cf568b,2024-03-15,Shipping Inquiry,Human Agent,7.35,Resolved,0.7,3,8.25,bde8113b-4cff-4066-ad75-bd01cf55fdd9,South Carolina,Mobile,False
fad7ecb4-9e2d-4550-a389-e468de291130,2024-02-01,Shipping Inquiry,Human Agent,11.72,Resolved,0.26,3,4.16,0df4fce0-0c0d-41b6-a395-5ee42b663ed6,Minnesota,Desktop,False
3196b95e-f2bb-48b8-8329-09b585f9273f,2024-04-11,Account Update,Human Agent,8.99,Resolved,0.69,3,7.29,40f18bda-bde5-43c3-aa56-73ff74f674c6,Massachusetts,Tablet,False
edaa67ce-3332-4e5f-aff3-ae5f7f1ed638,2024-03-03,Account Update,AI Chatbot,2.19,Resolved,0.32,5,2.47,d8e48600-89b0-4520-b44b-e858fbf0abad,Oregon,Desktop,True
5c1df52c-9aa7-453d-8d11-d98d76a06273,2024-05-18,Product Information,AI Chatbot,2.12,Resolved,0.51,3,2.3,e35aa08c-57b0-4801-918f-49ea6f9e3d5e,Delaware,Tablet,True
c70d04be-b928-4d79-b149-ce85ef52f831,2024-03-02,Billing Question,Human Agent,4.45,Resolved,0.69,5,7.15,0fbd729d-c89a-43e0-ab37-cd09b9674dca,Michigan,Tablet,False
bcf53059-9175-4eae-a8fb-4cc85ed24b7d,2024-01-12,Password Reset,AI Chatbot,2.33,Resolved,0.09,4,3.67,9e0a8e66-13fd-49ce-9699-79038275cdcf,South Dakota,Desktop,False
98c3a1b9-16c2-4fa3-802d-d5aec790ab85,2024-01-02,Password Reset,AI Chatbot,1.34,Escalated,0.21,3,3.01,0b02ded6-00bd-4c0b-9604-b23698e0cf86,Wisconsin,Desktop,True
759946e8-e0fe-42f3-86b9-c3c0f81132b9,2024-03-03,Password Reset,Human Agent,10.69,Resolved,0.41,4,5.4,b926b95c-5ef9-43b3-affa-22b4de4850b3,Kentucky,Tablet,False
85d1566b-5009-4383-ad28-a6a036347cbe,2024-01-11,Billing Question,Human Agent,9.9,Resolved,0.5,5,6.42,2c314825-ea1d-4cca-8f4e-b791138ed561,Oregon,Desktop,True
615419c4-0e7c-4ae1-8973-bc6747724bde,2024-04-08,Shipping Inquiry,AI Chatbot,2.25,Pending,0.83,1,3.09,6b1b4693-1210-43dc-b6ec-a2c7ed221e6a,Iowa,Mobile,False
259d8dab-9ad6-4471-bd4e-6764180264d7,2024-04-13,Product Information,AI Chatbot,2.56,Pending,0.27,3,0.75,891166b2-ccde-4ab6-b3fb-e893966b8ee4,Ohio,Desktop,False
da4da27f-d91e-4b57-ab5d-224468a15dc0,2024-04-07,Password Reset,AI Chatbot,1.02,Pending,0.56,3,1.94,19acfcc6-6653-4b09-b8ab-eb61b7fca00c,Missouri,Desktop,False
6c99522e-466b-47a9-8f3c-e2876e2785a1,2024-04-28,Shipping Inquiry,AI Chatbot,1.09,Escalated,0.12,3,2.91,dee27be6-3d32-4907-aeb4-f5681b3ab64e,North Carolina,Tablet,False
30df18af-ad39-41c1-bba7-8313c5d9bb59,2024-03-06,Shipping Inquiry,AI Chatbot,0.2,Resolved,0.24,4,6.07,d247c781-385e-44e1-87a1-8a79d9b0c55f,Texas,Desktop,False
7458ff0a-5aee-4eac-8993-19b599c2df01,2024-03-05,Shipping Inquiry,AI Chatbot,1.14,Resolved,0.52,4,3.7,02d748f6-ae79-4068-9c07-f018956bb59e,New Mexico,Tablet,False
e7e706a0-687a-4669-9e36-c0121d86b0be,2024-01-03,Password Reset,Human Agent,6.9,Resolved,0.81,3,6.13,ef1d8cf3-5312-4512-9a03-4b4743128465,Wisconsin,Mobile,False
eb5f01be-baf8-4c5e-b3cb-5d99e08b9cad,2024-06-03,Shipping Inquiry,Human Agent,10.78,Resolved,-0.2,4,4.51,a4823575-953a-4b91-8222-363ccad5db46,Iowa,Desktop,False
4f757b89-7828-41f8-baef-6da933355cb6,2024-01-12,Billing Question,AI Chatbot,0.61,Resolved,0.41,5,5.46,aed44c84-3c89-4c6a-a98e-602f95d17a1e,North Dakota,Tablet,False
e7a7c259-30a3-4c49-bcab-1ea1c6010744,2024-03-24,Billing Question,Human Agent,7.83,Resolved,0.56,4,5.47,1f4de8f8-b500-4fad-b18d-ee299c15c9d4,New Mexico,Mobile,False
95f62345-93a7-45e8-af3e-51937032dfa4,2024-02-25,Shipping Inquiry,Human Agent,7.67,Escalated,0.68,1,4.57,477292e3-2e4c-453e-bc53-b726a3e81642,Wyoming,Desktop,False
63170712-2862-45a9-9b59-30dde333d164,2024-03-12,Billing Question,AI Chatbot,3.09,Resolved,0.4,5,4.96,18d95fc8-0e00-4fe7-a42a-35de49d3f008,Virginia,Mobile,False
7edfe1c5-169d-4691-9505-e00045abc9d2,2024-03-31,Password Reset,Human Agent,7.75,Resolved,0.38,4,4.46,4e4d2170-d651-436e-8b31-5534d373a98f,Mississippi,Desktop,False
755d3525-76c1-4935-be92-236b028126d0,2024-06-27,Product Information,Human Agent,3.97,Resolved,0.31,4,8.79,c3bab2a8-82b3-496d-a656-45e790267f60,Kansas,Mobile,False
ed9aa3a4-4037-4ba0-8fd9-6ceed43f93f5,2024-02-24,Password Reset,Human Agent,7.53,Escalated,0.39,1,5.97,2b58afc9-aefd-4782-8302-95e326090ef8,Wisconsin,Mobile,False
4c086cea-d606-476d-a6ee-365b2037a80b,2024-01-22,Technical Support,Human Agent,5.96,Resolved,-0.17,2,6.99,cf45ae73-193e-4359-97cb-31db27d4a8d4,Wisconsin,Desktop,False
bc702861-c621-42f6-8db9-6a750dff9e9a,2024-03-18,Account Update,AI Chatbot,1.66,Resolved,0.05,1,0.91,9b5c10eb-2093-405f-93e8-369846b817c6,North Carolina,Tablet,False
06a1c881-3c4c-441d-a52a-815c81982053,2024-04-13,Password Reset,Human Agent,5.03,Resolved,0.35,3,4.63,2cf68099-fa02-403a-afa5-62db8f0c5248,Indiana,Tablet,False
212e595c-50e3-4f9f-9f85-7a423f42f6c7,2024-03-11,Account Update,Human Agent,3.86,Resolved,0.41,5,5.67,a13ca6f7-d1f4-4836-b1f8-146e023b60c5,Wyoming,Mobile,False
647ad994-3dcc-4119-a7aa-34e6bb5e886c,2024-06-07,Shipping Inquiry,AI Chatbot,1.47,Resolved,0.35,4,2.85,2fa5c92f-e209-441d-ae25-f377cfa44c9d,California,Desktop,False
bdfecb9a-9388-4c10-a438-78d1e6374b83,2024-03-30,Account Update,AI Chatbot,1.56,Resolved,-0.28,4,3.59,bc26a8b4-fe32-458b-b483-3c294025b9fa,Georgia,Tablet,False
6dfb27d2-2ba5-4980-a145-c342350bf88a,2024-01-29,Technical Support,Human Agent,4.91,Resolved,0.31,4,6.31,58b96e11-827e-4c0b-b539-01f973b895b8,California,Mobile,False
50c4879e-7f82-4f42-9dec-f14d60643f14,2024-03-31,Technical Support,AI Chatbot,1.26,Resolved,-0.07,3,2.3,403f08e0-efec-4c70-893f-0c5b05bfaad2,Nebraska,Desktop,False
22c90de3-8ac5-41dd-a6cc-bee83ea176dc,2024-03-25,Shipping Inquiry,AI Chatbot,1.62,Resolved,-0.29,4,3.6,59508af5-b9e4-4bd2-9256-9e2bf61f71c8,Wisconsin,Desktop,False
d0509222-ad7f-420a-8fdb-77482579edbb,2024-03-30,Password Reset,Human Agent,6.39,Resolved,0.75,3,6.03,358c1835-b788-4963-bb90-abc6008700c3,Georgia,Desktop,False
9d548675-d419-4f6b-8226-460423c19edc,2024-04-11,Password Reset,Human Agent,5.16,Escalated,0.4,3,9.78,8d94cca4-7212-4440-b901-3cd66b66d21c,Oregon,Mobile,False
5f5f5e02-8ccf-4c3a-95e2-cca2634ef13d,2024-04-30,Billing Question,Human Agent,1.06,Resolved,0.84,2,8.17,e852a56f-b264-47d0-b7a0-98ab6a865cc9,Missouri,Mobile,True
ff6e7248-9ac0-4147-9339-38f07028c358,2024-04-11,Billing Question,Human Agent,9.59,Resolved,0.34,3,7.91,05d785c6-afc8-4a93-bdeb-a74477b065fe,Arkansas,Mobile,False
291cb8df-2184-4eb6-8070-a19cbf1dbcd0,2024-03-17,Account Update,Human Agent,6.85,Resolved,0.39,4,8.99,ae0ba682-69f9-4191-892a-8513d611e952,Ohio,Tablet,False
bd1738a9-76af-4481-bd0b-3fc82c0e6647,2024-05-10,Product Information,AI Chatbot,1.15,Resolved,0.47,4,2.13,1950796f-0a72-4b40-95fa-b38860bde6f6,Texas,Mobile,False
5ff1fa75-4597-42ac-9ce5-9f253950cb92,2024-06-02,Technical Support,Human Agent,10.1,Resolved,0.96,2,6.13,784f2a36-134a-4b89-9d47-1117707c3bfc,Nevada,Mobile,False
2e174aff-bd63-4690-bb19-c762bbd45009,2024-06-08,Password Reset,AI Chatbot,2.64,Escalated,0.19,3,1.85,90666fef-0d31-4306-b7c5-a3baa068b1b5,Texas,Desktop,True
6c83109c-daae-4471-bcf8-7c6a27820197,2024-06-28,Account Update,AI Chatbot,2.29,Resolved,0.42,4,1.82,15237540-df2f-4934-914d-10134a2bdd08,Iowa,Tablet,False
2126bfe2-b2a3-4f83-ad3a-2f55531f02cf,2024-06-23,Product Information,AI Chatbot,2.15,Resolved,0.86,4,1.63,58f551bc-66e2-49be-b3c3-bbb644f953b0,Oklahoma,Tablet,True
af25f06c-4c1d-4cfd-af64-ff2f75489080,2024-02-03,Product Information,AI Chatbot,1.32,Resolved,0.72,4,5.16,68a8c0f5-1057-43be-84c4-90cb94e2759c,Idaho,Tablet,False
d117ff9c-fa98-4580-946d-4f972a0591f1,2024-03-30,Technical Support,AI Chatbot,1.61,Resolved,0.56,4,5.67,7f73a288-7405-4b79-84d2-672a565b3ffd,Colorado,Tablet,False
a8cfbf22-7077-4cd2-a30f-1abf0bb85cea,2024-03-05,Password Reset,AI Chatbot,1.32,Resolved,0.37,4,3.39,69be8e19-e901-46f6-9f2e-71aea40ace8f,Nevada,Tablet,False
9281a509-3986-4728-a2e4-35d8ea58b4d7,2024-01-31,Shipping Inquiry,Human Agent,0.5,Resolved,0.17,3,6.98,6422d792-d82a-4e59-a70c-b4a45d86ac5a,Alabama,Desktop,True
90e6d637-6778-4973-a1f2-be345255a3e5,2024-06-21,Technical Support,Human Agent,10.19,Escalated,0.81,2,5.94,c81541b0-07db-4c7e-af56-83ea4ced435a,Vermont,Mobile,False
c7c1f6c3-0f91-4f67-89d9-a1499a47f137,2024-06-05,Account Update,AI Chatbot,2.47,Escalated,0.54,2,2.57,18f16a61-20b0-46b3-a010-e69366c833ec,Maine,Tablet,False
a1d53961-310c-4637-8ea3-c8e151d8d7ee,2024-02-27,Product Information,AI Chatbot,1.07,Pending,0.17,1,3.41,eea027bc-6903-4308-ae89-7406442d0a04,Michigan,Mobile,False
9724f143-707e-427b-8f6f-4d09943172e3,2024-05-05,Billing Question,Human Agent,4.18,Resolved,0.59,3,9.87,e2c47780-e959-4b1c-baf2-c60beb93d229,Michigan,Tablet,False
cd4f4ba3-2b64-4a4b-a533-b8da3786cadf,2024-03-12,Password Reset,Human Agent,6.03,Resolved,0.86,5,7.34,d8d97634-6bbd-4e21-a4c9-8a12a2b883aa,Kansas,Tablet,False
a4049b6c-a8b7-485c-ac53-6d02781cbd80,2024-03-16,Password Reset,Human Agent,5.51,Resolved,0.7,3,8.15,35703ee2-fb7d-44c7-808e-c3fa38c85e76,Georgia,Tablet,False
2b7754fd-042b-4f6c-85ad-fd3f4069443d,2024-04-12,Account Update,AI Chatbot,1.55,Resolved,-0.01,3,2.49,b5670760-a90d-4ee1-b0c3-a912d1b80ec3,Michigan,Tablet,True
b9a67545-f846-49cf-8d93-1662e6366ee8,2024-06-02,Technical Support,AI Chatbot,0.78,Resolved,0.3,3,3.65,d053c9f9-bfd6-4794-b8f7-65d8838a070f,South Carolina,Mobile,True
a0d07003-7c38-4306-bcb3-5e00d0988820,2024-01-11,Product Information,Human Agent,9.56,Resolved,0.26,3,7.46,4c062fcb-b2bf-48e2-9957-b222f03bee17,Georgia,Mobile,False
e9baba34-832f-42ff-a618-5a57ad511158,2024-04-15,Shipping Inquiry,AI Chatbot,1.47,Resolved,0.19,4,3.06,cd2d7b56-cab0-4c30-999f-80080ff0988a,Arizona,Mobile,False
9bb4c16f-3a73-43b0-975a-d746a74a904a,2024-06-01,Account Update,Human Agent,8.86,Resolved,0.83,4,8.06,43cdae0d-8d8d-4bf3-9cef-accc79ffb577,Vermont,Mobile,False
c1905c00-82a2-4261-9c38-e9c7860a827f,2024-02-06,Technical Support,Human Agent,3.76,Resolved,0.3,2,10.14,16982e76-9e4b-4b66-be16-84d89dcb6154,Minnesota,Desktop,False
256b4665-c60d-4449-9d70-da4a0d88e26d,2024-06-27,Technical Support,AI Chatbot,0.68,Resolved,0.03,3,2.61,44e5b804-cc01-4d40-b682-c30970cfa01a,Kentucky,Desktop,False
b9b06483-333f-4a99-b452-a5f2eb485f70,2024-06-21,Password Reset,Human Agent,3.32,Resolved,0.51,2,5.45,ba4c9241-9dcd-4d72-9b47-c5a46fe18cac,Maryland,Tablet,False
7dabc90c-87f2-4294-b0da-0a757d1f9a91,2024-03-27,Billing Question,Human Agent,9.7,Pending,0.75,2,7.72,607364fc-890f-4fc5-a6a2-4ae72c1cf33e,Mississippi,Desktop,False
71eb8429-eb71-4ac5-aae7-a9f679a8ce3f,2024-01-30,Billing Question,Human Agent,3.47,Escalated,0.75,2,6.37,643720d8-c494-4fbe-8dc8-ba9a3442cd24,Maine,Mobile,True
a7875a2b-5592-4cab-a677-6c8308899ec8,2024-01-26,Shipping Inquiry,Human Agent,4.44,Resolved,0.29,4,5.72,bdf8583e-0255-49e6-b70e-47430724b9d2,South Carolina,Mobile,True
42d7f3e2-c556-4523-8dfe-91c00c48316e,2024-04-14,Product Information,Human Agent,11.9,Resolved,0.4,4,8.7,b8783aa7-e532-4e6d-acfd-48c33e29a045,Vermont,Desktop,False
96d332d1-8fc5-4e4d-8881-5b3a37533b77,2024-02-04,Product Information,AI Chatbot,2.53,Escalated,0.04,3,2.67,40a77feb-074b-4eb9-9c61-b715a6583229,Pennsylvania,Mobile,False
7bd86e93-b094-4608-8b82-99a84b9a254f,2024-01-08,Product Information,AI Chatbot,2.25,Resolved,0.08,4,2.61,cbe751a9-c8d1-4319-af1e-dd528e9d29f7,Washington,Desktop,False
215293e1-a940-4ef2-a3d2-7d05dca0ee23,2024-03-15,Account Update,AI Chatbot,0.95,Pending,0.35,1,2.08,794db2f0-08ad-4d5b-819b-464f3031b956,Pennsylvania,Mobile,False
1ed17d83-0f32-463a-a74d-539ffaa7e712,2024-02-10,Shipping Inquiry,AI Chatbot,1.31,Resolved,0.44,4,3.47,9ffb985b-0fd7-4fde-9e49-cc9086636055,South Dakota,Mobile,False
533acfab-c015-4b64-a227-776ce96226c5,2024-01-24,Technical Support,Human Agent,6.73,Resolved,-0.04,3,7.23,2c6f77dc-ac67-4a90-bd14-3852b78ab98b,Vermont,Tablet,False
4a3946a3-cbfc-4579-8e8a-fe580562483f,2024-04-30,Technical Support,AI Chatbot,0.89,Resolved,0.51,3,2.21,d32f6187-45d7-4715-ab6d-d0256a0194e2,Michigan,Tablet,False
e0286aad-1c86-476b-aa20-45cf1d78112c,2024-01-30,Technical Support,Human Agent,5.51,Resolved,0.25,3,6.82,b833fc7b-0cf2-4314-9d9c-fddffb3b1163,Oregon,Tablet,False
f937ecae-4702-4537-91bd-7fce16e17091,2024-03-25,Shipping Inquiry,AI Chatbot,1.22,Resolved,0.17,4,2.45,fb3178de-5b9f-4a20-a183-ee6119a4dd00,New Mexico,Tablet,False
fea44b74-a70c-4b75-b005-9e7cab937891,2024-04-06,Account Update,Human Agent,11.09,Resolved,0.68,3,10.5,38ab8c76-d012-4567-ac22-7ac64ea3300d,Alaska,Desktop,False
2ba15b12-8a21-423c-8f7f-fb9655e50bea,2024-02-25,Password Reset,Human Agent,6.09,Pending,0.88,3,5.3,e7ade1c4-4e73-41ac-8c74-330d661015c2,Ohio,Tablet,False
ae0e5758-c68d-4de3-9a45-204b24ea2713,2024-01-01,Password Reset,Human Agent,9.19,Resolved,0.43,4,6.5,5b697fd0-668c-424e-85c2-2f177b05843d,Ohio,Desktop,False
2cee846a-93ff-4552-9de6-1ced9d67e1aa,2024-05-16,Account Update,AI Chatbot,1.21,Escalated,0.7,1,3.11,c9afd6e0-b998-4048-8b59-eee03879d697,Colorado,Tablet,False
8615763b-cf29-4001-901a-cee4771175b2,2024-06-13,Billing Question,Human Agent,4.7,Resolved,0.84,5,6.3,1e4a941d-ab07-4d57-8767-33c40d6f19f6,Louisiana,Desktop,False
17e32f3c-074d-4119-aab7-6aa068a46f4e,2024-05-09,Account Update,Human Agent,7.15,Resolved,-0.24,3,4.93,63e1d0ee-2c0c-406d-852c-e6dc6783b308,Texas,Desktop,True
22202f7c-c1dd-4dc0-a12f-da699ea6afdf,2024-02-29,Password Reset,Human Agent,6.18,Escalated,0.74,3,5.91,398f4e01-d717-4971-817d-8b641d31b724,Missouri,Tablet,False
f128998e-e4a4-4287-a03c-4d0477f50da1,2024-05-07,Product Information,AI Chatbot,0.74,Resolved,0.69,3,1.53,145f57f9-5173-4abb-8c65-156576be90e9,Maine,Tablet,False
1a29e925-8ebd-482a-b4b5-f4f7496c0c95,2024-06-21,Billing Question,Human Agent,7.27,Resolved,0.92,3,7.28,b67be247-fd06-438d-8724-802d09107616,Hawaii,Tablet,True
4bf58c40-cf1f-4be9-9af3-39d8ded33dd3,2024-03-08,Technical Support,Human Agent,11.85,Resolved,0.46,4,9.26,3b116d99-f324-435f-b5ac-e506f959f458,Vermont,Mobile,False
2d0c3801-02a4-4876-ab72-e9675378bcf9,2024-06-02,Password Reset,AI Chatbot,1.8,Resolved,0.34,4,6.55,c83a185a-8b21-4074-b1ad-449847db869b,Utah,Tablet,False
a1298a8f-bf49-4af4-aad1-bb06844897a6,2024-06-08,Password Reset,Human Agent,11.67,Resolved,0.43,5,8.01,8ef7386b-4155-4926-9daa-a7a03202b566,New Jersey,Desktop,False
e219e679-3ec8-43a7-8d0d-db2f7d9072b7,2024-05-11,Billing Question,Human Agent,10.63,Resolved,0.59,4,5.69,1462ba2b-2b28-4d6d-a4c5-ac7f9f27d211,Louisiana,Desktop,True
2be477df-7eb8-4a09-93f0-d0c9a43f0e9e,2024-03-02,Billing Question,AI Chatbot,2.29,Resolved,0.05,4,5.61,ee58be06-7ed6-4a9b-80bd-b822dfc14f31,Oklahoma,Desktop,False
0d95f906-bf18-48ec-b140-a33159986ac9,2024-03-21,Product Information,Human Agent,3.23,Resolved,0.47,4,6.4,9d206b82-9e38-439e-83ba-aa15cd307acc,California,Tablet,True
e16c736c-55f4-4e18-91bd-5c12c347422b,2024-04-09,Billing Question,Human Agent,9.64,Resolved,0.14,5,8.24,dde95fdc-0e89-4b15-bade-d5b031df4e45,Mississippi,Tablet,False
419f11dd-3e8a-489a-a39c-432d22ee32a8,2024-06-11,Billing Question,Human Agent,11.32,Resolved,0.78,3,8.76,fc1610c3-ea55-4151-b8d2-45c367cbfaef,Connecticut,Mobile,True
04b8a63c-fd50-4ddf-ae72-6c66d1384d2b,2024-06-26,Product Information,Human Agent,4.18,Resolved,0.34,4,6.37,b67121b0-96ce-4c19-b578-3587ad380c28,Utah,Tablet,False
d79750a0-8700-4003-af8a-3cf358d26766,2024-06-28,Password Reset,Human Agent,8.89,Resolved,0.36,3,7.85,4b08b94c-8cdf-41f0-955e-e13f89839366,Illinois,Mobile,False
3fc17758-df41-4b06-b978-b085d1c336ea,2024-01-17,Account Update,Human Agent,0.5,Resolved,0.73,3,4.37,b7b8cecc-8dfb-4f49-91a0-8b74fcdc397b,Kentucky,Tablet,False
78f8e1c3-3b75-4c6d-a098-af76740cd2da,2024-04-16,Technical Support,Human Agent,8.32,Pending,0.24,3,6.78,e627a169-9457-4c84-b661-24f1f6a3a0f3,Wisconsin,Desktop,True
a4919b65-a122-469d-92b1-725b33d8a749,2024-06-17,Account Update,AI Chatbot,2.08,Resolved,0.31,3,1.63,97279023-a714-46ce-85f5-62ae366e9c20,Maine,Desktop,False
336a6e9d-ebc3-43fd-a65b-9283d5ad6bd0,2024-05-17,Account Update,Human Agent,3.7,Escalated,0.49,2,7.55,223f6adf-7762-4880-9329-5f702fa97424,Montana,Mobile,False
ae2c873c-95c9-4c8c-8ff6-3eb901f3a20e,2024-05-08,Billing Question,Human Agent,10.82,Escalated,0.31,3,6.65,4d3d2caa-208e-4477-8326-143bb674a25f,Rhode Island,Tablet,False
a68d5994-8475-4828-9597-3f8e7ca059d3,2024-02-18,Account Update,AI Chatbot,0.2,Resolved,0.05,4,-0.35,cb3245b5-6534-4929-99ab-eda48df24f38,Minnesota,Tablet,False
f0ad7b2b-83dc-4309-8b4f-53aa19247812,2024-03-26,Technical Support,AI Chatbot,1.49,Pending,-0.05,4,4.24,db3e0a00-0d83-42ab-9303-96064cc3dbd4,Montana,Desktop,False
5070abcf-833f-4419-9d92-bec683f3cead,2024-01-21,Billing Question,AI Chatbot,1.79,Pending,0.9,3,5.05,9706ed88-b7f8-45c3-b0eb-c51bb98e9f69,New Jersey,Mobile,False
18f5e457-47ad-4e95-ab84-05b1443e06be,2024-01-03,Technical Support,AI Chatbot,1.37,Pending,0.34,4,-0.52,184d304d-2fc8-4470-9eec-32ae4e1442f2,Nevada,Desktop,False
e8485a63-3c0e-485f-9310-78b7d28b56fb,2024-01-03,Technical Support,Human Agent,11.86,Escalated,0.32,2,7.71,85819e65-060a-40e2-89ba-18311d67a4e2,New Hampshire,Desktop,False
b7f6e103-2175-4246-8b7b-bd4fdc81b3c6,2024-03-29,Account Update,Human Agent,6.8,Resolved,0.96,3,10.49,52d8ba0f-7033-4c48-baa7-800838121209,Kansas,Desktop,False
d6fdc0c6-cc7d-4500-8835-9d39628b2c0a,2024-01-07,Account Update,Human Agent,5.92,Resolved,0.18,3,5.94,67098908-b515-43ca-bc30-493b62b40e7c,North Dakota,Desktop,True
9acbecd1-0dc9-4405-9396-d4683752ccaf,2024-05-10,Password Reset,AI Chatbot,1.39,Resolved,0.5,4,5.01,d3ca7004-88ab-43a1-8cfc-cc85dae91e7f,Indiana,Tablet,False
3da13429-aa76-481b-b1f2-901d87d199ce,2024-02-03,Account Update,Human Agent,1.68,Resolved,0.68,4,7.28,2a901870-3470-4f07-9ff0-192903ccca3a,Indiana,Desktop,False
11e5436b-5856-4993-86ba-688ebcd2ada5,2024-04-13,Billing Question,Human Agent,8.46,Resolved,0.53,2,5.42,9d7e3067-9207-427b-bbf9-07ac6c5c30ca,North Dakota,Desktop,False
075fb572-1790-4713-967b-b1beb6f73fd5,2024-06-15,Product Information,AI Chatbot,2.32,Resolved,0.62,3,0.94,bdb0f866-291f-4d8d-bfbe-ac3011ceee57,New Hampshire,Tablet,False
4396aba4-a85c-4787-ac90-8d73ab7640fb,2024-05-07,Product Information,Human Agent,7.17,Escalated,0.1,3,5.11,4806bc6f-7f31-4ac7-a399-fda154bb5bde,Tennessee,Mobile,False
a1fcd4b8-e79b-4486-8cbf-b11acb5733d2,2024-02-16,Shipping Inquiry,Human Agent,10.78,Resolved,0.76,3,8.44,add7b41f-d084-4cde-acf7-e559d0f39f4e,Tennessee,Tablet,False
a69bef83-c009-4575-9823-93c3779de9ee,2024-03-07,Product Information,AI Chatbot,1.55,Resolved,0.33,5,3.11,f8b2b981-2335-4325-aa17-ba3409de680c,Michigan,Mobile,True
a31dbdbd-78ef-43c7-96f4-407e74b72729,2024-02-27,Technical Support,AI Chatbot,0.83,Escalated,0.42,2,3.63,a2080d4d-fac7-4692-83b4-f50ce0416648,Illinois,Desktop,False
782b2111-e4bd-438a-987f-a965aee45953,2024-03-02,Product Information,Human Agent,11.74,Resolved,0.46,3,6.16,e9ad9ee8-2e17-46f5-a6df-9bd97442e331,Rhode Island,Desktop,False
fd3e1a7c-f442-4d64-bdd4-468d6e082619,2024-01-30,Account Update,Human Agent,10.34,Resolved,0.12,4,9.9,595ffde1-73ee-44a9-80e0-365f6a09df33,Oregon,Desktop,True
c85bc146-a10f-48d2-9b9e-0ab3ab773006,2024-06-07,Billing Question,Human Agent,12.44,Resolved,0.65,3,8.19,6ab83ce7-e271-4f6a-8ad5-9d7f28366382,New Jersey,Desktop,False
7408d8ab-8626-4fe7-9dce-6bb51f6a4262,2024-06-26,Technical Support,Human Agent,8.92,Resolved,0.4,4,8.2,788da26b-d337-435d-8bfa-a8536a03f460,North Dakota,Tablet,True
2a3e9248-6851-44d0-a07d-414b5c56e970,2024-05-13,Billing Question,Human Agent,7.15,Resolved,0.54,2,5.5,a8084654-a366-4808-a800-67c6898d8088,Texas,Tablet,False
6c018e0a-b4a4-4dbb-aef9-6b46bad033ed,2024-03-29,Billing Question,Human Agent,6.47,Resolved,0.43,3,10.26,d5a0c82a-c8de-4d79-9809-46b93e24546a,Alabama,Desktop,False
909872ff-4a4d-4758-86e6-85bae40d28b0,2024-05-16,Shipping Inquiry,Human Agent,2.8,Resolved,0.61,4,6.48,0ce74458-8642-4ee9-ba92-3951ab87bbbf,Arkansas,Tablet,True
f489639d-d878-4406-b7fc-bf5afaa867c1,2024-02-01,Technical Support,AI Chatbot,1.38,Pending,0.25,1,4.56,6ec98ca5-b0ed-431e-b7c5-89d552608ac9,South Carolina,Mobile,False
b8fee1a0-9351-499d-9398-ad3c25467983,2024-02-12,Account Update,AI Chatbot,1.85,Resolved,0.36,3,2.53,9225eb13-aa94-4370-a8cc-934c25509619,Tennessee,Mobile,False
0fc6e7dc-4eba-4438-bf75-02d9aaecb983,2024-02-07,Technical Support,AI Chatbot,1.44,Resolved,0.16,3,1.7,283a11af-b5f3-495a-babc-d357c0e524e3,Ohio,Desktop,False
c0cd7ab3-dbbb-4d53-86ed-979d2cfb66f3,2024-06-15,Password Reset,Human Agent,3.58,Pending,0.87,3,3.64,95ff4d67-0baf-4567-8d1c-b64dac8bb5d2,Wyoming,Desktop,False
f5f90eb0-36e1-4461-93b4-3419f4b6eee6,2024-03-09,Account Update,Human Agent,6.45,Resolved,0.21,4,7.89,aefe00e6-08fb-49c9-ba33-a91671790a61,Montana,Desktop,False
25889be3-5e14-47ab-8d8e-8d69f0079471,2024-05-20,Product Information,AI Chatbot,0.2,Resolved,0.46,4,3.19,5bdcd6ab-f1d4-4fcc-a65d-83bbfd3d324d,Alabama,Tablet,False
714eef5a-3ecd-4089-aa24-651be1012f77,2024-04-18,Product Information,Human Agent,9.55,Escalated,0.66,2,7.23,76d5bb65-7799-488d-ac1a-67b75a856b90,Colorado,Tablet,False
ccd28beb-724a-4dfd-a91f-67052ecf31d5,2024-04-30,Account Update,AI Chatbot,0.24,Resolved,0.4,2,4.82,cef68f11-ca3c-4cf2-a152-e4ce196a37a8,Virginia,Mobile,False
6dddf9bb-e146-42f8-883b-057ad6298f3d,2024-03-13,Billing Question,Human Agent,4.24,Resolved,0.21,3,9.45,6b17de21-9c83-4ed7-a442-415727fb37e0,Montana,Mobile,True
bcb99f3c-5c59-47ab-9c34-c335ab4e7048,2024-01-30,Technical Support,AI Chatbot,2.47,Resolved,0.39,2,5.32,317c54aa-6030-472c-b174-7b3a8af76a1f,South Dakota,Desktop,False
a03b3785-32f7-4f40-bbe8-5f7e4536998c,2024-02-26,Password Reset,Human Agent,9.01,Resolved,0.75,3,7.14,b086ea8e-e011-4ee6-a653-414a0de4f2b7,West Virginia,Tablet,False
709d0d55-2a51-48f0-a98e-846672c4ccb2,2024-04-18,Account Update,Human Agent,5.68,Resolved,0.75,5,6.45,97f4cf0c-637f-4130-8e03-ea41704e2c7e,Kentucky,Tablet,False
7e3b7fe1-39ff-4224-aee8-f3be11081142,2024-05-21,Technical Support,Human Agent,5.91,Resolved,0.47,3,7.15,257f58f7-a610-4bdf-949e-c924fe5c61d0,Oregon,Desktop,True
2c041c56-8b31-4a1f-af66-7a56af82dcc1,2024-06-19,Billing Question,AI Chatbot,2.41,Pending,0.39,1,0.92,0b153d61-c07a-4885-96f1-02d18581306b,Iowa,Tablet,False
43dbd951-3bd9-47eb-bb69-ef1aed6159d4,2024-06-05,Password Reset,Human Agent,4.99,Resolved,0.48,4,8.34,6b7b9b8b-c940-401d-8bf7-e830051792d0,Maine,Mobile,False
c69caa85-ba21-4640-a5f1-996f26a37915,2024-03-05,Password Reset,Human Agent,2.94,Resolved,0.59,4,6.58,0e4ced8b-8571-484b-9ca0-cf87b43f3a58,Illinois,Desktop,False
e0fa42c6-ee79-4c2f-8ccf-18cc042bb63d,2024-04-12,Account Update,AI Chatbot,0.74,Resolved,-0.07,4,2.01,93ce169b-1519-4e3c-a98f-5b22a180b5ad,Kansas,Mobile,True
f447326f-992b-44eb-9953-f75777847ff9,2024-05-09,Product Information,Human Agent,10.56,Resolved,0.2,3,7.71,de935589-e771-461b-a007-8c139ba72d15,South Carolina,Mobile,False
4cf6340a-e1ec-4993-9afe-0d14d9f5925b,2024-04-24,Shipping Inquiry,AI Chatbot,1.79,Resolved,0.78,4,0.47,21c3673f-fc00-48f6-aba6-921df2d3616b,Colorado,Tablet,False
7663d45c-8d59-49a3-9253-8fbb6f217587,2024-06-23,Shipping Inquiry,Human Agent,7.18,Resolved,0.33,3,5.64,59903ed5-bcbf-48a4-82e8-f8ea83cd2e5f,North Carolina,Tablet,True
2852c222-de16-4e60-9963-f92615102b6c,2024-02-11,Technical Support,Human Agent,10.31,Resolved,0.02,3,7.18,7f9d9bcd-8a8b-469a-a3a7-2338da0d616f,Pennsylvania,Tablet,False
9b8b9adc-ce54-4521-a2a1-1ee854c7df3b,2024-04-27,Technical Support,AI Chatbot,1.86,Resolved,0.54,4,2.38,675116a4-2f5b-487e-a7f0-47f54421dcf3,Minnesota,Mobile,False
fda8df8d-cfe6-42dc-89f1-2ee9a90ed8d7,2024-02-11,Billing Question,Human Agent,8.42,Resolved,0.74,3,5.5,216491bd-a31c-4ab8-8db3-b233e854c92a,Oklahoma,Desktop,False
db4dcbb8-c53b-4ecf-83f1-ec3f1ffcf2f9,2024-06-20,Account Update,Human Agent,8.26,Resolved,0.26,3,7.94,7771c1eb-2793-46a1-96b3-e83fdc641b27,New York,Desktop,False
e499bad4-500e-478b-b2bf-1f1b11f5ce74,2024-06-06,Technical Support,AI Chatbot,1.33,Resolved,0.32,3,-0.31,d1ae9076-9bce-4d60-a51e-798a4ee98316,West Virginia,Mobile,False
ca9add89-f272-42b9-aebe-21c58b189387,2024-03-12,Billing Question,AI Chatbot,1.13,Resolved,0.31,4,1.91,4b278bcc-78bf-42fc-8242-6e6a836d1d28,Ohio,Tablet,False
050b0bcb-655b-4c07-87c3-ed2263fd35f8,2024-06-01,Password Reset,AI Chatbot,1.4,Escalated,0.1,3,2.24,8d2789f3-bfdb-4e27-80e5-f5ffecbfca49,Hawaii,Mobile,True
e8c5b31a-0bdf-43d5-8984-ad6a373000b8,2024-06-28,Product Information,AI Chatbot,2.04,Pending,0.31,3,1.62,2ffebeb8-bac6-4f4e-a64d-7ae965db3a53,Georgia,Tablet,False
7bc57d90-0428-4f5b-b0df-ebae568e1878,2024-02-23,Technical Support,AI Chatbot,2.33,Escalated,0.68,2,3.29,5ff75483-6e98-45ca-a0cb-041a6af97998,Kansas,Tablet,False
83a2a46a-b99a-4d6b-8190-3e0d615f2ee6,2024-06-26,Technical Support,AI Chatbot,1.97,Pending,0.2,3,3.55,4b405f90-dad5-4727-b0b0-b808c9454329,Maine,Mobile,True
d7183c21-bf97-4e60-af24-ffcb5587155f,2024-02-25,Product Information,AI Chatbot,1.25,Pending,0.69,1,2.64,b4fae362-307e-4a13-b686-2a4fe7b4104b,Iowa,Desktop,False
63edd24e-8948-425e-8cda-6e6028fba42c,2024-05-05,Account Update,AI Chatbot,1.66,Resolved,0.08,3,4.35,0361b8eb-e30f-4a77-8371-51a7f4b06976,Oklahoma,Tablet,False
5a73ea4f-e364-4c62-8d45-e7e776898683,2024-06-24,Billing Question,AI Chatbot,2.26,Resolved,0.54,3,4.16,01f0b58e-e35d-4728-8672-a9299819ad3c,Utah,Mobile,False
025b9e63-1df5-453c-bad1-96f8c3cb2d83,2024-05-14,Account Update,AI Chatbot,1.84,Pending,0.22,2,4.94,fdbb9061-5f54-453e-8f11-a17e090d82d0,Oregon,Mobile,True
cd3253c2-edad-4259-89b8-62c9343d8968,2024-06-25,Technical Support,Human Agent,9.26,Resolved,0.61,2,8.95,f1552c48-0f67-4db7-a010-bf196244ea24,Kansas,Tablet,True
a3d8c0c3-ccda-40bd-a81d-af27547570b6,2024-02-28,Billing Question,Human Agent,7.51,Pending,-0.02,2,9.7,94f46e3a-50ef-4ea3-a6ea-bab2dd16fe64,Alaska,Mobile,False
3594a087-d84d-4dbf-b31e-3c6611bb3897,2024-05-02,Technical Support,AI Chatbot,2.36,Resolved,0.09,5,2.46,c2fb86f9-9293-4d52-89b3-10d1502567c1,Ohio,Mobile,False
e5b82c8c-322f-476f-894f-7f3c3082ecd4,2024-02-14,Shipping Inquiry,AI Chatbot,0.79,Escalated,0.75,2,2.05,c4a36f1b-c77b-470d-b61a-1b1c9a6f8d11,Wisconsin,Mobile,False
d17ed4df-f7b7-4081-a654-5aba210e2943,2024-01-08,Billing Question,AI Chatbot,1.52,Resolved,0.55,4,3.96,055a9a98-90a3-44ab-81c3-b769548b3c03,Idaho,Desktop,True
c9a18e42-3b27-4ad9-a790-9e7132b0020a,2024-01-16,Technical Support,AI Chatbot,0.92,Resolved,0.19,5,3.22,ea0604b4-1411-4af7-be0c-ad906e1bac64,Massachusetts,Desktop,False
a8ec03a3-95b8-44a0-a54c-46e2afbb2f69,2024-03-12,Billing Question,Human Agent,0.5,Resolved,0.3,3,9.15,fc1d20ce-ae13-4649-a610-e2d84bcde4da,Wyoming,Mobile,False
18b2ae5b-daf0-411a-8304-947ade2a9198,2024-01-14,Shipping Inquiry,AI Chatbot,3.1,Resolved,1.0,3,1.6,ca1382c8-3697-4199-ac76-51750bf8a0bd,Wisconsin,Desktop,False
065d1e35-3b7d-4e49-a82a-ec66b19d60f8,2024-01-25,Technical Support,AI Chatbot,0.76,Resolved,-0.03,3,5.14,524a7a08-5e35-4c20-b8bb-67ed076286d4,Alaska,Mobile,False
2755f762-a60e-4a21-b911-1107c1774c07,2024-05-09,Shipping Inquiry,AI Chatbot,2.23,Escalated,0.38,3,3.31,cb1c3cca-1dd7-466e-83a1-7d34b3720f62,Idaho,Desktop,False
97f331a7-3ddb-4b2c-910b-a98a4f94d349,2024-04-04,Product Information,Human Agent,12.68,Resolved,0.56,2,7.92,881f353b-be46-4eaf-a252-1c9c41b114e3,Maryland,Tablet,False
34302831-a5a5-4d80-a35e-042234428f2e,2024-03-10,Product Information,AI Chatbot,1.52,Escalated,0.31,2,2.82,f4c38479-f719-4270-9efb-345db893ac3e,Kansas,Tablet,False
f8f2a06c-4c07-4506-bb34-d55bed7db7ab,2024-05-07,Technical Support,AI Chatbot,1.36,Resolved,-0.09,3,2.05,b70cecb7-f379-42a0-9b79-b0b98cfa7f5a,Maine,Mobile,False
aa55c565-a911-4328-ab47-46cd6e256927,2024-04-08,Account Update,AI Chatbot,1.82,Resolved,0.5,4,3.12,5ae26093-e3e1-45fa-97b8-81656b4df2ae,North Dakota,Mobile,False
f2906b71-a751-4b1a-9487-0a893c332cd5,2024-01-17,Technical Support,Human Agent,4.62,Resolved,0.36,2,9.5,3550f8dc-a6af-48b1-8e9f-6a9dbc6fba85,Alabama,Mobile,False
450713d8-1b4b-49ce-b240-0fafa6825c3a,2024-01-20,Password Reset,AI Chatbot,1.44,Resolved,0.33,5,3.11,28ab8b82-fb08-492b-9058-1eac0b213bb0,Arizona,Mobile,False
3d9edfe8-7ac2-4f11-9887-8996c6c5c05a,2024-06-22,Password Reset,AI Chatbot,0.64,Escalated,0.29,2,2.5,215b18e0-e7f1-466f-b4c8-b2a3d6a0e3a8,North Carolina,Mobile,False
a04a0698-fed3-435f-bd1a-5192f694cc05,2024-06-02,Account Update,Human Agent,7.22,Escalated,0.07,3,5.97,e4242827-279d-42f7-955c-6127bf2e0a01,Vermont,Tablet,True
154ab608-0d22-4d48-a187-7ba6a22fca4e,2024-01-04,Shipping Inquiry,AI Chatbot,0.68,Resolved,0.23,3,3.69,bce56a39-4bc8-4990-bfee-1dcf36afe581,Alabama,Mobile,False
e53b820b-a4a6-404f-989a-605b3372696c,2024-06-22,Shipping Inquiry,Human Agent,8.7,Escalated,0.78,2,8.3,76b3d36f-2cf9-420d-aa15-2ac04b9d6d87,New York,Tablet,False
8fe26d4b-18e7-4b8b-b607-9023841eed2c,2024-04-11,Billing Question,AI Chatbot,1.8,Escalated,0.31,2,1.14,04797307-ecd9-43f7-ab87-1522806db466,Connecticut,Mobile,False
9931797a-10ac-40b7-b073-fafb337a262d,2024-05-07,Billing Question,Human Agent,6.4,Resolved,0.67,5,7.19,d7beca88-dd8d-4d91-b1ce-4fe2464997a1,Rhode Island,Tablet,False
987fd8b3-697d-4fc0-ab20-8ffa619b1df3,2024-06-24,Shipping Inquiry,Human Agent,3.79,Resolved,0.97,3,5.69,03d0d937-2b21-4f58-a188-4278335b8617,Maryland,Tablet,False
a473f553-0be9-4128-ade9-8021edf5d3e5,2024-02-05,Password Reset,AI Chatbot,2.16,Resolved,0.2,4,1.5,b85267a0-694e-411b-aa98-57546e35e8ab,Georgia,Mobile,True
344f7242-a21d-4772-bad0-587eaf4b47dd,2024-05-03,Billing Question,Human Agent,7.98,Resolved,0.62,2,6.25,9c66aac3-4539-43f7-a331-68bb726be28e,California,Desktop,False
abcb3556-94cc-4849-a6b9-c2ddb7b77fc6,2024-05-28,Shipping Inquiry,Human Agent,5.66,Resolved,1.0,3,8.2,c8a48d5d-281d-4115-ac9b-1fb38fc31191,Delaware,Desktop,False
a4551612-b1eb-4340-8539-2490cf7f7a47,2024-04-20,Password Reset,AI Chatbot,0.74,Escalated,0.63,2,4.37,21df2db3-8b1c-4e60-b226-d5cc02c09fa0,Idaho,Tablet,True
043cf299-1566-4700-8d8d-c7536057c6e4,2024-03-05,Product Information,AI Chatbot,1.55,Escalated,0.63,2,2.92,50289d41-4d2c-4ff1-b061-08c48752b50e,Wisconsin,Tablet,False
9f106374-c3b0-4dbc-a32d-ab8d093da54b,2024-05-21,Product Information,AI Chatbot,0.73,Resolved,0.66,2,2.43,d0197c54-bf0a-4945-904e-ca7d8bfced45,Wyoming,Mobile,False
d774a38a-00a7-4722-97de-a7222a8b1da0,2024-05-28,Product Information,Human Agent,1.88,Resolved,0.31,4,5.13,bf914222-df51-48c5-989b-ce76b624e39a,Nevada,Tablet,False
62efeb6f-b062-4fd2-8266-9e1b9fd0c0bc,2024-02-12,Billing Question,Human Agent,1.34,Resolved,0.54,4,6.32,00ca5e2f-5f67-4bb4-b15b-d83298a940b5,Michigan,Desktop,False
ef4a5b20-216d-45b6-aa11-df0e1a422aae,2024-01-01,Password Reset,Human Agent,10.68,Resolved,0.01,2,6.03,f8602be0-bfe6-44b7-afa9-4193c73be71e,West Virginia,Tablet,True
b4d77ba5-6a83-4f78-9088-7d0af7475ef4,2024-05-18,Shipping Inquiry,AI Chatbot,1.85,Resolved,0.42,5,2.35,cd90fc2a-da3a-4f71-b6ed-49919866d6bb,New Hampshire,Tablet,False
767049ec-60c8-4981-afbd-1e9302db610d,2024-06-16,Product Information,AI Chatbot,2.52,Escalated,0.49,1,1.89,49258205-4390-4b0b-b1d3-e36b139e6e8d,Kentucky,Desktop,True
c1ab7556-45e5-4d8b-b991-db275289907c,2024-05-08,Billing Question,Human Agent,7.66,Resolved,0.25,4,7.29,97eb2d00-852f-48bd-bc10-ffcb744d98da,Delaware,Desktop,False
3b3512c3-4692-4ab2-923c-2385499a2523,2024-02-08,Password Reset,Human Agent,12.61,Resolved,0.14,4,6.54,b1ea1d65-b84f-4525-9afd-580b0699271c,Alaska,Desktop,False
b343ca7a-0838-4e37-b978-fcf7f8a1b8e2,2024-04-19,Shipping Inquiry,AI Chatbot,1.93,Escalated,0.19,4,1.81,08c08f46-e75d-4d54-89c7-2cdf8aabbd08,Utah,Tablet,True
3e70eb40-30b3-46ca-8f1c-cc9cdac73a21,2024-03-11,Product Information,AI Chatbot,1.28,Resolved,0.36,4,2.62,64f156a1-290a-4135-94c5-9b9183e22a65,Iowa,Mobile,False
f489e4f7-e1b4-44e8-ad30-7ba677a35634,2024-02-07,Password Reset,Human Agent,5.82,Resolved,0.34,3,8.7,3daa8f83-2b9b-415f-a027-19c538b1ce2c,North Dakota,Mobile,False
901cf433-dbab-40dd-bbe8-c28166f20a8a,2024-01-07,Shipping Inquiry,Human Agent,11.14,Resolved,0.46,5,10.05,b5511ad5-7335-4be0-b21c-000f83cad852,Washington,Mobile,False
dc713b38-8bd9-4751-9444-408391ef1f8f,2024-02-12,Shipping Inquiry,AI Chatbot,2.49,Resolved,0.52,5,3.03,e74d40d3-2e6e-46d2-8543-ee7058c078da,North Dakota,Mobile,False
5f5079dd-8c7e-4971-919b-34502ca18ac9,2024-03-01,Technical Support,AI Chatbot,0.95,Resolved,0.48,4,4.9,0431ce2d-f2b0-48e4-a74b-03a1ce074b95,Michigan,Mobile,False
b2e8d691-d17c-4e3d-af1d-10b5d2c2e8a9,2024-01-24,Product Information,AI Chatbot,1.12,Resolved,-0.1,4,3.36,b88e0f28-9da2-4328-a10e-da08584196dd,Massachusetts,Tablet,False
a23afc4e-06f8-439e-b9b2-6c216fa20c42,2024-03-21,Product Information,AI Chatbot,3.08,Escalated,0.34,3,3.23,5a91c9fe-ea3f-4b16-9623-02cdaccdde30,Kansas,Desktop,False
d2574805-389f-44a2-89e7-a3eb29a019bd,2024-05-24,Password Reset,Human Agent,8.08,Resolved,0.03,4,8.66,4a9f275b-1da9-460e-8430-166a890190b0,Illinois,Desktop,False
1e9dd5c1-e4dc-4f7c-93b4-839a19bc23da,2024-02-07,Account Update,AI Chatbot,2.29,Resolved,0.01,2,2.57,22c93e82-d928-415f-834a-45168908b103,North Carolina,Tablet,False
96a3bf02-b28f-4be8-9ef5-0c69f4da20e3,2024-06-23,Account Update,AI Chatbot,1.1,Resolved,0.14,5,1.77,96a323fd-2ca2-4c7e-b86e-cf66d2d54dfa,Kansas,Desktop,True
d2ec7352-f4c1-4952-971a-e2c6fbc8f894,2024-05-19,Shipping Inquiry,AI Chatbot,1.9,Resolved,0.44,3,0.34,cdf33849-d495-4b1c-bbec-05d803679234,Louisiana,Desktop,False
e45f0b07-ccff-46a1-97d1-c6c414e4abdf,2024-04-27,Technical Support,AI Chatbot,2.01,Resolved,0.02,4,2.85,df828ad8-cbe1-4d20-a2d1-9953299b19af,Maine,Mobile,False
e1893d13-878b-4e8e-b854-bb11ee1cccaf,2024-06-01,Shipping Inquiry,AI Chatbot,0.86,Escalated,0.47,2,4.08,dfd5b3cd-d61f-4f1f-bc96-88a1c84d9d12,Texas,Mobile,True
46bb1ffe-64c4-410d-8ace-c6a150b4577f,2024-04-24,Technical Support,AI Chatbot,1.72,Resolved,0.5,3,1.32,159bd23b-f1e6-49ce-a181-c69a27318002,Oregon,Tablet,False
f352320f-a185-44be-8851-8e8e76a81587,2024-02-21,Product Information,AI Chatbot,1.5,Escalated,0.24,3,3.28,d52f3a6f-7af5-4cb0-895c-3f293d6e8a3c,Utah,Mobile,False
21ffadac-fde7-4e75-ac3d-7bb38fa42eb7,2024-04-09,Password Reset,Human Agent,5.66,Escalated,0.19,3,8.67,fe0bf1b2-b843-4c6e-85db-80591ce0733d,Mississippi,Mobile,False
c14fc39c-d9c5-41ea-b58c-53c0a15e90ad,2024-06-24,Billing Question,AI Chatbot,1.94,Escalated,0.81,2,2.22,8f8486d4-424f-4c99-bec8-98f4810d9258,Arizona,Tablet,True
10344afb-83bc-49dc-90d7-a2c504c17040,2024-02-28,Account Update,AI Chatbot,1.1,Resolved,0.2,4,2.56,a91bfe4d-6116-481b-932e-913f5fd90593,Idaho,Desktop,False
b49c488f-1782-4cb3-8d84-2ae6bd79d643,2024-04-18,Billing Question,Human Agent,6.62,Resolved,0.42,4,7.17,b8cbeb98-8e8e-44eb-8b1a-47b2fbbc2039,Rhode Island,Mobile,False
99880476-14fc-4a1f-8e33-a8c139d68e84,2024-05-16,Technical Support,Human Agent,7.75,Resolved,0.52,2,8.45,991c5597-282d-4dd3-ab7b-a9c046b00aef,Indiana,Desktop,False
80289e7d-9303-419c-bd18-dac8ec757732,2024-03-11,Billing Question,Human Agent,7.88,Resolved,0.26,4,10.39,13d3f7ec-9eb9-4cc0-95f9-f894e4cef7fc,Alabama,Mobile,True
4ebdcf5b-316b-4890-9283-374516c9ee56,2024-01-19,Password Reset,AI Chatbot,1.98,Pending,0.42,3,3.35,8880feac-d988-4c9f-8abc-16a23d851f20,Alaska,Tablet,False
b2f61311-c0dc-4c3c-9ad7-ee501f7d4b58,2024-05-22,Shipping Inquiry,Human Agent,2.08,Resolved,0.11,3,7.35,76eed833-5bb3-49f4-b3a0-2cb00e74a6b6,New Hampshire,Tablet,True
925a4b2b-5b8a-4380-a945-694a81d655cc,2024-04-07,Billing Question,Human Agent,11.01,Pending,0.61,2,4.62,6c818b4c-3100-46f4-808c-0f4c09f402b2,Florida,Mobile,False
b6e2e349-516a-4820-ac67-e7dca7cd2d69,2024-03-23,Billing Question,AI Chatbot,0.82,Resolved,0.05,4,1.21,c281339f-563b-4ff7-88cf-64978da2c5df,Arkansas,Desktop,False
fd40be90-b443-492a-92dc-5b4ec0b453e8,2024-01-06,Password Reset,AI Chatbot,0.68,Escalated,0.46,2,6.0,3f23fc57-8e0e-4809-9931-3cd469d143c6,Connecticut,Tablet,False
c5210520-b3e5-4334-a628-1965e38e7cfc,2024-01-11,Account Update,AI Chatbot,1.56,Resolved,0.7,4,5.55,7e89d782-6be1-4fe7-9528-b4df7066a795,South Dakota,Tablet,False
a6c9847b-b947-4606-8036-38d2d2e8b75c,2024-06-12,Product Information,AI Chatbot,2.02,Resolved,0.22,5,5.42,239a802b-fdb2-45dd-8bc8-9e50b825c6c9,South Carolina,Tablet,False
4f3eb922-84f3-48f3-bc4b-50cda02e79f6,2024-01-15,Shipping Inquiry,AI Chatbot,1.67,Resolved,0.6,4,1.81,997d6771-c345-4fd7-897c-f3812853ea82,Arizona,Tablet,False
e64d85a1-d3fb-419e-afd3-8a507e059bd0,2024-06-03,Technical Support,AI Chatbot,2.43,Escalated,0.23,3,4.42,0882b5fa-c37e-4f66-a7a9-b71345a0441a,Hawaii,Tablet,False
c0483e3f-7512-4620-a68f-80c4ee173838,2024-06-04,Account Update,AI Chatbot,1.83,Resolved,0.06,4,6.57,776f5b1a-93f2-46c4-af67-512018c9f38e,California,Desktop,False
bc574094-5c35-48b1-907f-1a8178f74d5c,2024-05-06,Product Information,Human Agent,4.24,Resolved,0.29,4,6.97,685b164f-83a5-41e0-b428-f4dd0cac427f,Alaska,Desktop,False
05527b22-7c5a-4282-babd-76b78df6855a,2024-01-02,Billing Question,Human Agent,6.59,Escalated,0.54,2,6.79,ab46dc3a-3add-4da8-bf94-eccc5a2b4163,New York,Mobile,False
8cc2c907-f4a7-4fd2-a740-a10f41baa04a,2024-05-08,Technical Support,Human Agent,13.14,Escalated,0.24,2,5.42,656edcfe-0ece-401f-b0e5-146f7b21ef29,Wyoming,Tablet,False
a79cd872-fa65-48de-b721-7daee100b484,2024-06-03,Shipping Inquiry,AI Chatbot,1.61,Escalated,0.44,3,2.54,fcb69fba-e9b1-4f4c-a884-a8e789141a6b,Missouri,Desktop,False
5a4845ea-d5e2-4310-acea-ba3b4e9fc540,2024-03-22,Account Update,AI Chatbot,1.63,Resolved,0.58,3,0.9,2371a27a-5739-458d-9f3d-592699dfcd8b,Massachusetts,Mobile,False
ae868e74-7c38-4b4e-834e-943645c9868f,2024-05-11,Account Update,Human Agent,9.69,Resolved,0.78,3,10.17,c878279d-8f76-4dba-b446-d076181dbf68,Vermont,Desktop,True
11ea23eb-8b64-4f6b-a44b-bb885e959200,2024-06-03,Shipping Inquiry,Human Agent,3.95,Resolved,0.41,4,3.89,cc0e0fcf-6c91-4c00-948a-482b47e20e81,New Jersey,Mobile,False
233004e0-e0fc-4793-beed-79b96b6a4261,2024-04-05,Password Reset,Human Agent,9.31,Pending,0.68,2,8.39,2191e46e-625f-403e-8393-db7265c82773,Arizona,Tablet,False
ba4618ba-ae32-4d64-87ed-7ae7eab1bd68,2024-03-10,Billing Question,Human Agent,5.41,Resolved,0.42,3,9.54,255ff173-47d3-4e47-9783-508232f1803a,Washington,Mobile,False
f0f9acbb-ac32-497f-9c0a-022babcc91b7,2024-04-12,Product Information,AI Chatbot,2.06,Resolved,0.3,4,5.74,b5526d21-fbbe-4689-88b6-96d2b277529e,Connecticut,Tablet,False
62019937-e26f-4deb-adcf-c2e5689568dd,2024-01-02,Account Update,Human Agent,8.97,Resolved,0.3,4,7.13,5d33c86d-4ccb-4881-a9e4-71c894ba7daf,Hawaii,Tablet,False
193bb0a3-1e86-4114-9996-e7de4c3174f3,2024-05-16,Shipping Inquiry,Human Agent,5.15,Resolved,0.61,4,6.73,23cc3504-c212-4bf8-b1a3-8842a01512bb,Pennsylvania,Tablet,False
bb8c873e-2281-493c-9de1-32736bd6e759,2024-04-29,Password Reset,Human Agent,10.24,Resolved,0.88,4,6.7,c35a8dc0-954a-4d44-b488-8e8075125718,Indiana,Mobile,False
d16e2cbd-af17-488e-871b-506438842403,2024-02-27,Product Information,Human Agent,9.06,Escalated,0.22,1,8.4,e7f98449-59d7-494b-a09e-a0651558da0a,Hawaii,Desktop,False
be17a3e9-c740-42ca-a681-ce3c779ce571,2024-03-04,Account Update,AI Chatbot,1.39,Escalated,0.63,4,3.35,c251d982-34b9-43e0-9ff0-607116f173dd,Washington,Tablet,False
185f89ad-b91d-4c5f-88d4-1a61f907f857,2024-02-19,Product Information,Human Agent,8.44,Resolved,0.35,4,5.42,8a4970cc-b713-4a2c-a6b0-080ed43dc912,Hawaii,Desktop,False
244d8d37-9c40-4667-94da-5bdc8912ca23,2024-02-20,Shipping Inquiry,Human Agent,2.64,Resolved,-0.14,4,5.55,6ba84b81-f903-4f62-ad2c-182e384fee77,Hawaii,Mobile,False
0d65b6c6-0a30-4176-841a-06eacbcd7a27,2024-06-07,Password Reset,Human Agent,11.19,Resolved,0.43,3,8.25,62595f32-204b-4962-8789-3a74d70f10e6,Pennsylvania,Desktop,False
b4ae12cf-6846-4621-b5f0-9c257ddda461,2024-02-19,Technical Support,Human Agent,5.9,Resolved,0.56,3,7.38,03fa087b-618e-4318-826d-01e95267a0e4,Virginia,Desktop,False
b3ebe033-bfff-45c9-95ee-b66c3d43a03b,2024-05-19,Product Information,AI Chatbot,2.01,Escalated,-0.23,2,2.77,202b39b2-5c0c-43cd-b268-56b18b3edddf,Kentucky,Mobile,False
7b6685d7-c473-40aa-8360-44575538cc3a,2024-01-25,Technical Support,Human Agent,6.07,Resolved,0.88,3,7.39,1cf66fdc-d2ca-4299-913e-3732f1ac7f4a,Delaware,Mobile,False
d90d7f15-5043-4828-b96d-0bdf092784e8,2024-06-01,Technical Support,Human Agent,6.21,Resolved,0.27,5,7.21,b069f02f-1482-4569-91d5-f4a002c531da,Wisconsin,Desktop,True
849ad8f2-5b94-4b1e-b802-3fff45cb8978,2024-02-11,Password Reset,AI Chatbot,1.84,Escalated,0.82,3,3.15,c1ec8e05-3e5e-42a9-8e7c-269c754afb08,Arizona,Mobile,False
a102aec5-35c4-41fd-a9af-fe0fc5200bf8,2024-02-07,Account Update,AI Chatbot,2.08,Resolved,0.92,4,5.58,d15d41be-0a8b-498d-a9f6-a7b09f175614,Connecticut,Tablet,False
ac8abb1b-5cd0-4aa2-903e-0b4befc8f0d5,2024-02-02,Billing Question,AI Chatbot,1.91,Escalated,0.63,3,4.07,d38eb79a-6579-4efa-b799-c87090d268e6,Arizona,Tablet,False
ab7bea94-b668-4be4-a51e-d3e895d53315,2024-02-03,Password Reset,AI Chatbot,2.01,Escalated,0.96,3,5.09,a527ef47-ee69-436d-8dcb-3a57ff76f09d,Connecticut,Tablet,False
e11c6007-fd42-49a8-8e35-207f6e1016eb,2024-06-24,Product Information,Human Agent,3.46,Resolved,0.73,4,6.83,19f9346a-112c-4937-8a4b-94f3d808298b,Wisconsin,Tablet,False
dbfe0a95-b694-435b-8d94-94317e2072f1,2024-01-05,Technical Support,AI Chatbot,1.64,Resolved,-0.04,5,7.06,99c83d98-283d-400d-b172-f10224d0dd97,Ohio,Desktop,True
bb35b935-4e4a-4738-883e-be64f8e16db7,2024-05-10,Password Reset,AI Chatbot,1.96,Resolved,0.46,4,4.01,c046907c-7461-46e4-9a86-db55cc7cbc6a,California,Desktop,False
924f72b2-3075-4716-98ed-ecb71114ec67,2024-06-21,Billing Question,Human Agent,8.89,Resolved,0.49,4,5.53,97d77337-b89a-4b0a-a6cd-9e3c92a066b7,Iowa,Tablet,False
6cffcfee-5917-43b4-982b-dd83ded2c7f2,2024-05-21,Shipping Inquiry,Human Agent,6.99,Resolved,0.39,2,7.35,1c9bdae0-cd39-4c6f-a87b-e80d2ccbc748,Maryland,Desktop,False
20b199bd-401a-415d-a1e3-a7d22f698eec,2024-05-06,Billing Question,AI Chatbot,1.42,Resolved,0.65,5,3.73,90922c63-fbcb-4464-b208-d6a6a516c6ba,Oklahoma,Mobile,False
a2db644f-1502-44ae-a852-99b7a70e2e59,2024-01-24,Product Information,Human Agent,4.53,Resolved,0.47,3,6.51,d96172f3-0754-4756-8830-56ee1aa33efc,Tennessee,Tablet,False
ada01f39-a2da-4869-9015-5240b55bbbf7,2024-02-11,Account Update,Human Agent,5.7,Resolved,0.41,4,7.05,c433b016-e5ea-48f2-821a-a7a6da7625d6,Louisiana,Desktop,True
d676160e-7312-4182-9a06-f87376e88159,2024-01-19,Billing Question,AI Chatbot,2.89,Resolved,0.98,4,4.77,be9ec224-3997-42f2-8a1b-fbc2882f7ccd,Alabama,Desktop,False
4a6016a3-8147-4f6c-bf6a-78c5266978c1,2024-06-24,Product Information,Human Agent,2.09,Resolved,0.81,4,9.04,16925177-d13a-4568-8fa3-d6cdf313b62e,Colorado,Tablet,False
27442d69-d657-4d2d-8414-81d8d74591d0,2024-03-12,Shipping Inquiry,AI Chatbot,0.95,Resolved,0.56,3,5.27,26b2ae22-eb43-4732-b97e-b4d9c4e4a1ba,West Virginia,Desktop,False
300318df-9ff4-4c20-95d8-24909a9529d4,2024-01-05,Shipping Inquiry,Human Agent,9.23,Resolved,0.47,5,8.24,f547b835-5c5a-4b26-9071-550cacbc7cc2,Michigan,Tablet,False
665d619d-818d-4efa-9cc9-8ee630fd2c09,2024-02-09,Billing Question,Human Agent,7.32,Resolved,0.19,3,5.58,40075df4-b9a3-406a-832e-9912d82b731a,Connecticut,Tablet,False
33d764ab-bb69-4034-ac42-e7757c706a6a,2024-05-19,Billing Question,Human Agent,7.98,Resolved,0.89,3,9.95,f617e0c4-94fb-4b63-95e2-21609a3d6bcd,New York,Desktop,True
b4ce946f-cd1b-4ce0-8362-fc4c9e72fdef,2024-02-26,Billing Question,AI Chatbot,2.08,Resolved,0.29,2,4.17,a18014f2-c805-49b3-93f7-fcd9f79808e0,Delaware,Tablet,False
8d066b90-5bc8-4689-a1a4-3c7fda01f194,2024-05-19,Product Information,Human Agent,10.69,Pending,0.01,1,7.77,a0345e4c-74b2-4094-a5df-f144645571dd,Oregon,Desktop,False
544927b1-1af4-4c33-b5f4-cd1ba3221e99,2024-01-12,Technical Support,AI Chatbot,2.48,Resolved,0.05,5,0.12,4a3516d4-454f-4641-bf11-55cf5ddf0532,Idaho,Tablet,False
fc742766-636f-4937-bd44-ec46e14c3984,2024-06-25,Account Update,Human Agent,7.29,Resolved,-0.38,5,8.84,ccc514b1-610e-4960-bfdd-cdeae3aa5df8,Alaska,Desktop,False
0970d695-5214-4a26-a22d-0acd1baec8a5,2024-06-14,Password Reset,Human Agent,9.25,Resolved,-0.17,4,8.11,128b2082-1149-4ad2-9aec-ee0a13dc35a2,California,Mobile,False
b76290e1-6426-4e13-a85f-3307781973d3,2024-01-12,Technical Support,AI Chatbot,0.75,Escalated,0.67,2,2.9,9ba4a5bd-2746-4cf4-b29e-4122afe79098,Arizona,Tablet,False
224d45a1-a5d3-46dc-957d-a2eeaf733da9,2024-04-09,Technical Support,Human Agent,8.67,Resolved,-0.22,3,5.11,f819bdfb-f0d2-408b-a858-bdff3251c464,Wyoming,Desktop,False
3e128894-0a6f-4757-aa2d-6524f9822e6c,2024-04-19,Product Information,Human Agent,10.11,Resolved,0.55,3,7.09,b692ccee-a39f-4ac5-9068-25e6aed64024,Maine,Tablet,True
48f9923c-c86d-499c-aa4d-dd40fa861f89,2024-03-31,Password Reset,Human Agent,6.65,Escalated,1.0,2,6.68,eb6e2d3e-196b-423a-9b20-bbcc3e8b53e1,North Carolina,Tablet,False
0d693edd-b55e-4a85-821c-5c85ed0b9a2c,2024-04-11,Password Reset,Human Agent,5.3,Pending,-0.01,3,6.64,5f734def-993c-43e5-9aa6-edc1757c1937,Utah,Tablet,False
ff40338a-601f-44bb-a26c-a7e97b2280d5,2024-05-07,Password Reset,AI Chatbot,2.48,Escalated,0.09,4,3.22,3a9c4046-6d5b-47ab-bd10-1303f9e59ce0,Colorado,Tablet,True
1fd5cb90-ac38-4a5f-9982-3726d5f7d8a8,2024-06-08,Product Information,AI Chatbot,2.38,Resolved,-0.02,3,1.99,6cfabed5-4e0d-4d7d-8e72-9b85b3f776da,Louisiana,Tablet,False
445009af-f2c9-4f29-84e8-49de666e8336,2024-02-24,Account Update,AI Chatbot,1.65,Resolved,0.98,5,0.45,a0be73ca-ade2-400c-82c5-7c1f04d79884,Wisconsin,Mobile,False
1cd8d842-2f3a-471c-a646-25b0555eaeec,2024-06-19,Billing Question,AI Chatbot,0.71,Resolved,0.32,4,2.84,fb89fe90-e54a-4553-aaf3-fbb4ee564334,Wyoming,Tablet,False
2c08d29e-3d91-4be1-893e-08c84b462e0b,2024-06-10,Account Update,AI Chatbot,0.92,Resolved,0.04,3,4.3,c0b461cd-4185-445c-94b7-1f4ad8e3cd4d,North Carolina,Mobile,False
a0064ff4-649b-42c5-a79f-bcfa718d086b,2024-03-27,Product Information,AI Chatbot,2.17,Resolved,0.01,4,5.32,5998f2e9-98f3-4084-8c8b-d6c59d0cd038,Colorado,Tablet,False
532287dd-3e97-4b52-8ee8-7d239e261604,2024-05-08,Password Reset,Human Agent,6.3,Resolved,1.0,3,5.56,73419078-6827-4fff-94b4-cbbae804a0f3,Alaska,Desktop,False
e5fae70f-a05c-4014-83ae-29d3fb739629,2024-01-16,Billing Question,Human Agent,7.31,Resolved,0.02,3,8.29,34c97c30-95e2-4dd6-98ce-a0cc261494e3,Illinois,Desktop,True
bc99f999-10d8-4598-ba8f-25f3b5c6843b,2024-03-23,Account Update,AI Chatbot,1.82,Resolved,0.49,4,1.05,ff181428-9e22-411c-b153-8e4ec63b88ea,Minnesota,Mobile,False
9f600f1a-3582-42e5-a62d-5834376a0777,2024-01-11,Shipping Inquiry,AI Chatbot,1.75,Pending,0.41,3,3.29,fdc504cb-91d4-4878-9f70-b981b15454d0,Alabama,Desktop,False
53ebdfa8-a88d-4924-9787-c49b9ff5dba4,2024-05-11,Account Update,AI Chatbot,0.64,Resolved,-0.15,3,3.49,44e1f50b-78a1-4aa7-8449-3840b4176ef5,Vermont,Tablet,True
58faaeef-1b86-40fa-8898-a3601403bd17,2024-05-19,Shipping Inquiry,Human Agent,10.99,Resolved,0.39,4,7.03,d7a31289-581f-4469-be7d-33a678a665e0,Iowa,Mobile,True
5def18b8-8bcc-4be7-bb91-ed78d22a1867,2024-05-20,Shipping Inquiry,AI Chatbot,0.2,Escalated,0.13,3,2.18,9d6e71dd-48c4-4d2c-bf05-70077ab35400,Illinois,Desktop,False
14a87249-f23e-4c00-b9b8-2f1de428c9e1,2024-04-18,Password Reset,AI Chatbot,1.44,Escalated,0.49,3,3.22,deba58fc-4762-4aa5-a8cd-79000f9c9f3f,Wisconsin,Mobile,False
23fe5518-2cc4-490e-997d-4f3b2bc11e1a,2024-05-06,Technical Support,Human Agent,5.9,Resolved,-0.3,3,5.95,71623e97-3b0d-4f73-aea8-8cef0f517277,Pennsylvania,Desktop,False
c77fe7cb-ce05-4010-97d6-0455eadb1cd3,2024-04-20,Technical Support,Human Agent,11.54,Resolved,0.83,4,6.43,dd924355-06aa-4fef-844c-9f1ca8ad1302,Massachusetts,Desktop,False
25dad6a1-8292-4b70-b6b5-7e4fb33016a0,2024-05-26,Product Information,AI Chatbot,0.46,Escalated,0.26,2,1.28,d5d89897-a902-4fcd-8566-6820ba68d994,Texas,Mobile,False
45b1a247-f7d4-4790-a76b-0612703fa388,2024-06-15,Product Information,AI Chatbot,2.75,Resolved,0.42,3,-1.11,34543685-cd09-4be7-98a2-c8e13b3bd0c4,Alaska,Desktop,False
0f1c488e-868a-4764-baa2-7946b5fc323c,2024-06-14,Password Reset,Human Agent,11.34,Resolved,0.68,2,6.56,4236cead-7380-4e02-9e2c-6d2e359d099a,Minnesota,Tablet,False
68660fdd-6ac7-4a44-a2f5-085d314b6a08,2024-03-12,Billing Question,AI Chatbot,1.92,Resolved,0.22,4,2.66,1d0d032c-e5f9-4bfd-a48e-b85d8f552fe4,South Dakota,Mobile,False
1c7132c9-27f8-4370-9347-1184e456ab1e,2024-02-03,Technical Support,AI Chatbot,1.0,Resolved,0.66,4,5.33,dc8943b6-2119-4f6a-8947-61d1420ba1d5,Maryland,Tablet,False
5ec0dad5-c700-4072-a1ea-5f244b775c70,2024-01-06,Shipping Inquiry,AI Chatbot,1.04,Resolved,0.69,3,3.06,38e79402-e19c-4975-b3ca-665f3fa55b25,New Mexico,Mobile,False
f6458736-ded4-44e1-9227-50e651644bb0,2024-06-25,Product Information,Human Agent,7.48,Resolved,0.09,3,6.94,f945c420-2b75-441a-9947-bc2e45b06b99,Ohio,Tablet,False
caa7a9c7-d7bc-40d3-a8ca-cded08b2d2d5,2024-04-26,Shipping Inquiry,Human Agent,11.05,Escalated,0.05,4,3.98,62c3f607-0d38-44da-9005-a138aed671d8,North Dakota,Desktop,False
c20d44e4-541f-4ba8-9bf5-2d4d82f0565f,2024-03-02,Account Update,Human Agent,5.51,Pending,0.48,4,6.85,7992b689-93c9-4db7-a275-4d1c9c9c84d9,Maryland,Tablet,False
3a2fce85-878d-433c-b456-ad43c56a35c1,2024-06-23,Shipping Inquiry,Human Agent,5.62,Resolved,0.5,3,7.5,bfc7637d-bc7d-4262-b4a1-7b4d772917f9,Massachusetts,Desktop,True
5b5deca1-c9a8-4767-a18c-1bb05a8ab3cc,2024-05-11,Product Information,AI Chatbot,1.45,Resolved,0.01,4,1.21,95b7f785-2e0c-4799-be4a-ecf2426a547f,Wyoming,Tablet,False
cedb5334-9476-4b6e-9eca-93edf4a4b111,2024-04-01,Shipping Inquiry,AI Chatbot,2.03,Resolved,0.62,5,3.63,577119a2-a3c4-4474-827a-f81dffcc7905,California,Mobile,False
c0e943e2-ad2e-48a1-9905-ca110fdf0893,2024-04-14,Technical Support,Human Agent,7.82,Resolved,0.58,5,6.45,4a8bbb67-b77b-42ab-bd8a-e50cdf6ee1a3,Connecticut,Mobile,False
5e6e20eb-a323-41c7-baf4-de101ce83aec,2024-01-15,Billing Question,Human Agent,6.74,Resolved,0.76,4,6.61,be28d895-5714-4cdb-b78e-52348a75365a,Florida,Tablet,False
3a0a9143-6248-406b-bb7b-68b46e462a8d,2024-04-16,Billing Question,Human Agent,7.79,Resolved,0.52,3,5.52,bece18e1-a4c9-484f-97ed-34ae29c4b029,Alaska,Tablet,False
2ebf663f-adf3-45b1-ba05-0de076b3c6de,2024-06-10,Shipping Inquiry,Human Agent,4.63,Pending,0.07,2,3.68,71fcdc04-6d7b-4552-8bb2-30d8f0ff7063,New Jersey,Mobile,False
5b1e4dc9-e819-4033-b368-44a0f5a9b615,2024-05-30,Shipping Inquiry,Human Agent,6.39,Resolved,0.61,4,7.53,f7de3c0f-7924-4bc5-a704-67db8ce12dca,Indiana,Mobile,False
15c44a72-6a0b-4710-9989-83a2bce092aa,2024-02-22,Technical Support,AI Chatbot,1.71,Resolved,0.54,3,4.19,4fdcd6b7-f4c6-48cf-8481-683add57f4fe,Maine,Desktop,True
cde2cc36-6091-40ea-bf18-e2c9a1960e91,2024-03-23,Shipping Inquiry,Human Agent,5.8,Resolved,0.01,3,5.76,967a0af1-4107-47ef-beb4-61d5dcff591d,West Virginia,Mobile,False
f646d22b-9466-49da-b675-059b8854621a,2024-06-15,Account Update,AI Chatbot,1.57,Escalated,0.06,2,1.8,7fd5e3da-d520-4d04-a46f-a293ebc5ec12,Indiana,Tablet,False
916173ca-8797-4d84-9936-a80ae6055457,2024-05-07,Shipping Inquiry,AI Chatbot,0.95,Resolved,0.5,4,5.08,0011eb4c-68b5-4b5f-b1bf-aca2bd9eff70,Mississippi,Tablet,False
206c06e7-59a1-4bec-8684-8b458fe7fd0c,2024-06-07,Product Information,AI Chatbot,1.32,Resolved,0.74,5,2.09,4d59164c-0509-4ca2-ba0d-36278fb08e36,Nevada,Tablet,False
51638662-e36f-47ee-afe1-bc890a28d77f,2024-04-21,Password Reset,Human Agent,7.16,Resolved,-0.07,5,6.62,7818e52d-698d-4f4a-bd7b-3a8b33736605,New Mexico,Tablet,True
ade17f56-233f-4b02-993c-50f9acfb2e28,2024-05-07,Product Information,AI Chatbot,1.6,Escalated,0.2,1,2.08,59ab13a8-d134-46d6-8948-1b4363f44d66,Georgia,Desktop,False
dde6b5dd-10a7-4528-a9ab-5f63d2102d86,2024-02-01,Product Information,AI Chatbot,2.42,Escalated,0.45,3,2.94,341a0475-2d10-405e-ad55-e934658046db,Hawaii,Mobile,False
7a14814d-065d-429e-9c1f-b6c7c6e81ca8,2024-03-22,Account Update,AI Chatbot,2.25,Resolved,0.37,4,0.7,ee213756-84e8-4bc5-9ab7-2c20c1276db2,Iowa,Mobile,False
8215f3e1-5f52-423a-a2f5-3cfa2f364fef,2024-02-26,Password Reset,AI Chatbot,0.97,Resolved,0.59,3,3.11,48a784a4-c9be-4726-8eea-1cc8f3846fa7,Iowa,Tablet,True
e40d6359-9f49-48b9-a1c3-8c86e1d91b7a,2024-01-11,Product Information,AI Chatbot,1.41,Resolved,-0.03,3,5.36,5da091a8-2976-4051-9022-941778cae617,Texas,Desktop,False
b800cf00-9394-4e5f-ab69-421ef56636c3,2024-03-01,Shipping Inquiry,AI Chatbot,1.73,Resolved,-0.01,5,4.06,dab01365-4d17-40c5-ba60-5afef0ab6d63,Nevada,Tablet,False
f7b1c76f-a925-40ce-a3c4-597014820add,2024-03-16,Password Reset,AI Chatbot,2.48,Resolved,-0.07,3,1.78,901dbb45-4336-4cc1-8a3e-d45b28b3ebf6,Oklahoma,Desktop,False
c677d821-b71b-4bfb-b0bf-8d74ebe34da5,2024-03-23,Technical Support,Human Agent,12.14,Escalated,0.46,4,7.47,bdbf047e-f3df-40ba-8596-99e40dc7267f,New Mexico,Desktop,False
9729745a-fdce-4dbb-a8e2-8411053e31b1,2024-05-18,Shipping Inquiry,AI Chatbot,1.43,Escalated,0.4,2,4.88,abc4e3bc-c3bb-4f42-840f-dd087ff1c2cf,Wyoming,Desktop,False
4d7340dd-a6f4-46bd-8517-f0e25c362bf9,2024-06-06,Shipping Inquiry,AI Chatbot,3.17,Resolved,0.17,3,2.79,15949f9a-daf3-41ca-a5d8-806ac81232d1,Wisconsin,Mobile,True
189a1f08-35ab-45c3-9fff-3aa83309e054,2024-05-16,Technical Support,Human Agent,9.79,Resolved,0.49,4,7.93,69689a1f-6959-491e-8ddf-7ec31167abd2,Alaska,Desktop,False
94a09a0a-b1de-4749-ba4e-4afde5c2d196,2024-06-19,Product Information,AI Chatbot,2.12,Pending,-0.01,1,4.11,4bd336c0-dbd7-4b31-a67f-fb6ff461a4bc,Georgia,Desktop,False
a152b9a3-8f67-460e-82c9-c068dbebb398,2024-05-22,Product Information,AI Chatbot,1.81,Pending,-0.11,1,5.68,00b1cdda-0afc-417a-9836-1bc69c22c220,Minnesota,Desktop,False
3129ff88-d691-4a48-a4ca-ec3620264766,2024-04-01,Password Reset,AI Chatbot,1.24,Resolved,0.16,4,1.15,dcac2643-a6c5-4594-a422-6cff5f3a8984,Vermont,Desktop,False
63787f4f-4284-41e1-85b5-82b599a0be77,2024-02-05,Billing Question,Human Agent,6.66,Resolved,0.4,4,5.25,32143a15-86ea-47cd-8881-4197f117a5db,Washington,Tablet,False
0801f7d6-6be1-40e1-9214-f0551d500c0d,2024-04-16,Password Reset,Human Agent,10.59,Resolved,0.77,4,8.95,065d5716-fcbd-4320-b7d5-b00c59162ac4,South Carolina,Tablet,False
a51721a5-f891-4d05-9a09-88282c8024e6,2024-05-06,Billing Question,AI Chatbot,2.03,Pending,0.23,1,2.2,8ceef2e5-dd54-4937-8e97-5a07092f7491,Colorado,Mobile,False
686a9c2b-4482-483d-8c04-cae26590e28d,2024-06-07,Password Reset,Human Agent,13.53,Resolved,0.06,4,7.22,e9a79dc2-cc4f-4cb0-ab1a-8d16426cfd60,Nevada,Mobile,True
1b852de0-9b40-42a0-8145-da2f822aa39a,2024-06-07,Password Reset,Human Agent,2.83,Resolved,0.33,4,6.37,dfa9593d-d6f7-447a-b7df-950b46c8b658,Connecticut,Tablet,False
9b3d7ce6-b3c0-44d8-b0dc-f41a2239ed8b,2024-05-22,Technical Support,Human Agent,6.96,Resolved,-0.2,3,8.02,8e246dae-b3a3-483b-8077-adee38003083,Montana,Mobile,True
4a9550ce-8ba7-4aa8-ab30-3289085b31a7,2024-04-26,Password Reset,Human Agent,9.73,Resolved,0.92,3,5.02,34d4cbb0-00ff-481b-815c-a2690daec4ab,New Hampshire,Tablet,True
f0693c79-a101-4833-9c4d-ef354e9ee556,2024-06-01,Billing Question,AI Chatbot,2.01,Resolved,0.39,3,3.35,f699fbad-0d44-4f75-9ca3-052f93ecde8c,Mississippi,Mobile,True
ab56e6be-2056-4dcf-af01-731956756c99,2024-02-06,Password Reset,Human Agent,5.37,Resolved,0.9,5,7.05,2651b6bb-573b-4a5d-afc5-0b6c62c579da,Massachusetts,Mobile,True
9062211e-cce0-4da6-9c5d-d9154c1d03fe,2024-01-29,Product Information,AI Chatbot,1.78,Resolved,0.23,4,3.59,0b39a64f-7992-42d5-b052-d96a27d4ed99,Montana,Mobile,True
4ba4af38-2db0-4a7a-8752-5e996a88795f,2024-04-11,Password Reset,Human Agent,7.55,Resolved,0.29,3,9.3,993fd63d-8308-4d63-bdef-53c107d0ea47,Nevada,Desktop,False
c8486666-56fc-4ab7-bcf8-50a667bcc8a5,2024-03-05,Billing Question,AI Chatbot,0.36,Resolved,0.22,3,0.68,ca2e30f1-5fd4-44d4-a282-7dc9c9ce0739,Oregon,Mobile,False
d1984214-ffbd-410b-95a1-d16217422afe,2024-05-13,Shipping Inquiry,Human Agent,8.14,Resolved,0.86,2,7.72,99285dd2-6d86-4979-a5db-bb6b74e563b4,Nebraska,Tablet,False
88cf7490-4484-4d68-86c4-6eccbdff4699,2024-05-25,Password Reset,Human Agent,1.58,Resolved,0.31,5,4.9,6b7fdf28-b425-44eb-929f-f314a5bc946d,Nevada,Tablet,False
cf6a3151-609d-4044-afad-f67264ee8457,2024-03-14,Shipping Inquiry,Human Agent,13.6,Resolved,0.31,4,10.47,fe60bd25-4445-4f6e-9bab-d8a3384654e9,Oklahoma,Mobile,True
e22a4ef6-47ff-45ce-9b23-42df3cf5f917,2024-02-17,Product Information,Human Agent,6.98,Resolved,0.24,4,6.85,359707d7-23e4-4e32-928c-665b4a689e34,Arizona,Mobile,False
63c6cf3c-d6f5-4073-9a9c-f5d52fe793f1,2024-05-09,Product Information,Human Agent,11.96,Resolved,0.27,4,5.21,74881363-15a3-4432-93e6-54935e55fa29,Alabama,Mobile,False
68cedb41-1ed2-4fc8-99b2-ae56ed195fa1,2024-06-08,Password Reset,Human Agent,10.28,Resolved,0.99,3,6.81,f9f9df2d-0a27-4d54-a74f-3a8c77520f38,Tennessee,Tablet,False
262ed09f-8939-49d3-bc14-04a4c6d35b66,2024-01-03,Technical Support,Human Agent,11.25,Escalated,0.24,1,4.28,8ee55f3f-a843-4dcd-88f2-5e6de2221b64,New Jersey,Tablet,False
a7480592-84d8-401d-a031-09b89a838ee8,2024-02-07,Technical Support,Human Agent,5.42,Resolved,0.01,3,7.77,5d19dd43-81bd-4ff6-922c-4e2b8f57ef7d,Nebraska,Desktop,False
91d76c8d-848b-4015-9aba-8b16bc32be75,2024-01-01,Shipping Inquiry,AI Chatbot,0.2,Pending,0.44,2,1.65,783e4b10-4556-4af5-ae90-6512904c0528,California,Mobile,False
623871a6-3da3-4d8e-a58e-ebe6b564e73a,2024-03-21,Shipping Inquiry,Human Agent,7.48,Pending,0.35,1,4.63,f627a840-73db-4827-9f9a-5923166b5bb8,Montana,Mobile,True
bd0b05b9-0b10-4802-95f9-1e6223085a88,2024-01-29,Shipping Inquiry,Human Agent,5.48,Resolved,1.0,4,8.54,7468c47c-3446-4ba6-960a-576629391b31,Idaho,Tablet,False
75c296e5-5aa3-40d0-a44c-8c8232209681,2024-01-15,Account Update,Human Agent,4.27,Resolved,0.43,4,5.21,c1c82db6-819e-4472-9ab4-4cd5ba43227f,Georgia,Tablet,True
3c0b28c5-cd53-4379-ae7c-5a80e62549e2,2024-03-17,Shipping Inquiry,Human Agent,4.7,Resolved,0.52,3,6.74,2b6a5507-685a-4323-8bfa-a3ba72b3f1d4,Arkansas,Desktop,False
906b130d-57e0-4723-b7b7-99b2eb7b9164,2024-02-27,Account Update,AI Chatbot,0.2,Resolved,0.36,3,4.77,4cb9a898-b2d5-403f-83c2-0c05644c26e1,Rhode Island,Tablet,False
7a2d8e9a-ba3b-48ed-b24f-7fc4400ab863,2024-04-27,Account Update,AI Chatbot,1.69,Resolved,1.0,3,4.51,08ae80fe-1a05-4272-ab96-6e73c3b3d646,Kansas,Tablet,False
c73cc7c5-fdc7-4ff2-a76f-db74005d610f,2024-06-19,Technical Support,Human Agent,5.31,Resolved,0.9,4,7.76,d60db02d-40da-4be4-9651-2a9945faf2af,Hawaii,Tablet,False
bcb8cc9b-43af-4755-91b9-069d6d36542a,2024-01-06,Shipping Inquiry,Human Agent,3.8,Resolved,0.59,3,6.64,43c0d3af-b694-4ba1-9bb0-053ffa172aa3,Wyoming,Mobile,False
c8a7a5e2-8236-4dcd-8497-38f4dfe7b93f,2024-06-12,Product Information,Human Agent,12.24,Resolved,0.23,5,6.29,6db82c0c-8135-48f1-8107-1d017977d24e,Maine,Mobile,False
9caefb8e-b944-4e62-b014-c31b99f3d737,2024-02-03,Billing Question,Human Agent,4.05,Resolved,0.61,3,5.89,037d6ddc-7eb5-43a0-b83b-9386f38fea75,Oregon,Tablet,True
0da6055e-67ba-4a27-9a8f-dc8af1ce43c4,2024-06-26,Product Information,AI Chatbot,1.86,Resolved,0.69,4,5.96,9c2d4698-c42d-44bc-aba3-30431f49faa9,Hawaii,Mobile,False
a44dc478-df98-455c-b54d-18d9b58b511d,2024-04-04,Account Update,Human Agent,1.16,Resolved,0.1,5,5.34,ed691c94-d14f-4234-9cfb-e12792bba80d,Pennsylvania,Tablet,False
5c06b5d4-da6f-49f9-bc28-f5b7a6ec6f53,2024-04-15,Product Information,Human Agent,8.62,Resolved,0.41,3,8.5,184281a6-5ce3-49fb-8dc0-8af1f7630000,Arizona,Desktop,False
f6050761-ecd7-4f32-b7cf-56c9c10d3073,2024-04-22,Shipping Inquiry,Human Agent,7.95,Resolved,0.42,4,6.26,e47f3633-70b7-49af-8e99-3c4440421f73,Missouri,Desktop,False
d418d28d-06a2-470c-b658-eef97df285e6,2024-01-24,Password Reset,Human Agent,15.72,Resolved,0.12,4,7.6,96cfda53-d7e4-4263-8a02-5509e39a78fd,Utah,Desktop,False
96821d00-59f7-4d3f-b3dc-898798667aee,2024-02-09,Technical Support,AI Chatbot,2.14,Resolved,0.31,4,6.03,67a77b3b-be7f-467d-add7-f01ea0639edf,Virginia,Mobile,False
51548e58-a265-4e64-bb0e-53ba40b6e956,2024-03-14,Product Information,AI Chatbot,1.41,Escalated,0.06,3,2.33,b44bf91c-b6ef-4972-97ac-3aca45738e74,Tennessee,Desktop,False
99079765-6457-4244-9801-9201fae7eba4,2024-01-07,Product Information,AI Chatbot,1.15,Resolved,-0.05,3,3.46,966e3899-a347-4a56-9f62-b0ff654c58d6,Rhode Island,Desktop,False
800d46d2-5e0c-45ed-badc-96c4fc441200,2024-02-22,Technical Support,AI Chatbot,0.81,Pending,0.28,2,5.01,9cede672-bae5-4f8f-bb5d-f635cccdb015,California,Mobile,True
7115d2fc-1961-4ceb-9c12-b0463261373d,2024-02-16,Password Reset,AI Chatbot,1.84,Escalated,0.2,3,3.68,128719ca-5f92-4672-95d8-0a5fb857c8c1,New Hampshire,Mobile,False
4da5e859-65e7-4e9b-ac89-19e15a33cf0d,2024-06-03,Billing Question,Human Agent,9.48,Resolved,-0.07,4,7.36,71c4790a-84a8-403b-966e-5b9d2c8b5a67,Florida,Mobile,False
dd7065ac-a041-45fb-94b1-ca45fda70cbd,2024-02-11,Account Update,AI Chatbot,2.2,Resolved,0.53,5,0.63,4c06bba5-0f60-42c9-b55c-e3525ca31cc0,Virginia,Desktop,False
cef2f619-0b9b-4856-93eb-bbb7153dce7d,2024-03-15,Password Reset,AI Chatbot,1.3,Resolved,0.04,5,4.67,83b42859-3035-4e0f-b5d8-665fcd493aef,Washington,Desktop,False
ddafdba6-3048-4891-aea8-574382096ad0,2024-03-09,Billing Question,Human Agent,10.07,Resolved,0.48,2,4.9,9394959c-8856-4d45-9970-5034e89539bf,Mississippi,Mobile,False
828e7b4a-4366-4875-a035-8d6dda4dbc3a,2024-04-10,Account Update,Human Agent,9.92,Resolved,-0.01,3,6.78,013dfb0a-47af-4b4c-9c9a-8862bc5d062c,Wyoming,Tablet,False
13f3f180-e45e-4f5e-b261-e3de18ed11f6,2024-04-15,Password Reset,AI Chatbot,1.1,Resolved,0.15,4,3.14,52f76475-1c29-4896-9383-c388855415fb,Georgia,Mobile,False
b8b2b1f0-7ed3-47ce-967d-e674b357e748,2024-01-02,Billing Question,AI Chatbot,1.81,Escalated,-0.06,2,0.42,12ec0299-b0b8-417d-a8ac-bce5e8e5540a,West Virginia,Desktop,False
8b5eb403-dc47-411f-b184-0da712b15d9b,2024-03-04,Billing Question,AI Chatbot,1.09,Resolved,-0.43,4,2.14,f8bc8e97-497a-49a3-aa27-960c7547f6cf,Washington,Tablet,False
577274a6-73b3-46e0-8347-67d6d0965b69,2024-02-23,Technical Support,Human Agent,5.11,Resolved,0.95,4,7.79,522e091e-17b8-411d-86fa-8d438254977a,Kentucky,Mobile,False
9f59a8b7-b884-4696-bc15-6a0c7b57b9ef,2024-05-03,Shipping Inquiry,AI Chatbot,1.71,Resolved,0.56,4,3.95,578e29e0-aa23-47f8-afea-e55feac5cd2d,Texas,Desktop,False
98989778-d7a4-44d3-971e-d5415eed125f,2024-06-13,Account Update,AI Chatbot,1.67,Escalated,0.0,2,4.2,9d50e770-50eb-4ba8-8e36-50c900d87c9f,Wisconsin,Desktop,False
d1b8ccaf-5937-4aca-a6af-b155dffd9f59,2024-05-11,Shipping Inquiry,AI Chatbot,1.89,Escalated,0.52,3,-0.22,d282f4ed-9ce9-4d13-9426-c42c96b4c968,Oregon,Desktop,False
7f0024d9-c1a7-49ca-b698-bd2189fc4596,2024-01-12,Password Reset,AI Chatbot,1.98,Resolved,1.0,4,0.64,97b1e3f5-059a-451f-a337-163f20790439,Oregon,Mobile,False
1cea47cb-2c34-4192-9188-bfc70b9d579d,2024-03-29,Billing Question,Human Agent,3.56,Resolved,0.42,3,4.86,85246446-3313-41de-884c-b1e6d437f3fc,Massachusetts,Mobile,False
90d965b7-aef4-4261-9339-5384cc939cb1,2024-03-25,Shipping Inquiry,AI Chatbot,1.89,Resolved,0.48,4,2.94,256c4f35-abaf-4cd6-98c9-261c5a00aebd,Arkansas,Tablet,False
aaf4a4a9-ce2d-4813-aad6-11e3a921ce14,2024-03-29,Billing Question,AI Chatbot,0.93,Resolved,-0.15,3,3.26,7668d700-80d6-427b-8d6d-e5a2e7f83119,Massachusetts,Desktop,False
0b03d4fc-413e-474d-98fc-257a1298164f,2024-01-21,Technical Support,AI Chatbot,1.53,Resolved,0.57,4,4.02,ed097548-a850-4933-92a0-af3906436e53,South Dakota,Mobile,False
3dba66db-2b38-42d2-8436-144f68619bd1,2024-01-18,Technical Support,Human Agent,8.24,Escalated,0.69,4,5.25,28dc6017-a724-49f3-b2b1-7a579ff776d5,Vermont,Desktop,False
a1cfa87e-15b0-4f64-81ee-87416d6b172c,2024-02-21,Product Information,Human Agent,2.11,Resolved,0.51,4,9.04,80e76e02-87ee-49b1-8bc2-47e4bbd59967,Kansas,Mobile,False
7f7c4b84-96e2-41f1-b6c1-adecd5e1bc09,2024-06-25,Account Update,AI Chatbot,1.28,Resolved,0.35,4,1.85,b6ffa0b8-996c-44b5-945d-a0f7e871329e,Minnesota,Mobile,True
08389c47-33c1-406c-98b9-c49e9116996a,2024-03-14,Account Update,AI Chatbot,0.53,Resolved,0.47,4,5.51,978f614e-a7e6-466d-8d32-f5794f3bec60,Tennessee,Tablet,False
61f43372-d30e-4242-9ed3-c9bfb0decba5,2024-01-10,Shipping Inquiry,AI Chatbot,1.75,Escalated,0.18,2,0.79,885a3a8d-40ee-48ec-89f0-b7c227b29587,Iowa,Mobile,False
af16c598-ee75-41f3-b3a7-049c8a8ba9fe,2024-02-07,Billing Question,Human Agent,8.53,Resolved,0.18,3,9.49,5866cb2a-816c-4453-a44d-34cf6715aace,Rhode Island,Mobile,False
cdb6c16c-d5b3-49f1-85ed-a119e04295f9,2024-01-19,Shipping Inquiry,AI Chatbot,2.42,Escalated,0.49,1,1.73,634f03b1-dd45-4242-a567-ba273488c344,Maine,Tablet,False
1f1f6088-709a-43e1-8be2-ee05c01596dd,2024-05-17,Password Reset,Human Agent,9.68,Resolved,-0.36,5,7.01,8ace31f5-8d9a-4e0a-9fd7-d3f59772f675,Maryland,Desktop,False
9c29a590-fabb-454d-a25d-8ac9533d83f4,2024-03-05,Technical Support,AI Chatbot,1.84,Resolved,-0.05,5,3.9,7cf41e0d-1b90-45ab-83ce-b5afaae82c27,Indiana,Tablet,True
c90c0339-b3e4-4781-a907-84c4f16be20a,2024-05-10,Product Information,AI Chatbot,1.98,Resolved,0.42,3,3.26,c984031b-7d9a-418c-a336-97fadcae00b7,Washington,Desktop,False
eaf71896-15e6-4fb2-a1a2-c34cd36ade93,2024-01-10,Account Update,Human Agent,10.47,Resolved,0.77,3,8.54,e1ca26e4-d45b-40fe-a5e1-c426c35812ca,Alabama,Desktop,False
4b35924b-9ef5-434b-957f-140f496bfd48,2024-06-14,Shipping Inquiry,AI Chatbot,1.32,Resolved,0.57,4,4.13,453e12a4-1a50-4785-9924-f11730032b42,Mississippi,Mobile,False
0ffffb70-28d0-49df-be84-29b81c28f457,2024-04-17,Billing Question,Human Agent,5.06,Resolved,0.4,4,6.82,6925b01a-595b-4130-b009-1c71d5c68f11,Minnesota,Tablet,True
133bb626-19e9-4706-8acb-a432f4401277,2024-04-02,Billing Question,AI Chatbot,1.06,Resolved,0.19,4,3.46,21bad1f7-22c8-48c2-aa87-c0530eb1ca27,Montana,Tablet,False
63cc8762-7cb7-4fbd-88d9-0adf5ce32e78,2024-04-23,Password Reset,AI Chatbot,0.93,Resolved,0.07,3,-0.48,1989ed5e-2f96-4ec2-b540-930b23e57356,Arkansas,Mobile,False
2b3e5bdd-1c87-4528-bf5a-b0b511fdacde,2024-02-24,Shipping Inquiry,AI Chatbot,2.07,Resolved,-0.06,4,3.81,4751d3d0-8984-4e55-96d5-a054af0c0d83,South Carolina,Tablet,True
8d080c0d-9e6b-4983-9ab0-725a41475603,2024-05-05,Account Update,Human Agent,5.3,Resolved,0.19,3,9.12,5efe050a-5d8d-441e-b034-f419ba427fa4,Delaware,Tablet,True
708a9f6c-b6a3-4e01-b2cb-eea449c9be78,2024-04-06,Password Reset,Human Agent,7.48,Resolved,0.7,4,9.18,bb1c67de-6a75-40c8-84d0-ba6f16d6f0c1,Connecticut,Desktop,False
3173f5b8-965a-4f59-b55e-3be8795dff81,2024-02-05,Technical Support,AI Chatbot,1.18,Escalated,-0.04,3,4.68,5041df32-0bc5-4531-baf4-9e7a2ca1f90e,South Carolina,Tablet,False
1925c854-cc9c-4c33-9e2a-cbb0ed9ecc43,2024-02-15,Account Update,AI Chatbot,0.6,Pending,0.43,3,2.29,a3aca1f8-62f0-43c6-8c34-64c2baae47e4,Arkansas,Tablet,False
5329dd25-6c25-4664-8864-8de0bccf5cc0,2024-01-17,Shipping Inquiry,AI Chatbot,1.93,Resolved,0.36,4,3.06,43f4e756-3e2d-46db-b4cf-ef2b898816c7,South Carolina,Tablet,False
4e8d717e-0f1b-4987-82f7-18ee52cc4e2c,2024-05-08,Billing Question,AI Chatbot,0.85,Resolved,0.13,3,2.88,fcbc230d-6ea9-4589-95c5-d1c96b860882,Pennsylvania,Tablet,False
770b6f12-8540-44b3-8211-619f0695a49e,2024-03-27,Shipping Inquiry,Human Agent,8.3,Pending,1.0,4,6.95,95bb30d6-7ce3-4958-a94d-883719aeeb03,Hawaii,Desktop,False
95d920c4-c79b-4ee4-bed8-9a5f47e36279,2024-03-12,Account Update,AI Chatbot,1.4,Resolved,0.22,5,4.96,5b26a1e2-dfa4-43fa-be2d-19d5bd00a173,Delaware,Desktop,True
c014958e-9860-436b-9fd2-afc9b08d59eb,2024-02-09,Technical Support,AI Chatbot,0.95,Resolved,0.22,3,1.14,7985bd2d-b40f-4734-a58b-94bf08cae51c,Virginia,Mobile,False
cd391ee4-46a5-4d6b-86ad-9eae4b62a7cc,2024-04-16,Password Reset,Human Agent,4.74,Resolved,0.36,2,8.3,1da0fec3-1cb5-41a3-bcec-26866d6a17fd,Idaho,Tablet,False
ff42a2db-e4e1-4a0e-98da-c77963186a1b,2024-02-21,Password Reset,Human Agent,1.63,Resolved,0.23,5,7.62,e1e4ac0a-1f0d-4929-aab2-2376e80c03dc,Mississippi,Tablet,False
c356ad92-b9f2-495f-bab9-fe450e020261,2024-01-16,Password Reset,AI Chatbot,0.8,Pending,0.29,3,5.94,296abd96-4a78-43ec-b404-ff8873667094,New Mexico,Mobile,False
c152db40-9830-4a9c-a6e8-e5319c12e32d,2024-03-22,Technical Support,AI Chatbot,2.38,Resolved,0.01,4,1.58,a10c04db-c000-486b-a71f-cb565e8502dd,Nevada,Desktop,False
eea8544b-d546-43d2-962f-a4b7fc095f68,2024-01-04,Account Update,Human Agent,5.87,Escalated,0.28,4,4.4,fe6cae65-5b07-4b0e-b2eb-693b724e0a25,Missouri,Mobile,False
e71b01c5-6778-40da-bc95-ec2d0978ad24,2024-01-25,Product Information,AI Chatbot,2.68,Resolved,0.17,4,1.94,e5276e4d-230a-44b5-8d1e-23e5dde20e5b,South Dakota,Mobile,False
b3f9f187-a177-495b-acac-3f9beab30f3f,2024-05-31,Technical Support,AI Chatbot,0.83,Resolved,0.61,4,2.97,fafe8cc1-6503-4726-aafb-d82c1df339f0,North Carolina,Mobile,False
ab88f160-a08f-4868-8aaa-b4e3247a3b73,2024-04-11,Billing Question,Human Agent,8.5,Resolved,0.24,4,6.04,862abe75-a0cc-4d0a-91c9-514244beccfa,Maine,Mobile,False
3ec465fd-aa82-4d61-bd34-97ec61a6e448,2024-05-10,Billing Question,AI Chatbot,3.3,Pending,-0.37,1,3.81,76149f7f-ee25-46a7-969e-db061dad3793,North Dakota,Tablet,False
ae3fcbf5-c1bb-49c1-add0-c1e49d8db03b,2024-01-21,Password Reset,AI Chatbot,1.79,Resolved,0.61,4,5.67,a89ef809-d5a5-4d73-acb6-ea4cbee08b04,Mississippi,Desktop,False
ebaea9c8-34e8-4ab0-b008-f3438b524d5f,2024-06-01,Billing Question,AI Chatbot,0.73,Resolved,0.26,5,1.42,3c1b78a2-912f-44ca-9ea0-4911cbc016bf,Wyoming,Tablet,True
34372e8b-21ea-4a68-8e85-7f34f21f105d,2024-01-16,Password Reset,Human Agent,9.02,Resolved,0.68,4,4.69,e31af9b6-14c2-4ca1-83b3-8be9f4261335,Kansas,Desktop,False
7f995cda-a027-4910-8a0a-16354f4bd4e7,2024-05-19,Shipping Inquiry,Human Agent,4.43,Resolved,0.3,3,5.95,9a7f5ff5-d4de-4f21-a551-1d54cb5f5b6c,Kansas,Tablet,False
f286561a-4cec-4c9b-b1e9-1cb1d5de59ef,2024-04-29,Shipping Inquiry,Human Agent,10.97,Resolved,0.45,3,7.07,e2d3bf5f-9dcb-4f4e-aeef-773db85be400,Maryland,Desktop,False
72507baf-d984-4050-9468-3fb2277172de,2024-01-29,Account Update,AI Chatbot,1.08,Pending,0.13,1,2.01,b4724839-da7a-4f56-b640-edcec14ca5fc,Missouri,Tablet,True
17814ba5-4d01-4c84-8355-454109af2d1e,2024-04-27,Billing Question,AI Chatbot,1.39,Pending,0.46,2,2.62,c0a27830-ebf1-4046-b7e1-e1ae3319136d,Utah,Mobile,False
42557d45-6caa-4a65-87db-29e199f0f226,2024-02-29,Shipping Inquiry,Human Agent,13.31,Resolved,-0.19,4,8.13,c1fc20a0-6b8d-4dff-b625-266821aff44c,Minnesota,Desktop,False
6fa34758-cede-45df-b7b7-e26c61cdd0c3,2024-01-05,Product Information,Human Agent,11.61,Resolved,0.58,4,7.32,57c59395-a229-44af-a444-a3763c2e1715,Vermont,Tablet,False
af7f7244-71f5-432c-91b6-2071ee7073c2,2024-05-10,Account Update,AI Chatbot,1.86,Pending,0.39,4,2.3,bd2d43cf-2977-4b58-b0e7-98fbedc9e2e6,Hawaii,Tablet,False
a8983a73-7e57-4526-bc9d-7b4a41a670b0,2024-04-05,Password Reset,AI Chatbot,2.62,Escalated,-0.05,2,2.82,acce4d89-3f68-462a-a98c-5a22b237847c,Kentucky,Desktop,False
5433fa85-7834-4d0e-932c-eaf79443f34a,2024-03-03,Password Reset,AI Chatbot,1.85,Pending,0.44,3,4.97,68bf2348-9943-4c2c-aee5-cb4986da2700,Indiana,Tablet,False
3b894d0e-1d3e-4886-b26c-fc095b85f632,2024-03-06,Password Reset,Human Agent,8.74,Escalated,0.68,3,7.03,6d88141b-834d-4750-85e9-bd89960a00fb,Montana,Mobile,False
64ba2519-c8f6-4cc5-b705-cf870b199808,2024-05-29,Password Reset,Human Agent,0.5,Resolved,0.38,3,5.87,23d5c5d5-78f4-4273-80d8-b219ceb4a9b1,Arizona,Mobile,False
eaf9b7e9-a047-4710-8f10-97cc430480fc,2024-03-20,Product Information,AI Chatbot,2.21,Escalated,-0.05,3,1.67,17c3e5b2-25dc-4adb-bc22-e662d6203aa9,Texas,Tablet,True
295d6a60-d223-42ef-8e61-f572aff1a851,2024-05-25,Billing Question,AI Chatbot,0.42,Resolved,0.55,3,1.35,7174708b-64d5-421e-9104-3fcc9135a161,Missouri,Desktop,True
e11b3d04-b640-4b7d-a620-38794286f2a1,2024-04-30,Billing Question,Human Agent,7.37,Resolved,0.36,4,4.97,d897c7f6-ecc6-4427-8145-62ae5cb4ea5d,Connecticut,Tablet,False
817efa6c-05af-444e-98d0-ea7697e06dcf,2024-01-15,Shipping Inquiry,AI Chatbot,2.53,Resolved,0.09,3,4.93,c1b4c9ab-c9b7-402f-9532-ed621ea102d4,Maryland,Tablet,False
152d8e53-cbb1-4b79-9504-69a1158d8b49,2024-05-03,Shipping Inquiry,Human Agent,10.02,Resolved,0.73,4,9.51,d81b03aa-6224-44fa-b023-0bb13c36a70c,New York,Desktop,False
c92c6469-90dc-4657-8770-2c728a30b02d,2024-05-30,Password Reset,AI Chatbot,2.17,Resolved,0.82,2,4.6,8de77c46-9606-4f6d-84f8-eda18e819c42,Vermont,Mobile,False
17a3ee82-fdea-4165-af20-655433413f6e,2024-02-20,Password Reset,Human Agent,10.25,Resolved,0.39,3,6.79,55dba202-a82e-4f95-ab29-f228eb461e5f,Arkansas,Mobile,False
bb009d46-b7c6-4cb1-92cb-b0002330a5d5,2024-02-04,Product Information,AI Chatbot,2.44,Resolved,-0.26,3,3.98,d5833dd3-634c-439c-a50e-6dc22f66f390,Oregon,Mobile,False
10ba93a2-e919-4ea4-8c6b-43607f712837,2024-04-21,Product Information,Human Agent,5.7,Resolved,0.59,5,7.87,1823153c-d572-4ea5-ad00-419414d51446,Alaska,Mobile,False
b39841a3-6ad6-4e7f-a609-20a85540766c,2024-01-31,Technical Support,Human Agent,7.24,Escalated,0.49,1,7.15,2d70260a-1f1a-4ca8-8098-4a364f5a34cf,Arkansas,Tablet,True
1308171a-d85f-45eb-91ab-9febbe61339c,2024-06-13,Product Information,AI Chatbot,1.01,Resolved,-0.06,3,0.54,f7c3cfa0-090c-4241-b8db-398118e6fef6,West Virginia,Desktop,False
dc975ea2-2d52-426f-8ce0-244728288c64,2024-03-22,Password Reset,AI Chatbot,1.44,Resolved,-0.06,4,2.72,db33f95d-df45-4f4d-b89a-624c40d990d7,New Hampshire,Tablet,True
182657c9-d1d4-4df0-9464-1ecf126f0ab9,2024-03-07,Technical Support,AI Chatbot,1.02,Resolved,0.7,4,2.19,46375e9c-f714-43e5-900e-182077421fba,Arizona,Tablet,False
89fc84a0-1a1c-487b-bf73-cfbc05bacd1c,2024-06-26,Technical Support,Human Agent,2.99,Escalated,0.93,4,6.99,ca14a497-bdc8-4a0d-a68b-fa226d8658b7,Ohio,Mobile,False
c6949af9-0943-48a3-b8f0-bd27f27dd2d9,2024-01-30,Technical Support,Human Agent,10.47,Resolved,-0.18,2,10.64,777c3192-c43c-4b16-9446-9ec094790f13,Montana,Desktop,False
4aeb832d-1d9e-448a-a1d8-9ad255f93ad1,2024-02-20,Product Information,Human Agent,6.42,Resolved,0.27,2,7.16,efefe9c8-4886-48cc-ac1f-38dd8cbf32af,Massachusetts,Desktop,False
5bb815e7-d966-446f-8b64-bd7622f03fcb,2024-03-25,Account Update,Human Agent,5.9,Resolved,0.27,4,4.2,7405e28d-19bb-421c-a842-0c6bfce373c3,New Mexico,Desktop,False
e693e768-0d90-4838-9dfb-b91f9aa92d8b,2024-06-13,Technical Support,Human Agent,2.83,Resolved,0.47,2,10.66,7ee45b52-ecf7-4896-8ac4-e3ed0442d450,Montana,Desktop,False
b15af2dc-c4dc-4171-90c2-b980d67dff6c,2024-01-20,Billing Question,AI Chatbot,0.53,Pending,-0.28,1,5.39,f25374fa-eb0a-4563-a582-afdcf052ccbf,North Carolina,Desktop,True
199486bc-b689-4246-a0f0-deb78b49e033,2024-01-28,Password Reset,Human Agent,4.8,Escalated,0.18,3,8.85,fcc64b58-4f7e-4d8f-9e04-0c5a18d08698,Utah,Tablet,False
17985376-b921-4b2f-a586-bfa8a52b6afb,2024-05-22,Billing Question,AI Chatbot,0.58,Resolved,-0.1,4,3.06,72ef74ce-5d7e-40e6-bf0c-0c4e33d18a0e,Alaska,Tablet,False
7a981d91-bec4-4def-be25-6c610705da67,2024-02-15,Account Update,Human Agent,3.95,Resolved,0.39,4,5.8,0e9ba77b-3fe0-4498-9cdb-3e85b32574d8,Wisconsin,Tablet,False
52b9f082-9919-4cb4-8d48-17159004023e,2024-01-06,Account Update,AI Chatbot,0.86,Escalated,0.48,5,3.05,3362c55c-9a0a-42c6-95f8-a49b9ebc4800,Alaska,Mobile,False
44316e27-221d-49a9-92f1-3fd4988b6633,2024-01-02,Product Information,AI Chatbot,1.9,Resolved,0.46,4,2.03,a41d177e-7ffb-420d-9422-8e93d34946eb,Rhode Island,Desktop,False
b6651b57-a97d-4d9e-8bef-8ccf3d4cb40b,2024-02-07,Technical Support,AI Chatbot,0.63,Pending,0.63,2,3.36,aeb6fc8b-54c0-4b23-a789-ce05d829dbb6,Oregon,Desktop,False
15d2bdc2-c9ab-40ee-b3b1-3f632ba97ff6,2024-04-30,Technical Support,AI Chatbot,1.17,Resolved,-0.29,4,4.56,c77a0308-6ed2-4b4c-91d8-a8f9ac3e0b2f,Idaho,Mobile,False
8464877a-1366-47f5-bb92-4c6d2a6c432e,2024-01-13,Account Update,AI Chatbot,1.78,Escalated,0.42,2,2.98,524d82c9-f704-45aa-b216-10115853f490,New Mexico,Desktop,True
083edb7d-bdeb-4f93-bafe-a6b617a97971,2024-04-08,Technical Support,AI Chatbot,1.12,Escalated,0.58,2,4.06,d1d1cebb-c2c5-4362-9797-003b9f09c022,Wyoming,Mobile,False
93584825-a601-45a7-8ab0-33ba07d7cffc,2024-04-29,Account Update,Human Agent,12.34,Resolved,0.82,3,7.59,8c2b680e-70b1-4110-ae53-e72cb2590b8c,South Dakota,Tablet,False
7e01217d-a8b6-4686-8b1f-51d2b5a4ffca,2024-05-06,Technical Support,AI Chatbot,0.96,Resolved,0.46,4,3.03,01a89305-5fe2-46b9-ab00-7bffa55f2216,Maine,Tablet,False
528c794d-d45b-4095-9647-425f835a38ff,2024-05-23,Billing Question,Human Agent,5.03,Resolved,0.7,5,6.3,e736dbf2-d3fd-4da8-8160-b7320766b808,South Carolina,Mobile,False
53f42be9-796a-40a0-93da-d42e2b4e0514,2024-05-09,Product Information,AI Chatbot,1.58,Resolved,0.02,2,3.25,5da5abc5-d5ed-486c-bdd6-fa10b18ecd18,Rhode Island,Mobile,False
2e5d1dff-2677-4738-b6df-76edd3681b03,2024-02-14,Billing Question,Human Agent,0.5,Resolved,0.03,3,6.99,a3b05771-e548-435f-84fe-885b078add8b,Minnesota,Tablet,True
a560d9b1-c201-4150-ac5f-6543710e4fdf,2024-01-03,Product Information,Human Agent,7.62,Resolved,0.31,3,7.47,e478ab0f-5474-4698-8b72-2c1c883cc558,Virginia,Desktop,False
169d9aad-e797-4e80-aaab-db10d92091a5,2024-05-06,Technical Support,Human Agent,8.05,Resolved,0.91,3,8.39,9ddbc1d6-4119-4fe6-b718-28996dfc0961,Wisconsin,Tablet,False
2c4eb27a-a8fc-4cb9-a222-082fdb5ecc2e,2024-06-16,Account Update,Human Agent,3.49,Resolved,-0.01,3,5.44,5a6cff63-08e9-4ebb-945f-a8fc60db383f,California,Desktop,False
6a926d63-69ac-46e3-884d-83ddd2a3f5d8,2024-03-12,Product Information,AI Chatbot,1.75,Pending,0.44,4,2.41,0e060aa1-b2b4-4216-ace2-f9f3d0134b20,Colorado,Desktop,False
ee9cabe3-764d-43c7-a535-798db4dd3494,2024-02-10,Shipping Inquiry,AI Chatbot,0.71,Pending,0.16,2,1.58,28db055a-02c0-4890-8236-425c92df48be,Kentucky,Desktop,False
def84073-2722-44df-9e36-39425aeb00ca,2024-06-26,Product Information,Human Agent,9.11,Escalated,0.28,2,6.13,73723fb3-4044-4844-936e-549ed47f7f50,New York,Desktop,True
6189224c-74cb-4b30-84b6-28acf93ba83a,2024-03-10,Billing Question,AI Chatbot,1.08,Resolved,0.69,3,4.0,b2d3c551-8c50-44f2-b00d-007e00309984,Virginia,Mobile,True
851053f2-29a1-41fd-859a-7f8a12999e80,2024-03-16,Billing Question,Human Agent,3.8,Resolved,0.73,3,6.79,1feeba19-13db-42b8-8705-2402b50a33c8,Kansas,Tablet,True
e9b7814c-f3ec-4f75-8d1c-7944e10df89f,2024-05-01,Account Update,Human Agent,7.62,Escalated,0.88,3,10.29,2d761c94-54df-47d7-aea9-180f5fad15f5,South Dakota,Mobile,False
913bc647-fe4f-4da7-b9a2-3085fdfe120c,2024-05-13,Account Update,Human Agent,2.11,Resolved,0.57,4,8.84,29c6c342-c295-4283-a4c6-21dd67a06e43,Missouri,Mobile,True
cad273a5-ecec-469d-8b39-5d08afd822cd,2024-02-25,Billing Question,Human Agent,6.29,Resolved,0.6,4,6.73,f2faf2ec-112c-4c51-954f-d6d189630561,Montana,Desktop,False
93705868-2557-42c3-ad81-285dc7622d40,2024-05-19,Product Information,AI Chatbot,0.44,Resolved,0.1,4,5.63,51c9aa43-e2a1-4b1e-8769-94471bfb1949,Rhode Island,Mobile,False
2780d043-ecf1-4f54-b838-e18423e59802,2024-03-20,Technical Support,AI Chatbot,1.48,Resolved,0.37,5,4.26,8b27b817-070a-4720-91d7-da779c86a7c6,New Jersey,Tablet,False
b4799146-2303-4d41-b97a-4ced51b175d2,2024-05-13,Password Reset,Human Agent,9.27,Resolved,0.26,3,6.81,d6e783ef-3d7c-4a72-90a3-d27e0202119a,Wyoming,Tablet,False
17e7f6f9-40e3-4fec-8c40-f1bbd6353ba2,2024-04-04,Account Update,Human Agent,8.73,Escalated,0.42,2,4.01,1513bbf6-3bce-4e3d-a508-4ca40cabacc4,Idaho,Tablet,False
ae34c07b-cf3d-4a33-9471-a53bb69984e4,2024-02-28,Technical Support,AI Chatbot,1.09,Resolved,0.75,2,2.65,fe435658-c1b5-4b4c-8445-2327f9e60317,Wisconsin,Tablet,False
854ce1ad-4f56-43a6-bdce-7f2a5a0b3063,2024-01-26,Product Information,Human Agent,8.61,Resolved,0.76,4,7.38,912b549a-fa2f-4caf-8bea-d0c9597b6deb,Idaho,Tablet,False
49dab11d-9bd3-4c25-aed9-ad25feee8f30,2024-05-10,Account Update,AI Chatbot,2.55,Resolved,0.4,2,4.23,d92aeb60-4cdd-444f-88e3-cf0023bdcb88,Kansas,Tablet,True
7871fedd-a134-4200-8b4f-db315cefbfe3,2024-01-29,Password Reset,Human Agent,6.88,Resolved,0.09,4,3.68,6a8d3bc8-66a2-4e44-9722-1a716a7f65ed,Georgia,Tablet,False
80b552a8-f1c0-4efb-93e7-d8a2426ae44f,2024-06-24,Shipping Inquiry,Human Agent,9.17,Escalated,0.61,2,7.17,e5b8b5ae-fd2d-4547-b3e2-dfe23d179d97,Vermont,Mobile,False
b5339bae-65a1-4ccc-a14e-037fb826a1e7,2024-01-13,Password Reset,Human Agent,2.41,Escalated,0.95,3,7.51,205e40e6-9bf4-4668-85c6-5f9d50c772a1,Minnesota,Tablet,False
1d3328f0-ed59-4c76-afab-9ce7c3eb27a7,2024-06-01,Billing Question,AI Chatbot,0.78,Resolved,0.11,3,2.29,4029f9b2-9bff-43d8-8f12-ca9f826a6518,Colorado,Tablet,False
b3008d78-77f7-44fe-ab87-a60e8d7d759e,2024-02-11,Account Update,AI Chatbot,0.83,Pending,0.02,3,1.87,6be55daa-0f2e-44ff-a895-60f83ddf99a2,Maryland,Tablet,False
9a839782-1054-4dff-9472-5d6c4157a63d,2024-02-14,Technical Support,AI Chatbot,0.71,Pending,0.68,1,0.65,9a612183-6550-4503-9107-6e705d2e35bb,Maryland,Tablet,False
b5b624fa-dcb3-4f64-bca3-29454f8946bb,2024-02-18,Product Information,Human Agent,5.18,Resolved,0.55,5,7.08,85876577-1f63-4761-b907-60bed12f8ff7,Washington,Tablet,False
a004e729-4ea0-4a81-a6dc-55a4375687f7,2024-01-09,Shipping Inquiry,Human Agent,8.76,Resolved,0.2,4,4.43,fd98b1dd-5041-4418-9932-1f43cd4c6eeb,Maine,Mobile,False
cc457757-f34a-4a6b-9181-437b1aa99732,2024-06-22,Product Information,Human Agent,6.1,Escalated,0.41,2,7.04,5116badb-5491-46c2-83c9-a480a3674523,Iowa,Tablet,False
12e02796-7795-4efb-a930-4582998ef85a,2024-06-23,Account Update,AI Chatbot,0.49,Pending,0.37,1,4.31,31546160-0e09-49e5-acec-7ad8902b3825,Colorado,Desktop,False
34adf5ea-8be5-4e40-b9e7-fdd0de5c37e4,2024-06-21,Account Update,AI Chatbot,0.92,Resolved,0.32,4,3.62,549f28ea-baac-4ca4-8d3b-c77da5f7a971,Kansas,Tablet,False
6f5e7e1e-9482-48ae-8d39-b24bd7783381,2024-05-14,Technical Support,AI Chatbot,1.71,Resolved,0.59,3,2.87,c7a250ec-7971-416b-907b-3e40de233249,Arkansas,Mobile,True
ef813017-7392-4975-93d1-db83daa027a5,2024-05-28,Product Information,AI Chatbot,1.37,Pending,0.03,2,2.15,3655f739-854c-4438-81c2-7da7afc46214,Ohio,Tablet,False
0c24711e-8c6a-45fb-82f8-f522fdf7e276,2024-03-25,Password Reset,AI Chatbot,1.13,Resolved,0.19,4,2.66,961ac446-b490-4664-8798-036667436c08,North Carolina,Desktop,False
2561770c-2090-4ea5-888e-0f2fdcb75b16,2024-06-08,Account Update,Human Agent,4.82,Resolved,0.71,3,8.78,1c38a3e7-7155-4409-9168-144ae09bae3d,Tennessee,Tablet,False
78af8ee6-5798-4e2a-ba1a-adc41f60d6a4,2024-01-14,Password Reset,AI Chatbot,1.71,Escalated,0.54,4,3.47,afa65ee8-1dc4-4d8d-93f8-0fe5ad9f26d8,Utah,Tablet,False
a78a5553-a6e2-4be8-b10c-0558420a967a,2024-01-24,Technical Support,AI Chatbot,0.99,Resolved,0.26,3,2.54,122eba00-bcb8-439d-9065-d0645b35c2cc,Maine,Tablet,False
9f74867a-dc83-48d4-8187-7dafbfafca6b,2024-04-02,Billing Question,Human Agent,4.29,Escalated,0.37,2,7.28,155fc77e-1d49-4822-8e30-87fbcd6dd459,California,Mobile,True
9cbfa104-0aa1-4252-99a9-6dbad915bb4c,2024-04-30,Billing Question,Human Agent,5.31,Escalated,0.04,1,6.93,15887962-8869-4413-ad02-7b9e6253e40f,Arkansas,Mobile,False
a09f2111-dc11-4328-a372-973cbb9da967,2024-03-04,Password Reset,AI Chatbot,0.76,Resolved,0.08,4,2.55,36a3e3e1-1fd4-4242-af76-8ad4b9074557,Montana,Tablet,True
759c2a40-84b6-4197-921f-27a86baaba0a,2024-06-16,Product Information,AI Chatbot,1.46,Resolved,-0.17,4,3.96,c462c87c-aa13-4758-b4d6-510204bdf730,Alabama,Desktop,False
e2c99f6e-0b84-409f-a417-1548a8691209,2024-05-28,Account Update,Human Agent,2.88,Resolved,0.27,4,6.08,e5aaa166-5e2e-495e-ac39-eb059b581f90,Missouri,Tablet,True
77d5dcb5-2102-468d-8bcc-89048cf43b18,2024-05-07,Product Information,AI Chatbot,1.73,Resolved,-0.16,3,4.01,d2b30e41-2a6a-4d97-ab84-479bc517eafe,Alabama,Desktop,False
0da35b42-8199-4324-9122-d4d55ad884a1,2024-04-18,Billing Question,AI Chatbot,1.94,Escalated,0.28,2,4.34,28cedbd9-cd61-498b-9593-7d5ef7eaea95,Minnesota,Tablet,False
0a94a463-3325-4d50-b79f-6d87faae7bb8,2024-01-22,Technical Support,Human Agent,6.22,Resolved,0.03,3,5.37,addc3366-a463-4384-819c-a67026cfe3c9,New York,Mobile,False
785e1aa9-34cf-43ef-91e1-796511e44aa0,2024-03-11,Account Update,Human Agent,6.38,Resolved,0.54,5,9.04,f251a740-bbb4-404e-9efe-fb87c8fe262a,Minnesota,Mobile,False
efd5585b-2545-46a1-9bc8-7ae29f99ab33,2024-06-23,Account Update,AI Chatbot,1.42,Pending,0.47,1,5.73,215f7973-768a-430d-bb8c-78ae8151056c,Kansas,Tablet,False
0a33e8de-fc8e-4ce0-91e9-d85b2a1d2cb5,2024-01-19,Password Reset,AI Chatbot,0.88,Resolved,0.36,4,3.04,3858bf5b-84f8-4379-98e4-3ffd13554984,Tennessee,Mobile,True
61b227b1-31d1-4ff7-afeb-b6d421551b63,2024-05-17,Billing Question,Human Agent,10.44,Resolved,0.79,5,8.54,ee142ad5-20b4-4309-95e4-d083b84e65b4,Florida,Desktop,False
f692d028-597e-42e6-b200-ecfdf17d5ef0,2024-04-29,Account Update,AI Chatbot,1.72,Resolved,0.11,4,2.45,21e81aa4-296f-41f9-b57a-ba5fb6b655c0,Vermont,Mobile,False
0faf0573-de1a-4de5-bddd-bba17e2ad012,2024-04-12,Technical Support,Human Agent,11.73,Resolved,0.7,4,7.8,27e21e63-bda9-4fde-91ab-02bab2772357,Washington,Tablet,False
a62d53a6-ba50-4dee-b710-357b9171b40a,2024-03-05,Technical Support,Human Agent,8.02,Resolved,0.39,4,7.48,1d6137a0-bacb-42f3-841a-e68ce7feadfe,Mississippi,Tablet,False
8f71a39c-c73e-4bc6-a2d0-00b8484dd21d,2024-05-25,Product Information,AI Chatbot,1.62,Escalated,0.14,3,3.57,67b07b84-07d1-4e34-8651-49004ef44561,Vermont,Desktop,False
68154d1f-2b94-4e58-b303-a92769d2dd61,2024-06-11,Shipping Inquiry,Human Agent,14.38,Resolved,0.59,4,4.39,e6c2520d-1673-4be8-b5dc-787dbb3c4c47,Delaware,Tablet,False
6716cc49-b23c-494a-bbe0-daa991ef5f1f,2024-04-21,Technical Support,AI Chatbot,1.36,Resolved,0.45,5,2.69,c7a556e4-04a3-475b-86fe-cae26f2bde9a,Arizona,Tablet,True
09387142-f766-46c0-80e4-5fe4414165b0,2024-05-21,Technical Support,AI Chatbot,1.61,Escalated,-0.02,1,2.1,e5b53007-7e7a-4a16-a1ff-971a7c0b9dd4,Indiana,Tablet,False
3770183a-d8da-493d-a404-c3d9914cc25c,2024-05-12,Billing Question,AI Chatbot,0.3,Escalated,-0.13,3,2.69,30f3d55a-c319-4f96-b482-2d1010a06598,New Hampshire,Desktop,True
5a88dc9c-41c5-44e7-89cd-38ba9a07afe6,2024-03-09,Password Reset,Human Agent,7.85,Resolved,0.62,3,8.0,4c1a727c-a41e-44d4-a7bd-90800fd34c02,Louisiana,Mobile,True
e0120fa4-7122-4a71-b530-b241ce8ab39f,2024-02-22,Technical Support,AI Chatbot,2.01,Resolved,0.32,4,2.86,52b9357e-2b3d-4478-afdf-2214ea121744,Montana,Mobile,False
